tag,arm,season,model,split,model_seed,R2,RMSE,Bias,Bias_P90,RMSE_P90
full,add_grp__grupo2,DJF,HistGradientBoostingRegressor,val,42,0.49761260542593044,2.250361153666989,0.21786765015341078,-2.317878701983548,4.415196481957779
full,add_grp__grupo2,DJF,MLPRegressor,val,42,0.38972134437747086,2.480258494860841,0.1628595815270634,-2.119293849468231,4.612989533219353
full,add_grp__grupo2,DJF,RandomForestRegressor,val,42,0.51191059162034,2.2181072793132373,0.2559805084745755,-2.442183333333335,4.336370383166088
full,add_grp__grupo2,DJF,LGBMRegressor,val,42,0.5033168264210246,2.237549125423184,0.19082317714823338,-2.439033866258364,4.289030696765352
full,add_grp__grupo2,DJF,CatBoostRegressor,val,42,0.5052752225273502,2.2331334981456425,0.22739676471072803,-2.45582985328107,4.387296009004389
full,add_grp__grupo2,DJF,HistGradientBoostingRegressor,test,42,0.4107611585833365,2.49540008050494,-0.009234607565702357,-4.045174261226454,5.606256747942077
full,add_grp__grupo2,DJF,MLPRegressor,test,42,0.30340258782645324,2.713222623579764,-0.15683693666681495,-4.099414003555697,5.911560016769116
full,add_grp__grupo2,DJF,RandomForestRegressor,test,42,0.39206324729306197,2.534683285626555,0.03764779128372321,-4.245314868804665,5.803419960095613
full,add_grp__grupo2,DJF,LGBMRegressor,test,42,0.39589712612566585,2.526678309882101,-0.05073166867120586,-4.216476195961383,5.789929159446423
full,add_grp__grupo2,DJF,CatBoostRegressor,test,42,0.4106891357163468,2.4955525826516074,0.029051074633921797,-4.061560975916942,5.632716756860453
full,add_grp__grupo3,DJF,HistGradientBoostingRegressor,val,42,0.4896165145189132,2.2681990387461743,0.21914147507813858,-2.4064314357491394,4.430588660505265
full,add_grp__grupo3,DJF,MLPRegressor,val,42,0.39362640146558303,2.47231040860801,0.12866352255061522,-2.265613258679708,4.732586919706228
full,add_grp__grupo3,DJF,RandomForestRegressor,val,42,0.4868701496054947,2.2742934216579465,0.25464745762711777,-2.5068750000000013,4.431146532407461
full,add_grp__grupo3,DJF,LGBMRegressor,val,42,0.49592526775606605,2.2541370607076647,0.2129977909680226,-2.40041328563486,4.455277680123506
full,add_grp__grupo3,DJF,CatBoostRegressor,val,42,0.5192118817767829,2.2014545237602183,0.20244134309992334,-2.4770593271030874,4.382979887329164
full,add_grp__grupo3,DJF,HistGradientBoostingRegressor,test,42,0.39339898456816547,2.5318971958768497,0.03846379351980642,-4.095176605701052,5.627036497474177
full,add_grp__grupo3,DJF,MLPRegressor,test,42,0.3169170712234358,2.686774496469375,-0.020098434397914876,-3.933029897428463,5.680958165517312
full,add_grp__grupo3,DJF,RandomForestRegressor,test,42,0.3834820756366759,2.552509429287082,0.050743551734360584,-4.286443148688048,5.830020234601255
full,add_grp__grupo3,DJF,LGBMRegressor,test,42,0.3937277283229572,2.5312110297054713,0.022936954079850386,-4.0631901204000735,5.648312045661451
full,add_grp__grupo3,DJF,CatBoostRegressor,test,42,0.4116750232175592,2.493464241748243,0.05572894644549274,-4.064788578005656,5.575426664530878
full,add_grp__grupo4,DJF,HistGradientBoostingRegressor,val,42,0.46000571178302907,2.333068222326014,0.20691870049008174,-2.5087458727269483,4.546974637098296
full,add_grp__grupo4,DJF,MLPRegressor,val,42,0.5009152013633411,2.242952241561924,0.25035579956184,-1.7978934733072915,4.247395779752432
full,add_grp__grupo4,DJF,RandomForestRegressor,val,42,0.4894206314510574,2.26863425968958,0.24228559322033824,-2.4167750000000017,4.417508397464194
full,add_grp__grupo4,DJF,LGBMRegressor,val,42,0.468842180720335,2.3139003135478804,0.19641398764108944,-2.454543909705189,4.4995538242544635
full,add_grp__grupo4,DJF,CatBoostRegressor,val,42,0.48719306884582625,2.2735776879272627,0.19697622486936733,-2.5620131634166228,4.464363787819991
full,add_grp__grupo4,DJF,HistGradientBoostingRegressor,test,42,0.37685479685564416,2.5661918976617595,0.043575651098168106,-4.173461790847927,5.705136826400491
full,add_grp__grupo4,DJF,MLPRegressor,test,42,0.35922038724497973,2.6022489629005037,0.062373448266426025,-3.8203305819986864,5.694088028321769
full,add_grp__grupo4,DJF,RandomForestRegressor,test,42,0.37022715300929665,2.5798025472168877,0.04943522087162705,-4.3328513119533545,5.881224045558245
full,add_grp__grupo4,DJF,LGBMRegressor,test,42,0.3813528708668503,2.5569133003722357,0.055268542545470464,-4.077346790397806,5.6536596650799105
full,add_grp__grupo4,DJF,CatBoostRegressor,test,42,0.3897300244147571,2.53954260487021,0.06302965763808581,-4.119142451665031,5.66474062502239
full,base,DJF,HistGradientBoostingRegressor,val,42,0.4634626282400115,2.3255883549407046,0.21279242203861268,-2.5103285877398998,4.529378935806313
full,base,DJF,MLPRegressor,val,42,0.4883409612627514,2.2710316179011567,0.23830661838337533,-2.0553527005513508,4.415392468701907
full,base,DJF,RandomForestRegressor,val,42,0.4887492941171958,2.270125231183125,0.23432118644067712,-2.5027000000000026,4.479357812975725
full,base,DJF,LGBMRegressor,val,42,0.4713796874401235,2.3083665844715853,0.21441509039819287,-2.4457992482995374,4.525899875791992
full,base,DJF,CatBoostRegressor,val,42,0.4882782209670051,2.2711708520560405,0.20624695055366088,-2.5233858464900765,4.497759727532183
full,base,DJF,HistGradientBoostingRegressor,test,42,0.38555438729515723,2.548215922702711,0.05100108920013241,-4.150834371743463,5.656584579923411
full,base,DJF,MLPRegressor,test,42,0.35731213920317884,2.606120844028169,-0.013115408750659035,-4.14761798208031,5.842049113749766
full,base,DJF,RandomForestRegressor,test,42,0.365320777754255,2.5898322923311894,0.05724192113845186,-4.351868804664725,5.898167496462484
full,base,DJF,LGBMRegressor,test,42,0.38852178368154244,2.5420553137643163,0.05046660941436769,-4.153401395614971,5.667127304488221
full,base,DJF,CatBoostRegressor,test,42,0.3985946742958363,2.5210307102718894,0.037160328628857604,-4.136345650735218,5.661690493956581
full,ctrl__noise,DJF,HistGradientBoostingRegressor,val,42,0.46026977219666143,2.3324977104638753,0.20860970397115822,-2.5218844965988367,4.611776753863836
full,ctrl__noise,DJF,MLPRegressor,val,42,0.4968096540013637,2.2521587796609897,0.2230691518078548,-2.400865803547876,4.320235144820882
full,ctrl__noise,DJF,RandomForestRegressor,val,42,0.48584999463249046,2.2765530638538545,0.23365932203389744,-2.5118833333333357,4.492089467423076
full,ctrl__noise,DJF,LGBMRegressor,val,42,0.472685261162194,2.3055142481153,0.21083084670707053,-2.5519168423187937,4.500943141558897
full,ctrl__noise,DJF,CatBoostRegressor,val,42,0.49212043971053143,2.2626283416587447,0.2023600361467438,-2.5233462204665558,4.4666612819109615
full,ctrl__noise,DJF,HistGradientBoostingRegressor,test,42,0.3897010255603488,2.539602941241305,0.04534845450712982,-4.103430047314529,5.630738066649061
full,ctrl__noise,DJF,MLPRegressor,test,42,0.3601818345002027,2.600295979167232,-0.008319585252898023,-4.181218354315092,5.739720104116532
full,ctrl__noise,DJF,RandomForestRegressor,test,42,0.3683403354027228,2.5836642383505017,0.06222176104358079,-4.3343294460641415,5.869631559006406
full,ctrl__noise,DJF,LGBMRegressor,test,42,0.38594210807671425,2.5474118220984017,0.04088256344011591,-4.172758614185047,5.6565732455581506
full,ctrl__noise,DJF,CatBoostRegressor,test,42,0.39321119701445395,2.5322890695936024,0.061191985440602004,-4.14264201647078,5.642813343222173
full,ctrl__perm_static,DJF,HistGradientBoostingRegressor,val,42,0.48384317890076556,2.280991625659347,0.2139827263002553,-2.4383583771441266,4.4716639209200455
full,ctrl__perm_static,DJF,MLPRegressor,val,42,0.4956209345578345,2.2548174213610728,0.2687875495522709,-1.7912990061442058,4.201426852811045
full,ctrl__perm_static,DJF,RandomForestRegressor,val,42,0.49193551907146815,2.263040219427344,0.23632457627118558,-2.444575000000002,4.445924258051787
full,ctrl__perm_static,DJF,LGBMRegressor,val,42,0.4653220834973467,2.3215550099327835,0.21580839296130358,-2.448469542288737,4.518345492402842
full,ctrl__perm_static,DJF,CatBoostRegressor,val,42,0.4862901001814829,2.2755785057233004,0.21710771430885636,-2.545565128446317,4.467942982973691
full,ctrl__perm_static,DJF,HistGradientBoostingRegressor,test,42,0.37706935888534776,2.5657500626416203,0.03354397046032697,-4.168251525790349,5.7165786593489125
full,ctrl__perm_static,DJF,MLPRegressor,test,42,0.35192337242060046,2.6170238521050235,0.0660756169106251,-3.6806103297642303,5.713166800091463
full,ctrl__perm_static,DJF,RandomForestRegressor,test,42,0.3741341472459696,2.57178778848391,0.05510791580195612,-4.326536443148689,5.864016647982287
full,ctrl__perm_static,DJF,LGBMRegressor,test,42,0.3765696448446417,2.566778976790926,0.049998218141529834,-4.136879702799161,5.690287542720274
full,ctrl__perm_static,DJF,CatBoostRegressor,test,42,0.3884731915004569,2.5421563161834744,0.07823473534754637,-4.110977321790321,5.644761293480774
full,drop_grp__grupo1,DJF,HistGradientBoostingRegressor,val,42,0.45026063528229354,2.354026098510321,0.09331619454323105,-3.085833857204366,4.580946430054944
full,drop_grp__grupo1,DJF,MLPRegressor,val,42,0.32775775069028534,2.603129400055208,0.13375189934746695,-2.647229151725769,4.8912858531255115
full,drop_grp__grupo1,DJF,RandomForestRegressor,val,42,0.4514567829536079,2.3514637059009633,0.16496525423728756,-3.1677000000000013,4.488303202027837
full,drop_grp__grupo1,DJF,LGBMRegressor,val,42,0.4413085003429015,2.3731155615902386,0.13167597130469838,-3.078383333340605,4.5271335960811205
full,drop_grp__grupo1,DJF,CatBoostRegressor,val,42,0.49472210313890297,2.256825631813761,0.10671051734281921,-2.9881898743983775,4.334067838077795
full,drop_grp__grupo1,DJF,HistGradientBoostingRegressor,test,42,0.34380327174724457,2.6333678655211576,-0.04993967255663042,-4.390124664311566,5.853517665072653
full,drop_grp__grupo1,DJF,MLPRegressor,test,42,0.23050621614572187,2.8516555045991883,0.04082758613626574,-4.2893547506791165,5.924733494374324
full,drop_grp__grupo1,DJF,RandomForestRegressor,test,42,0.3484800570107919,2.6239669359910063,-0.0007942484435227282,-4.552119533527698,5.848240431846835
full,drop_grp__grupo1,DJF,LGBMRegressor,test,42,0.3456413111439516,2.629677182633641,-0.03929440746274939,-4.407788266540431,5.854397477642897
full,drop_grp__grupo1,DJF,CatBoostRegressor,test,42,0.3692845935237048,2.581732376538704,-0.04460976582734849,-4.347654043079478,5.767005457236941
full,drop_grp__grupo2,DJF,HistGradientBoostingRegressor,val,42,0.500693360134425,2.2434506779021057,0.1913755208609729,-2.3715370680448444,4.373645358596252
full,drop_grp__grupo2,DJF,MLPRegressor,val,42,0.430054232114779,2.3968983802222183,0.19056585263397735,-2.072862915992737,4.5323862098009995
full,drop_grp__grupo2,DJF,RandomForestRegressor,val,42,0.5043069726420937,2.235317716961665,0.2577703389830501,-2.4050666666666682,4.326532711074771
full,drop_grp__grupo2,DJF,LGBMRegressor,val,42,0.5011853235368624,2.2423451772533007,0.18433859947578,-2.504959547344922,4.381204816925806
full,drop_grp__grupo2,DJF,CatBoostRegressor,val,42,0.5044160179423303,2.235071834646392,0.21337131835009923,-2.4955957062133605,4.403630362410397
full,drop_grp__grupo2,DJF,HistGradientBoostingRegressor,test,42,0.38701286413712965,2.54518984368216,0.04466819399463213,-4.085803585193064,5.644377420381167
full,drop_grp__grupo2,DJF,MLPRegressor,test,42,0.2798353754762697,2.7587375962323994,0.13965092980469365,-3.762356969149398,5.761696169036333
full,drop_grp__grupo2,DJF,RandomForestRegressor,test,42,0.38433748166460624,2.550738037281653,0.060464868069966884,-4.262148688046648,5.830262581037702
full,drop_grp__grupo2,DJF,LGBMRegressor,test,42,0.3962425270092146,2.5259558818488106,0.023001487718638393,-4.130663266062462,5.65463359834523
full,drop_grp__grupo2,DJF,CatBoostRegressor,test,42,0.40448025988901515,2.508664488946055,0.05871004610359382,-3.9942544480622635,5.565848160177895
full,drop_grp__grupo3,DJF,HistGradientBoostingRegressor,val,42,0.4914450957494222,2.2641321871256954,0.21870505327695638,-2.3480309689793355,4.384371284366548
full,drop_grp__grupo3,DJF,MLPRegressor,val,42,0.4361987101501208,2.3839431134106333,0.007987953687118273,-2.3916635203361514,4.556958215032044
full,drop_grp__grupo3,DJF,RandomForestRegressor,val,42,0.5164031365002899,2.2078755649197013,0.25415254237288054,-2.4227083333333344,4.305320258122501
full,drop_grp__grupo3,DJF,LGBMRegressor,val,42,0.502473572119933,2.2394477429474215,0.23032562315952085,-2.2634520136481644,4.265345506498256
full,drop_grp__grupo3,DJF,CatBoostRegressor,val,42,0.5047844874156435,2.2342407859159397,0.22347480055133892,-2.442261183411561,4.30587200479534
full,drop_grp__grupo3,DJF,HistGradientBoostingRegressor,test,42,0.3926846409968343,2.5333875596249236,-0.0025851622231284604,-4.137905562016144,5.675718902247455
full,drop_grp__grupo3,DJF,MLPRegressor,test,42,0.27704842396123286,2.7640704351803453,-0.24748496278046922,-4.3035900325886365,6.121724995686058
full,drop_grp__grupo3,DJF,RandomForestRegressor,test,42,0.40230610914003795,2.513239690532794,0.05870085976875128,-4.1496472303207,5.728420325504754
full,drop_grp__grupo3,DJF,LGBMRegressor,test,42,0.39984511863826366,2.5184084779896074,-0.0447606148836899,-4.185044734778583,5.737860231778321
full,drop_grp__grupo3,DJF,CatBoostRegressor,test,42,0.41763694516240346,2.4807980339681217,0.0021859261482735635,-4.092029237134236,5.6306710038073575
full,drop_grp__grupo4,DJF,HistGradientBoostingRegressor,val,42,0.502679315312656,2.238984653203384,0.2169758685995799,-2.3081919240562336,4.406069943786881
full,drop_grp__grupo4,DJF,MLPRegressor,val,42,0.3602657437363018,2.539409024993505,0.09903576499324736,-2.2708985455830892,4.4766601579207865
full,drop_grp__grupo4,DJF,RandomForestRegressor,val,42,0.5185896627549871,2.2028785855584196,0.26279491525423654,-2.4242833333333347,4.24168859653794
full,drop_grp__grupo4,DJF,LGBMRegressor,val,42,0.5056828830139253,2.232213241121158,0.21001342581935808,-2.3544742464047634,4.331150890329644
full,drop_grp__grupo4,DJF,CatBoostRegressor,val,42,0.5145986380278258,2.2119909745892383,0.18968035670101174,-2.4819464077347457,4.358787829470194
full,drop_grp__grupo4,DJF,HistGradientBoostingRegressor,test,42,0.40209800459880585,2.5136771812641365,0.011730482049223435,-4.033703517477787,5.618572220909987
full,drop_grp__grupo4,DJF,MLPRegressor,test,42,0.2632414548919889,2.7903397897728457,-0.10993033563776183,-4.068392454430939,5.836458704253604
full,drop_grp__grupo4,DJF,RandomForestRegressor,test,42,0.3992364201034262,2.519685284278861,0.047241624666468376,-4.205638483965016,5.755845767691984
full,drop_grp__grupo4,DJF,LGBMRegressor,test,42,0.4053611425252722,2.5068084154747794,0.004112640934419205,-4.028445641868766,5.6269364874305685
full,drop_grp__grupo4,DJF,CatBoostRegressor,test,42,0.41959670841606345,2.476620335979221,0.020129150946327536,-4.093511101409154,5.61179047743593
full,full,DJF,HistGradientBoostingRegressor,val,42,0.5253969631544329,2.1872484213000636,0.18501001088292626,-2.2562981879374795,4.24919275973213
full,full,DJF,MLPRegressor,val,42,0.3247361068158825,2.6089732093053963,0.29333254911131773,-1.4688280948003132,4.548837956898951
full,full,DJF,RandomForestRegressor,val,42,0.5308206571953824,2.1747147327049743,0.262434745762711,-2.3829250000000015,4.212792337037277
full,full,DJF,LGBMRegressor,val,42,0.5051212654749445,2.233480943758725,0.21129958217904035,-2.4152334892547227,4.277136002097799
full,full,DJF,CatBoostRegressor,val,42,0.5201054150076232,2.199407897098427,0.23671474006401594,-2.3636503738624914,4.210493523866177
full,full,DJF,HistGradientBoostingRegressor,test,42,0.4065727620588835,2.5042532117896448,0.0007102115080078688,-4.036811680291998,5.604849911680274
full,full,DJF,MLPRegressor,test,42,0.21426863599164847,2.881585737356297,0.053063223038941114,-3.5208848791984355,5.92828946472163
full,full,DJF,RandomForestRegressor,test,42,0.40085126784358294,2.5162965584949455,0.06428135191224374,-4.158877551020409,5.719273463767298
full,full,DJF,LGBMRegressor,test,42,0.4036608552090657,2.5103897926314622,0.013428539404022116,-4.063485436779947,5.644448969619418
full,full,DJF,CatBoostRegressor,test,42,0.4157459018032186,2.484822580508974,0.030968692121260927,-4.037213069292565,5.578344384903036
full,add_grp__grupo2,JJA,BayesianRidge,val,42,0.7255905335762411,2.121967496100093,0.09799349720449384,-1.7737847843685663,3.425976222324299
full,add_grp__grupo2,JJA,LinearRegression,val,42,0.7247105760940393,2.125367062921813,0.11277493213085417,-1.7407041377849404,3.3911377173801824
full,add_grp__grupo2,JJA,SGDRegressor,val,42,0.712483756993812,2.1720527835199235,0.13048488024323496,-1.819306952435959,3.3975563479768462
full,add_grp__grupo2,JJA,LGBMRegressor,val,42,0.7475158466587404,2.035430347285181,0.0958516885849912,-2.053263641330313,3.4520618996908454
full,add_grp__grupo2,JJA,CatBoostRegressor,val,42,0.7677343523977938,1.9522331066399718,0.10402860147430998,-1.9278517580787204,3.256167476836406
full,add_grp__grupo2,JJA,BayesianRidge,test,42,0.668822456317206,2.2837373249458186,0.07335887529374854,-2.514673203624978,4.896701072121938
full,add_grp__grupo2,JJA,LinearRegression,test,42,0.6691616425382351,2.2825675435316772,0.08029859288496095,-2.4717914468616846,4.883609544485732
full,add_grp__grupo2,JJA,SGDRegressor,test,42,0.6621013300822156,2.3067947309641057,0.07786773723381224,-2.5732629018091484,4.872135109475931
full,add_grp__grupo2,JJA,LGBMRegressor,test,42,0.6973806572447361,2.183051853297575,0.07236644881720915,-2.6500625549165577,4.842127978659427
full,add_grp__grupo2,JJA,CatBoostRegressor,test,42,0.7010330613194025,2.169837906026991,-0.06374301274894889,-2.764051837389897,4.872578424785096
full,add_grp__grupo3,JJA,BayesianRidge,val,42,0.7381879742912152,2.072688214540997,0.07069601408317064,-1.893323435224928,3.454443448161759
full,add_grp__grupo3,JJA,LinearRegression,val,42,0.7364424746304784,2.0795860384501794,0.0811317986409825,-1.8628859528550155,3.4376417461296156
full,add_grp__grupo3,JJA,SGDRegressor,val,42,0.7297986114328,2.1056344177429525,0.0854753488815529,-1.907434272299219,3.4452749488103236
full,add_grp__grupo3,JJA,LGBMRegressor,val,42,0.7581600774758867,1.9920635088550342,0.060006344904085046,-2.0272558121311115,3.510493423692988
full,add_grp__grupo3,JJA,CatBoostRegressor,val,42,0.773762381066867,1.9267332545837719,0.0933755937842636,-1.928756684721376,3.319651547050793
full,add_grp__grupo3,JJA,BayesianRidge,test,42,0.6726598814023417,2.270467696837069,0.04706110374556241,-2.540419808863219,4.889795588502898
full,add_grp__grupo3,JJA,LinearRegression,test,42,0.6729514864224954,2.269456168984186,0.05070686056784471,-2.4935718071907327,4.878408885642222
full,add_grp__grupo3,JJA,SGDRegressor,test,42,0.6671925402733192,2.289350222793359,0.04718969880655939,-2.544257355912268,4.867549258421121
full,add_grp__grupo3,JJA,LGBMRegressor,test,42,0.6954483026741696,2.1900106244725155,-0.024996174642136784,-2.8200961440847703,4.9699292407889955
full,add_grp__grupo3,JJA,CatBoostRegressor,test,42,0.7042614209740234,2.1580907364299207,-0.04121353291132796,-2.7528149039440715,4.874746525614803
full,add_grp__grupo4,JJA,BayesianRidge,val,42,0.7549285097556931,2.0053287411703464,0.06094787458266292,-1.920221170648798,3.3485182150061172
full,add_grp__grupo4,JJA,LinearRegression,val,42,0.7533872997500664,2.011624432337693,0.09325266043198097,-1.864265902407534,3.317422498686529
full,add_grp__grupo4,JJA,SGDRegressor,val,42,0.7480569921410956,2.033247923668525,0.08096022924550711,-2.112930333172479,3.3756460722819934
full,add_grp__grupo4,JJA,LGBMRegressor,val,42,0.7650132157353886,1.963635620120742,0.010915801480076037,-2.077334387366792,3.4700621805301592
full,add_grp__grupo4,JJA,CatBoostRegressor,val,42,0.7708070978114567,1.9392766328025681,0.01318796291743157,-2.073765230750637,3.4750512313752644
full,add_grp__grupo4,JJA,BayesianRidge,test,42,0.6942396465125065,2.194352003685181,0.06428072988057017,-2.554976780201585,4.816157849531933
full,add_grp__grupo4,JJA,LinearRegression,test,42,0.693515856821165,2.196947681205622,0.0797123827301196,-2.5005893715520418,4.802874641622519
full,add_grp__grupo4,JJA,SGDRegressor,test,42,0.6855847306257442,2.225192175660004,0.08335010896257247,-2.7716240736902895,4.907392988323615
full,add_grp__grupo4,JJA,LGBMRegressor,test,42,0.7025103861193422,2.1644702135533382,-0.026347683968167224,-2.8016713601460257,4.87748160991215
full,add_grp__grupo4,JJA,CatBoostRegressor,test,42,0.7062334459178319,2.150883480772586,-0.051398768803762374,-2.774535799899406,4.8691365869783745
full,base,JJA,BayesianRidge,val,42,0.7388296890896251,2.0701465231939946,0.026806627832883807,-1.878564848341383,3.454634613852723
full,base,JJA,LinearRegression,val,42,0.7377059129916833,2.074595505215346,0.04616477271123244,-1.843798526557716,3.4299945504968306
full,base,JJA,SGDRegressor,val,42,0.733388484454414,2.091600005595622,0.04165335749904232,-1.994757512821978,3.5029154627222043
full,base,JJA,LGBMRegressor,val,42,0.7663029182925934,1.9582395926134493,0.020764966497023658,-2.0893054322785676,3.4870014563472704
full,base,JJA,CatBoostRegressor,val,42,0.7715512354502022,1.9361258764486224,0.02119756262266913,-2.054848227685565,3.4037312143354055
full,base,JJA,BayesianRidge,test,42,0.6726434954788503,2.2705245234255074,0.050013956098581815,-2.5082583889150483,4.892083298182758
full,base,JJA,LinearRegression,test,42,0.672886904641862,2.269680230980456,0.054908628326182436,-2.477446965044445,4.879895465701632
full,base,JJA,SGDRegressor,test,42,0.6700462541309573,2.279513881189885,0.06017754972040971,-2.6183320678413686,4.889139232654233
full,base,JJA,LGBMRegressor,test,42,0.7034499373951342,2.161049524421987,-0.024169263201349787,-2.7282897614326815,4.875412742933986
full,base,JJA,CatBoostRegressor,test,42,0.7088473627169176,2.1412928842543404,-0.0801548187259946,-2.8019965352699034,4.859630736910761
full,ctrl__noise,JJA,BayesianRidge,val,42,0.7388165813321899,2.070198471361321,0.02654349259943154,-1.8792038964278241,3.455325781135852
full,ctrl__noise,JJA,LinearRegression,val,42,0.7377107300182415,2.0745764551718575,0.04614412565906667,-1.8438156990688563,3.4299716062760846
full,ctrl__noise,JJA,SGDRegressor,val,42,0.7334190159571624,2.0914802404768014,0.04154622291665375,-1.9940007550168928,3.502595233462044
full,ctrl__noise,JJA,LGBMRegressor,val,42,0.7626234839143167,1.973595100183129,0.018259120360836933,-2.0118416141849873,3.542772822831412
full,ctrl__noise,JJA,CatBoostRegressor,val,42,0.7695257244711777,1.944690137816755,0.03839766572930808,-1.9920314431046533,3.408501045043747
full,ctrl__noise,JJA,BayesianRidge,test,42,0.6726203821918566,2.270604678177143,0.049919061631007615,-2.5090005728657157,4.8922904236991664
full,ctrl__noise,JJA,LinearRegression,test,42,0.6728846077243644,2.2696881995686273,0.05494264181020679,-2.4774226787782383,4.879893905505406
full,ctrl__noise,JJA,SGDRegressor,test,42,0.670061149526983,2.2794624275457807,0.06005849176341957,-2.617829329815953,4.888945754412215
full,ctrl__noise,JJA,LGBMRegressor,test,42,0.6968797826291991,2.1848577246229093,-0.01083424038923053,-2.7813477225554712,4.9155305222141
full,ctrl__noise,JJA,CatBoostRegressor,test,42,0.7063582791692156,2.1504264336634265,-0.05945416912777974,-2.819930695757112,4.8801062720164055
full,ctrl__perm_static,JJA,BayesianRidge,val,42,0.7547026848179559,2.0062524491127465,0.057480958785093225,-1.928175914180171,3.354262403792064
full,ctrl__perm_static,JJA,LinearRegression,val,42,0.753387366314869,2.0116241608525014,0.09325233754132434,-1.8642665510779026,3.317421539535972
full,ctrl__perm_static,JJA,SGDRegressor,val,42,0.74772314897807,2.0345945798275085,0.07718418301873717,-2.066800352597191,3.4239588238358616
full,ctrl__perm_static,JJA,LGBMRegressor,val,42,0.764661748833448,1.9651035644980384,0.034473002794118766,-2.0464463390261787,3.4617921305994543
full,ctrl__perm_static,JJA,CatBoostRegressor,val,42,0.7758992554707194,1.9176124126089282,0.026090797556013897,-1.9647763377236291,3.3578560216522657
full,ctrl__perm_static,JJA,BayesianRidge,test,42,0.6943133822287006,2.1940873979723046,0.061563378514561326,-2.5623858938299615,4.817955554162949
full,ctrl__perm_static,JJA,LinearRegression,test,42,0.6935157453049282,2.1969480808923936,0.07971306689388442,-2.5005900517664315,4.80287573064305
full,ctrl__perm_static,JJA,SGDRegressor,test,42,0.6924472903814439,2.200774211781503,0.08657950196181698,-2.653526895107461,4.7982743979202125
full,ctrl__perm_static,JJA,LGBMRegressor,test,42,0.7022639485395765,2.1653665412812066,-0.03391995911176442,-2.7266567176243464,4.885106352616202
full,ctrl__perm_static,JJA,CatBoostRegressor,test,42,0.7070144604830312,2.148022383540666,-0.07242883398703932,-2.7628772743799894,4.866748433924992
full,drop_grp__grupo1,JJA,BayesianRidge,val,42,0.6495159879090203,2.3981331271727435,0.046127477075963194,-2.8719459018191777,3.9262966732416453
full,drop_grp__grupo1,JJA,LinearRegression,val,42,0.6454142024905898,2.412125227140549,0.051334857323123394,-2.8677140794358813,3.931018161948045
full,drop_grp__grupo1,JJA,SGDRegressor,val,42,0.6259679827501328,2.4773853910660497,0.048803257008723774,-2.7701222060085158,3.8044667955498785
full,drop_grp__grupo1,JJA,LGBMRegressor,val,42,0.6795793570233768,2.292975562759274,0.05119140301429428,-2.619529348345178,3.6445847487315697
full,drop_grp__grupo1,JJA,CatBoostRegressor,val,42,0.6835038169517982,2.2788903054968803,0.059249535798084584,-2.554274551639838,3.5987214730255164
full,drop_grp__grupo1,JJA,BayesianRidge,test,42,0.5879670480073406,2.547309319554576,0.05753815083564082,-3.495522367988609,5.388944291936373
full,drop_grp__grupo1,JJA,LinearRegression,test,42,0.5859570604343213,2.5535149288884513,0.05028942002595997,-3.499113432749548,5.415357069221482
full,drop_grp__grupo1,JJA,SGDRegressor,test,42,0.5655398793461315,2.6157164815183167,0.04413947065785314,-3.4880895987814915,5.4634960174494465
full,drop_grp__grupo1,JJA,LGBMRegressor,test,42,0.6107323114199944,2.475938698236931,0.13293080616760444,-3.2061520637320533,5.2021422231159695
full,drop_grp__grupo1,JJA,CatBoostRegressor,test,42,0.6179574434994197,2.4528533348001584,0.11248337108586882,-3.1439753748717787,5.170685510467025
full,drop_grp__grupo2,JJA,BayesianRidge,val,42,0.7537494558270434,2.010146832702367,0.10070408089749797,-1.927609655019399,3.3520584539151974
full,drop_grp__grupo2,JJA,LinearRegression,val,42,0.750875802485313,2.02184165046393,0.12172334910982961,-1.8899587820242114,3.332470478608956
full,drop_grp__grupo2,JJA,SGDRegressor,val,42,0.7421425332100058,2.0569751183972174,0.11120522287797527,-2.0451597675049102,3.3483054314502665
full,drop_grp__grupo2,JJA,LGBMRegressor,val,42,0.7626850012545535,1.9733393499717853,0.07216091062167015,-1.9964660926935685,3.3936968734396618
full,drop_grp__grupo2,JJA,CatBoostRegressor,val,42,0.7689768424952479,1.9470044321202162,0.08630640023477665,-1.8787218579454819,3.2854937648743805
full,drop_grp__grupo2,JJA,BayesianRidge,test,42,0.694109938611549,2.194817392035961,0.060247878281551474,-2.589976612497819,4.822701732993545
full,drop_grp__grupo2,JJA,LinearRegression,test,42,0.6930123859104753,2.1987514374379273,0.07824422203515394,-2.5216952519045783,4.807200678013594
full,drop_grp__grupo2,JJA,SGDRegressor,test,42,0.6816037237453486,2.2392351334791822,0.07132680792960228,-2.727968844049689,4.908918223254553
full,drop_grp__grupo2,JJA,LGBMRegressor,test,42,0.693476578675208,2.1970884540140103,-0.002340951208734914,-2.7419897309070307,4.926419496267138
full,drop_grp__grupo2,JJA,CatBoostRegressor,test,42,0.7053503613485277,2.154113914399494,-0.07636146900865838,-2.7437400624984494,4.872142427851404
full,drop_grp__grupo3,JJA,BayesianRidge,val,42,0.7414091578231441,2.059898174793858,0.12669954229349564,-1.8225852657008812,3.310235002872468
full,drop_grp__grupo3,JJA,LinearRegression,val,42,0.7396846144823963,2.06675549542111,0.15088594614852918,-1.778050255990243,3.2758597090836656
full,drop_grp__grupo3,JJA,SGDRegressor,val,42,0.7263913004803845,2.118869128528908,0.1585107415971758,-1.9206940956031717,3.2740785198106632
full,drop_grp__grupo3,JJA,LGBMRegressor,val,42,0.7592967718375743,1.9873764531625195,0.08306578356247839,-2.029876558198144,3.367452581599905
full,drop_grp__grupo3,JJA,CatBoostRegressor,val,42,0.7684825433382166,1.949086232963567,0.10170149773469991,-1.947341050878793,3.2806791183155886
full,drop_grp__grupo3,JJA,BayesianRidge,test,42,0.6913677618181304,2.204633253501089,0.08361259836079549,-2.5619215423847823,4.8164547556459265
full,drop_grp__grupo3,JJA,LinearRegression,test,42,0.6903500665725278,2.208265081251201,0.10401198311626891,-2.4987106963605634,4.80530644633389
full,drop_grp__grupo3,JJA,SGDRegressor,test,42,0.6795581221061924,2.246416827673151,0.10036712440073291,-2.7133077985241427,4.880666853542144
full,drop_grp__grupo3,JJA,LGBMRegressor,test,42,0.6959961212700629,2.188040074725678,0.03253857599884086,-2.689210181679747,4.865527933333428
full,drop_grp__grupo3,JJA,CatBoostRegressor,test,42,0.7053673197134407,2.1540519242073026,-0.012949325111268383,-2.690851548466081,4.839875191315008
full,drop_grp__grupo4,JJA,BayesianRidge,val,42,0.7283162116160895,2.111402564586031,0.10791412030624967,-1.8062256615441121,3.4159462794063447
full,drop_grp__grupo4,JJA,LinearRegression,val,42,0.727014774416644,2.116453611197383,0.11411479381804769,-1.784479747806583,3.3854105811149133
full,drop_grp__grupo4,JJA,SGDRegressor,val,42,0.7101454832602463,2.1808671891680023,0.13635893354660647,-1.8830886084711123,3.39966993862726
full,drop_grp__grupo4,JJA,LGBMRegressor,val,42,0.7566198201965961,1.9983970793549681,0.07477765559957177,-2.040471548435989,3.4226955114217543
full,drop_grp__grupo4,JJA,CatBoostRegressor,val,42,0.7662019129835702,1.9586627284664375,0.11562571342811435,-1.9722688543027758,3.2236698521870477
full,drop_grp__grupo4,JJA,BayesianRidge,test,42,0.6696890088004551,2.2807475774178725,0.0467362997354323,-2.5601895530216976,4.9114452759595855
full,drop_grp__grupo4,JJA,LinearRegression,test,42,0.6699003654299729,2.2800177678278524,0.051584849443230774,-2.509725098788566,4.903030690173819
full,drop_grp__grupo4,JJA,SGDRegressor,test,42,0.6597179073015156,2.3149161091595514,0.04678704313286126,-2.6120233961141115,4.894187973706866
full,drop_grp__grupo4,JJA,LGBMRegressor,test,42,0.6916682840571189,2.2035596412840732,0.021324187502821584,-2.7589945008578334,4.921863792991856
full,drop_grp__grupo4,JJA,CatBoostRegressor,test,42,0.7012968224814273,2.168880533856202,-0.055803412177564495,-2.753946802400869,4.878739300422069
full,full,JJA,BayesianRidge,val,42,0.7447026774362424,2.0467382817141297,0.13373743334266455,-1.8391058346172708,3.3057574737953677
full,full,JJA,LinearRegression,val,42,0.7420450711511457,2.0573638178066727,0.15100741920153593,-1.8186021547059752,3.2764270941817797
full,full,JJA,SGDRegressor,val,42,0.7243941129134099,2.1265883361961166,0.15599243232710777,-1.9882296297612831,3.290271143866363
full,full,JJA,LGBMRegressor,val,42,0.750934515566376,2.02160338467326,0.11397680417508219,-1.845810159813533,3.257974645543572
full,full,JJA,CatBoostRegressor,val,42,0.7697782097111312,1.9436246390682108,0.07869209485028975,-1.9879937516223931,3.292667675944006
full,full,JJA,BayesianRidge,test,42,0.6919930936085703,2.202398674413151,0.05463278399589027,-2.6096084668931767,4.848343645288919
full,full,JJA,LinearRegression,test,42,0.6904264364932328,2.207992748835483,0.07587309066148094,-2.5433330832709493,4.838056925265405
full,full,JJA,SGDRegressor,test,42,0.6759464672803548,2.2590408786367226,0.06799213102830062,-2.783132014742642,4.93405787947205
full,full,JJA,LGBMRegressor,test,42,0.689965053071196,2.2096375145354528,0.011478751811287902,-2.700586706803507,4.901060770225329
full,full,JJA,CatBoostRegressor,test,42,0.7036593521280725,2.1602863555854017,-0.054852992902134884,-2.755429878033987,4.862487296849697
full,add_grp__grupo2,MAM,BaggingRegressor,val,42,0.6964088656577869,1.836169170371353,0.08596296296296292,-2.0538532110091743,3.1909541007972044
full,add_grp__grupo2,MAM,ExtraTreesRegressor,val,42,0.745199600881651,1.6821634823885225,0.09898888888888857,-1.9657798165137605,3.0002581998979765
full,add_grp__grupo2,MAM,MLPRegressor,val,42,0.7117697001033734,1.7891138001057576,0.09463471858589738,-1.7832603288353035,3.048746809646281
full,add_grp__grupo2,MAM,RandomForestRegressor,val,42,0.7290960759428975,1.73450596098823,0.1260805555555551,-1.9601467889908257,3.0605360116978018
full,add_grp__grupo2,MAM,CatBoostRegressor,val,42,0.7324695288664967,1.7236725919275087,0.10164955033787698,-1.8336687046839835,3.1006818701329144
full,add_grp__grupo2,MAM,BaggingRegressor,test,42,0.5949371563336125,2.236162652139985,-0.05545454545454549,-2.9374850299401194,4.7970284589449905
full,add_grp__grupo2,MAM,ExtraTreesRegressor,test,42,0.6387086311761558,2.1118884709238936,-0.04955511929930561,-2.8845568862275455,4.64748211980339
full,add_grp__grupo2,MAM,MLPRegressor,test,42,0.5867820482003419,2.2585607493438156,-0.040996665977632414,-2.574940948714753,4.67477797573259
full,add_grp__grupo2,MAM,RandomForestRegressor,test,42,0.6339247795517093,2.125824227879749,-0.04610963455149532,-2.8981886227544913,4.660988102625276
full,add_grp__grupo2,MAM,CatBoostRegressor,test,42,0.6331580097420815,2.1280494060590396,-0.0036373364335608653,-2.6409070065553433,4.610515342298721
full,add_grp__grupo3,MAM,BaggingRegressor,val,42,0.6966279772263206,1.8355064393482496,0.13438888888888886,-2.0219266055045875,3.2285329130492384
full,add_grp__grupo3,MAM,ExtraTreesRegressor,val,42,0.7471273953208404,1.6757878594858002,0.14254999999999968,-1.8863577981651365,2.9254709508733243
full,add_grp__grupo3,MAM,MLPRegressor,val,42,0.653191707131702,1.9625145518381117,0.13589256251299822,-2.2008383567180108,3.3294927507915375
full,add_grp__grupo3,MAM,RandomForestRegressor,val,42,0.7354171551309852,1.7141506578413046,0.15203148148148113,-1.965339449541284,3.036836517940544
full,add_grp__grupo3,MAM,CatBoostRegressor,val,42,0.7373257340553787,1.707956920798102,0.15106960147718457,-1.7682569963593155,3.0218387268656715
full,add_grp__grupo3,MAM,BaggingRegressor,test,42,0.6053542654348134,2.207221372097159,-0.01897009966777413,-2.9266467065868262,4.805819887430153
full,add_grp__grupo3,MAM,ExtraTreesRegressor,test,42,0.6434603083898793,2.097954805603442,0.02961914829356664,-2.8223562874251495,4.661698333257892
full,add_grp__grupo3,MAM,MLPRegressor,test,42,0.5778078152707913,2.282954631441752,0.09320662709313624,-2.647245498760018,4.55001080307989
full,add_grp__grupo3,MAM,RandomForestRegressor,test,42,0.6372349518299427,2.1161912020334737,-0.006861673210510659,-2.8206796407185624,4.665077093085508
full,add_grp__grupo3,MAM,CatBoostRegressor,test,42,0.6411316303950576,2.1047948715358458,0.03569965759367568,-2.5966694996065907,4.595154712788398
full,add_grp__grupo4,MAM,BaggingRegressor,val,42,0.7012082761168603,1.82159753858875,0.14677777777777776,-1.899449541284404,3.0642990128848346
full,add_grp__grupo4,MAM,ExtraTreesRegressor,val,42,0.7462000077747921,1.6788579479096077,0.15181111111111095,-1.8040642201834858,2.954118426688253
full,add_grp__grupo4,MAM,MLPRegressor,val,42,0.7158474643455597,1.7764128936136028,0.19076213924973098,-1.6927087906303757,3.111875349881909
full,add_grp__grupo4,MAM,RandomForestRegressor,val,42,0.737683839211354,1.7067922905696953,0.15253055555555517,-1.845385321100917,2.9302203959441924
full,add_grp__grupo4,MAM,CatBoostRegressor,val,42,0.7433358780053473,1.6883043177109234,0.14430737500831145,-1.671944737698398,2.939221066353036
full,add_grp__grupo4,MAM,BaggingRegressor,test,42,0.6090392080448852,2.1968924127114864,-0.01374207188160679,-2.7349401197604792,4.798713805971009
full,add_grp__grupo4,MAM,ExtraTreesRegressor,test,42,0.6392881354496125,2.1101940773529435,0.03726819691935948,-2.7415898203592817,4.646726277585371
full,add_grp__grupo4,MAM,MLPRegressor,test,42,0.6237322248114374,2.15521548540867,0.03408928584274803,-2.616682693915453,4.602391739588154
full,add_grp__grupo4,MAM,RandomForestRegressor,test,42,0.6402571028170816,2.107357901992804,0.01291150709755336,-2.7345239520958087,4.627936870102346
full,add_grp__grupo4,MAM,CatBoostRegressor,test,42,0.6380420497163655,2.113835786993379,0.060637205962077945,-2.5953069872391827,4.595251209060768
full,base,MAM,BaggingRegressor,val,42,0.7008088560711154,1.8228146733371808,0.18620370370370362,-1.9135779816513763,3.0375605857211485
full,base,MAM,ExtraTreesRegressor,val,42,0.7507997413111805,1.6635750305914692,0.13283796296296274,-1.8881376146788993,2.955207130386336
full,base,MAM,MLPRegressor,val,42,0.7155063786190639,1.7774787425643492,0.28987932536337113,-1.3862387595920387,2.8821075789199067
full,base,MAM,RandomForestRegressor,val,42,0.734631975411832,1.7166922422582416,0.1519175925925922,-1.9060733944954127,2.990215800257582
full,base,MAM,CatBoostRegressor,val,42,0.7402545268098283,1.6984084525188852,0.1406068876419817,-1.6574146881364817,2.9858513923127057
full,base,MAM,BaggingRegressor,test,42,0.6069155960408983,2.2028508477527207,0.0012866203563877269,-2.7986526946107784,4.76670014155715
full,base,MAM,ExtraTreesRegressor,test,42,0.6390039929154216,2.11102504234007,0.0262715191784957,-2.8158922155688626,4.684028419377165
full,base,MAM,MLPRegressor,test,42,0.6215020010218093,2.1615932723534232,0.13714207262115802,-2.384602654051638,4.497161838621247
full,base,MAM,RandomForestRegressor,test,42,0.6383010138733582,2.1130794758688003,-0.0060552703110845155,-2.801176646706587,4.650086140146056
full,base,MAM,CatBoostRegressor,test,42,0.6380678284825909,2.1137605116073575,0.05021288892285801,-2.6611571284844833,4.605149094753446
full,ctrl__noise,MAM,BaggingRegressor,val,42,0.6926197696366374,1.8475921768214574,0.16057407407407404,-1.9770642201834863,3.22948599881061
full,ctrl__noise,MAM,ExtraTreesRegressor,val,42,0.7462457167991855,1.678706761115477,0.12957314814814785,-1.868155963302752,2.9398108018133953
full,ctrl__noise,MAM,MLPRegressor,val,42,0.7088878840964059,1.7980356123723362,0.19996438572961128,-1.6110557039928008,3.0520565054456124
full,ctrl__noise,MAM,RandomForestRegressor,val,42,0.7349451539612846,1.715678951556734,0.15174629629629585,-1.9045412844036698,2.9906756393525056
full,ctrl__noise,MAM,CatBoostRegressor,val,42,0.7349265197687824,1.7157392593202963,0.13459653462779425,-1.761081688537717,3.055716485784005
full,ctrl__noise,MAM,BaggingRegressor,test,42,0.6048171640658342,2.2087228434583497,0.025472666868015647,-2.761586826347305,4.784232992794281
full,ctrl__noise,MAM,ExtraTreesRegressor,test,42,0.6401077735265308,2.107795238786243,0.03991815161582576,-2.795083832335329,4.651672989881213
full,ctrl__noise,MAM,MLPRegressor,test,42,0.6140225223831972,2.182846355041993,0.04252956912863777,-2.567866710452611,4.602802558372424
full,ctrl__noise,MAM,RandomForestRegressor,test,42,0.6384434643822223,2.1126633302599513,-0.0026260948353975023,-2.798152694610778,4.659459398174163
full,ctrl__noise,MAM,CatBoostRegressor,test,42,0.6377038906921662,2.114822981460437,0.051922699730689345,-2.635408094088193,4.619841060547401
full,ctrl__perm_static,MAM,BaggingRegressor,val,42,0.6907471494580735,1.8532115767359507,0.16359259259259254,-1.896880733944954,3.1024902693738836
full,ctrl__perm_static,MAM,ExtraTreesRegressor,val,42,0.7470550088793477,1.676027694955921,0.14092129629629588,-1.8595871559633024,2.9168478446130597
full,ctrl__perm_static,MAM,MLPRegressor,val,42,0.7137924106625847,1.782825025539828,0.10230526217707883,-1.5391048059550994,3.1925146288679516
full,ctrl__perm_static,MAM,RandomForestRegressor,val,42,0.7338789669071426,1.719126160453489,0.15780185185185144,-1.8649266055045872,2.95726369153723
full,ctrl__perm_static,MAM,CatBoostRegressor,val,42,0.7427687796547657,1.6901684394040815,0.13473057057144272,-1.6972943376550298,2.938774024604211
full,ctrl__perm_static,MAM,BaggingRegressor,test,42,0.6179877381992023,2.171605023509914,0.004216248867411609,-2.616467065868264,4.670929333475658
full,ctrl__perm_static,MAM,ExtraTreesRegressor,test,42,0.6419419637042931,2.1024171901354944,0.024881606765327424,-2.7610329341317366,4.635594158314423
full,ctrl__perm_static,MAM,MLPRegressor,test,42,0.6218883031845841,2.1604899094181453,-0.11112835994122504,-2.5631604168943305,4.621551415065361
full,ctrl__perm_static,MAM,RandomForestRegressor,test,42,0.6412661587869916,2.1044003240710807,0.01947840531561436,-2.7205119760479044,4.591720776095683
full,ctrl__perm_static,MAM,CatBoostRegressor,test,42,0.6367375783846503,2.117641420002295,0.05977597882045132,-2.629675703342701,4.612305815620882
full,drop_grp__grupo1,MAM,BaggingRegressor,val,42,0.5648151016278085,2.1983916048211585,0.1263055555555556,-2.6123853211009167,3.801677925057771
full,drop_grp__grupo1,MAM,ExtraTreesRegressor,val,42,0.630196615476494,2.0265325773441285,0.05431851851851819,-2.6453761467889914,3.7187365295415575
full,drop_grp__grupo1,MAM,MLPRegressor,val,42,0.6147894023521859,2.0683177647039237,0.00856535059434397,-2.4770049270139918,3.511263434317545
full,drop_grp__grupo1,MAM,RandomForestRegressor,val,42,0.6162269388966919,2.0644548628041144,0.09557870370370325,-2.6393486238532113,3.7325969843671074
full,drop_grp__grupo1,MAM,CatBoostRegressor,val,42,0.6365465465744631,2.009058342250877,0.028429070961956505,-2.4917618146506273,3.5947351155619924
full,drop_grp__grupo1,MAM,BaggingRegressor,test,42,0.5150406138476631,2.44677971166484,-0.03633947447900942,-3.3834431137724557,5.010532051302111
full,drop_grp__grupo1,MAM,ExtraTreesRegressor,test,42,0.5601142243430495,2.3303016646743773,-0.08223014195107255,-3.43882634730539,4.907695777481667
full,drop_grp__grupo1,MAM,MLPRegressor,test,42,0.4976656294094448,2.4902252549403525,-0.04763954462727116,-3.2987956161270597,5.019064172976365
full,drop_grp__grupo1,MAM,RandomForestRegressor,test,42,0.5551196834750605,2.3434936528732235,-0.05455179704016934,-3.4080688622754494,4.867536700420462
full,drop_grp__grupo1,MAM,CatBoostRegressor,test,42,0.5704330138860816,2.302807495897102,-0.06144265149494354,-3.2954756205216413,4.840313543782703
full,drop_grp__grupo2,MAM,BaggingRegressor,val,42,0.7037569905531258,1.8138117220271137,0.13292592592592592,-1.9606422018348622,3.1751146768280942
full,drop_grp__grupo2,MAM,ExtraTreesRegressor,val,42,0.7515942323548629,1.6609210393856997,0.14514166666666645,-1.846935779816513,2.889126791035467
full,drop_grp__grupo2,MAM,MLPRegressor,val,42,0.6827241844387508,1.8770966445596426,0.28848194700700264,-1.0096553277531897,3.033412807144302
full,drop_grp__grupo2,MAM,RandomForestRegressor,val,42,0.7408694211816242,1.6963969437430437,0.15149814814814788,-1.8987889908256874,2.972110771887039
full,drop_grp__grupo2,MAM,CatBoostRegressor,val,42,0.7430165831205375,1.6893541321149907,0.14444027441197624,-1.7192343001362491,2.971095329562613
full,drop_grp__grupo2,MAM,BaggingRegressor,test,42,0.6183384163419993,2.170608053856622,-0.003814557535487827,-2.752694610778443,4.736083743089525
full,drop_grp__grupo2,MAM,ExtraTreesRegressor,test,42,0.6470319660204682,2.087420162633043,0.020302325581395154,-2.745449101796407,4.632956931393138
full,drop_grp__grupo2,MAM,MLPRegressor,test,42,0.5730368801902359,2.295817530025924,0.0715844219597183,-1.9826733355036756,4.637554975746281
full,drop_grp__grupo2,MAM,RandomForestRegressor,test,42,0.6434557640454446,2.0979681755017885,-0.0015176683781337108,-2.7421107784431142,4.612492868079455
full,drop_grp__grupo2,MAM,CatBoostRegressor,test,42,0.642640247893546,2.1003661243904657,0.041632071083417564,-2.510512386214362,4.558585452197506
full,drop_grp__grupo3,MAM,BaggingRegressor,val,42,0.7057889501984419,1.8075804628368912,0.06806481481481479,-2.0510091743119268,3.1102028017301233
full,drop_grp__grupo3,MAM,ExtraTreesRegressor,val,42,0.746157785108937,1.6789975911570303,0.10057592592592554,-1.9170825688073392,3.0075011328709724
full,drop_grp__grupo3,MAM,MLPRegressor,val,42,0.6904901362363384,1.8539814984320313,-0.09616871299567047,-2.117464582635722,3.3881361616364796
full,drop_grp__grupo3,MAM,RandomForestRegressor,val,42,0.7358351016101297,1.712796249585044,0.11084074074074043,-1.9673302752293569,3.059845332482607
full,drop_grp__grupo3,MAM,CatBoostRegressor,val,42,0.7313073612499028,1.7274124008397735,0.07295317675677974,-1.8533723310030337,3.0908060616859214
full,drop_grp__grupo3,MAM,BaggingRegressor,test,42,0.6062972712187308,2.2045827177102746,-0.03394140742977958,-2.8597005988023954,4.681428463096474
full,drop_grp__grupo3,MAM,ExtraTreesRegressor,test,42,0.6423900354685995,2.1011013019516986,-0.04250588945937813,-2.8299640718562875,4.636360679810557
full,drop_grp__grupo3,MAM,MLPRegressor,test,42,0.5675420738235164,2.3105433269773994,-0.20833310833945085,-2.909979350838119,4.899759288524717
full,drop_grp__grupo3,MAM,RandomForestRegressor,test,42,0.6385839542397671,2.1122528320677127,-0.031101781938991498,-2.848571856287426,4.62565042359638
full,drop_grp__grupo3,MAM,CatBoostRegressor,test,42,0.6311020942626888,2.1340042545372198,0.006135411935979461,-2.6429418022322615,4.611334322756341
full,drop_grp__grupo4,MAM,BaggingRegressor,val,42,0.7102009884130083,1.7939758762158549,0.10225925925925927,-2.0127522935779822,3.1436776511455378
full,drop_grp__grupo4,MAM,ExtraTreesRegressor,val,42,0.744667264073224,1.6839197793090226,0.1289101851851848,-1.9827614678899081,3.0289743366542563
full,drop_grp__grupo4,MAM,MLPRegressor,val,42,0.6366111113379107,2.008879887297974,0.1641184586065787,-1.8454304318909251,3.4302385878697903
full,drop_grp__grupo4,MAM,RandomForestRegressor,val,42,0.733731452461525,1.7196025617480253,0.12842777777777736,-1.955458715596331,3.0266864599104926
full,drop_grp__grupo4,MAM,CatBoostRegressor,val,42,0.734978910101097,1.7155696976730932,0.13092771876561796,-1.8246293006791743,3.0543247164518026
full,drop_grp__grupo4,MAM,BaggingRegressor,test,42,0.6081324994732784,2.1994384322127623,-0.06493808517064334,-2.949730538922156,4.715954669323463
full,drop_grp__grupo4,MAM,ExtraTreesRegressor,test,42,0.6404274077910148,2.106859023458781,-0.043152521896708144,-2.9084970059880244,4.6829524318576965
full,drop_grp__grupo4,MAM,MLPRegressor,test,42,0.5503374616547626,2.356055626604677,0.08521506437107502,-2.4163442902936194,4.681138744393441
full,drop_grp__grupo4,MAM,RandomForestRegressor,test,42,0.6353054910848586,2.1218114967607673,-0.04793355481727612,-2.884104790419162,4.646397576630713
full,drop_grp__grupo4,MAM,CatBoostRegressor,test,42,0.6372404733086827,2.1161750971892337,-0.013362929652025627,-2.6541781598545904,4.59990434290654
full,full,MAM,BaggingRegressor,val,42,0.7096626643059327,1.7956413277093444,0.09518518518518518,-1.9326605504587153,3.110754650468732
full,full,MAM,ExtraTreesRegressor,val,42,0.7490831133116435,1.6692950053285414,0.10803333333333309,-1.9635137614678897,3.016918400127442
full,full,MAM,MLPRegressor,val,42,0.6399152281238885,1.999726152826982,0.054439934094746935,-1.707341170967172,3.572108671374417
full,full,MAM,RandomForestRegressor,val,42,0.7407464514838477,1.6967994062351623,0.11658240740740716,-1.9068348623853204,2.9801211215456607
full,full,MAM,CatBoostRegressor,val,42,0.738050841262855,1.7055979007183082,0.10232058847960433,-1.8637894672475792,3.021653127492285
full,full,MAM,BaggingRegressor,test,42,0.6100320576618037,2.194101122149859,-0.05228631833282998,-2.9005389221556888,4.717661554088228
full,full,MAM,ExtraTreesRegressor,test,42,0.645416574709438,2.092191346994182,-0.04751072183630348,-2.823814371257485,4.656976903554443
full,full,MAM,MLPRegressor,test,42,0.5293896894157759,2.410310013526508,-0.05065070316172985,-2.4556812414866007,4.91165115721062
full,full,MAM,RandomForestRegressor,test,42,0.6400743972171478,2.1078929747052717,-0.04004922983992783,-2.827026946107784,4.6220625975519445
full,full,MAM,CatBoostRegressor,test,42,0.6421941459143876,2.1016766878328026,0.0031923635519344826,-2.611446250712878,4.553334617596407
full,add_grp__grupo2,SON,ExtraTreesRegressor,val,42,0.5620162926691898,2.3588969187455664,0.22483348334833456,-2.9101666666666675,4.787958225975265
full,add_grp__grupo2,SON,HistGradientBoostingRegressor,val,42,0.5475173816255219,2.397623219711228,0.18023633728825889,-2.7859419693029595,4.919554670502105
full,add_grp__grupo2,SON,RandomForestRegressor,val,42,0.546526557717224,2.400246882178902,0.23137623762376214,-2.8575350877192993,4.728161529322831
full,add_grp__grupo2,SON,LGBMRegressor,val,42,0.5369646084680781,2.425420695277976,0.19680387683332715,-2.7527980647551145,4.836732512783939
full,add_grp__grupo2,SON,CatBoostRegressor,val,42,0.5790178266139276,2.3126602636313778,0.16617490970179585,-2.6951047639105226,4.688803618888412
full,add_grp__grupo2,SON,ExtraTreesRegressor,test,42,0.6329481500464076,2.240220817010302,-0.025736721873215566,-3.110312676056339,4.750726776423304
full,add_grp__grupo2,SON,HistGradientBoostingRegressor,test,42,0.6272116766986265,2.257658605720391,-0.019891513397772093,-2.8714117889486306,4.631070290800777
full,add_grp__grupo2,SON,RandomForestRegressor,test,42,0.6188419357884024,2.2828620905940893,-0.01524129069103393,-3.080002816901409,4.771566687232216
full,add_grp__grupo2,SON,LGBMRegressor,test,42,0.6248473576812628,2.264806614539797,-0.01543114375666529,-2.8962691367745945,4.59722319118114
full,add_grp__grupo2,SON,CatBoostRegressor,test,42,0.6431865077931911,2.20875605930205,-0.007550881413342671,-2.9489476126751577,4.60956137481102
full,add_grp__grupo3,SON,ExtraTreesRegressor,val,42,0.5511629027118214,2.387945209972914,0.2373627362736273,-2.8679298245614024,4.8324131344240815
full,add_grp__grupo3,SON,HistGradientBoostingRegressor,val,42,0.5549782560814502,2.3777741486173833,0.2518851676635142,-2.738916682646491,4.8874334899669485
full,add_grp__grupo3,SON,RandomForestRegressor,val,42,0.5004190423799137,2.5193176163447917,0.23658235823582344,-2.7981140350877194,4.934917604495326
full,add_grp__grupo3,SON,LGBMRegressor,val,42,0.5540372900431918,2.3802866362570145,0.2144090187236044,-2.7438050035806776,4.8937937187555525
full,add_grp__grupo3,SON,CatBoostRegressor,val,42,0.5648781690985456,2.35117752707213,0.198417326214849,-2.7931974380187605,4.868475781894068
full,add_grp__grupo3,SON,ExtraTreesRegressor,test,42,0.6353020460466381,2.233026018311928,-0.032669617361508,-3.1523408450704236,4.77758126942028
full,add_grp__grupo3,SON,HistGradientBoostingRegressor,test,42,0.6264013036736162,2.2601111402085037,-0.0035308145842546652,-2.8796803139668072,4.642091245803323
full,add_grp__grupo3,SON,RandomForestRegressor,test,42,0.6159118205251366,2.291619930852723,-0.04263677898343835,-3.1991492957746486,4.837341254373896
full,add_grp__grupo3,SON,LGBMRegressor,test,42,0.6211771930677499,2.2758580921876375,0.019641228188111585,-2.952562661944423,4.702150919136388
full,add_grp__grupo3,SON,CatBoostRegressor,test,42,0.6412449727966618,2.2147571768256147,0.009942004279730327,-2.917979014380858,4.594242591417708
full,add_grp__grupo4,SON,ExtraTreesRegressor,val,42,0.5604462590400594,2.3631210877624413,0.21824752475247486,-2.8573859649122815,4.839181593123787
full,add_grp__grupo4,SON,HistGradientBoostingRegressor,val,42,0.5563406560009296,2.3741316721432533,0.17821124663257987,-2.917776764760719,4.872065414624484
full,add_grp__grupo4,SON,RandomForestRegressor,val,42,0.5284761807318348,2.4475513015128723,0.22578217821782143,-2.823307017543861,4.901729879929072
full,add_grp__grupo4,SON,LGBMRegressor,val,42,0.5520432679848597,2.38560215953675,0.17131264454836556,-2.868389553914616,4.86787268252896
full,add_grp__grupo4,SON,CatBoostRegressor,val,42,0.5732084885123387,2.328562354244821,0.17259508468283427,-2.8254818708869043,4.829828256631389
full,add_grp__grupo4,SON,ExtraTreesRegressor,test,42,0.6308135695710051,2.2467253469013317,-0.02108423757852689,-3.123371830985916,4.778457100568325
full,add_grp__grupo4,SON,HistGradientBoostingRegressor,test,42,0.6206638273452783,2.2773996466502,0.0014006386122251714,-2.9829427821902814,4.7384554499659215
full,add_grp__grupo4,SON,RandomForestRegressor,test,42,0.6171213249414946,2.2880088981822277,-0.01234637350085687,-3.0648732394366203,4.845795561654672
full,add_grp__grupo4,SON,LGBMRegressor,test,42,0.6150679658065314,2.2941359329161974,-0.02277331213544017,-3.0848610253779474,4.833897596508461
full,add_grp__grupo4,SON,CatBoostRegressor,test,42,0.6361826547414157,2.2303284289996927,0.018137218495031023,-2.9799026129889707,4.682991412740299
full,base,SON,ExtraTreesRegressor,val,42,0.5551744555595804,2.3772499388636406,0.21065076507650732,-3.0012543859649123,4.898287768333289
full,base,SON,HistGradientBoostingRegressor,val,42,0.5652625028958845,2.350138925292141,0.1744015691434725,-2.8723625788340192,4.7831795423808
full,base,SON,RandomForestRegressor,val,42,0.5297080606724774,2.444352034504617,0.2118838883888386,-2.9772368421052633,4.931578327294986
full,base,SON,LGBMRegressor,val,42,0.5639053667289988,2.3538043248365734,0.1755997754353844,-2.862423253964069,4.851060611841478
full,base,SON,CatBoostRegressor,val,42,0.5807201579580848,2.30797965919038,0.14892356502844148,-2.8637068330066198,4.834247260668434
full,base,SON,ExtraTreesRegressor,test,42,0.6267697087374458,2.2589965194086004,-0.007491147915477238,-3.168907042253523,4.813325456992243
full,base,SON,HistGradientBoostingRegressor,test,42,0.6216580357717915,2.2744132514601367,0.0006022094883840586,-2.9599308008654,4.714788479295389
full,base,SON,RandomForestRegressor,test,42,0.6053215532159374,2.3229979423838967,-0.02580068532267302,-3.1870338028169023,4.867686605290437
full,base,SON,LGBMRegressor,test,42,0.6203947261758367,2.278207297359203,0.01002838848206027,-2.9528940614783594,4.700087401640376
full,base,SON,CatBoostRegressor,test,42,0.6389774794014487,2.2217452837878624,0.015036008570746438,-2.9373499821715203,4.668379743853812
full,ctrl__noise,SON,ExtraTreesRegressor,val,42,0.553506723966644,2.3817021401947938,0.19540144014401423,-3.020973684210527,4.941762753718058
full,ctrl__noise,SON,HistGradientBoostingRegressor,val,42,0.5658289149575134,2.3486074483577526,0.14710568224277668,-2.92579630754965,4.865338407517368
full,ctrl__noise,SON,RandomForestRegressor,val,42,0.5301937756691196,2.443089451577007,0.20312871287128673,-2.978535087719299,4.938243969266809
full,ctrl__noise,SON,LGBMRegressor,val,42,0.5676048074861495,2.34379926519321,0.15220184831781877,-2.9073809087144253,4.8697719865556985
full,ctrl__noise,SON,CatBoostRegressor,val,42,0.5759940449398828,2.3209509561716493,0.16137816775327002,-2.888624432273514,4.8863088729389625
full,ctrl__noise,SON,ExtraTreesRegressor,test,42,0.6261156743809109,2.2609749422141743,-0.004056539120502924,-3.161200000000002,4.802542695662578
full,ctrl__noise,SON,HistGradientBoostingRegressor,test,42,0.6227617899981619,2.271093203629023,0.004312227874742133,-2.9817914405415027,4.701240294281637
full,ctrl__noise,SON,RandomForestRegressor,test,42,0.6055738984162532,2.322255197099768,-0.023368360936608015,-3.1703436619718324,4.85390760022781
full,ctrl__noise,SON,LGBMRegressor,test,42,0.6183963859919286,2.2841959619837313,-0.010649397507109857,-3.0090226213843807,4.728168634652471
full,ctrl__noise,SON,CatBoostRegressor,test,42,0.6326777183725074,2.241045925395327,0.02641104771619585,-2.994110429524701,4.642172093149273
full,ctrl__perm_static,SON,ExtraTreesRegressor,val,42,0.5533769200056299,2.382048317754871,0.22972007200720035,-2.8692456140350884,4.904249385490885
full,ctrl__perm_static,SON,HistGradientBoostingRegressor,val,42,0.5564679819798379,2.373790971181017,0.18418025310110658,-2.881927438504656,4.873732935420868
full,ctrl__perm_static,SON,RandomForestRegressor,val,42,0.5298846558075083,2.4438930629899365,0.23435823582358187,-2.7630526315789483,4.874432987268205
full,ctrl__perm_static,SON,LGBMRegressor,val,42,0.5616467681548281,2.359891803310197,0.15149413886297675,-2.8258482959847764,4.869782484343393
full,ctrl__perm_static,SON,CatBoostRegressor,val,42,0.5785043313559167,2.3140702736596057,0.17479650392466697,-2.7929322984586746,4.7808070441677355
full,ctrl__perm_static,SON,ExtraTreesRegressor,test,42,0.6284662055111455,2.2538566027290496,-0.004877498572244705,-3.056123943661973,4.7609364879457825
full,ctrl__perm_static,SON,HistGradientBoostingRegressor,test,42,0.6118738803827654,2.3036343993669393,0.014498788524394726,-3.0838616719085175,4.783545277039445
full,ctrl__perm_static,SON,RandomForestRegressor,test,42,0.6153745146148163,2.293222259014689,-0.008077384351799291,-3.048971830985917,4.849591390657365
full,ctrl__perm_static,SON,LGBMRegressor,test,42,0.6140597843476392,2.2971382718291635,-0.024373274083395638,-3.089634175145488,4.816295161117049
full,ctrl__perm_static,SON,CatBoostRegressor,test,42,0.6312393159029822,2.2454295097238557,0.030076170419948315,-2.954345365607756,4.680222508677483
full,drop_grp__grupo1,SON,ExtraTreesRegressor,val,42,0.49183124219146046,2.540878895334462,0.09787218721872136,-3.5207982456140368,5.101073465458032
full,drop_grp__grupo1,SON,HistGradientBoostingRegressor,val,42,0.47873148158758183,2.573420367229105,0.07068884552717385,-3.337695484860607,5.055718873612704
full,drop_grp__grupo1,SON,RandomForestRegressor,val,42,0.4700240722406843,2.594824903173201,0.078499549954995,-3.5283070175438604,5.094328730980976
full,drop_grp__grupo1,SON,LGBMRegressor,val,42,0.47064015916204704,2.593316247337137,0.11187824319652123,-3.189680029426821,4.986543945221238
full,drop_grp__grupo1,SON,CatBoostRegressor,val,42,0.4981361008474462,2.5250673342614927,0.10135131534568147,-3.263456643342231,4.947922528892941
full,drop_grp__grupo1,SON,ExtraTreesRegressor,test,42,0.5872661979324323,2.375538859065643,-0.10979326099371826,-3.6329971830985928,4.950728568946221
full,drop_grp__grupo1,SON,HistGradientBoostingRegressor,test,42,0.5691639819057235,2.427074579480244,-0.08837844928177759,-3.3718086523804067,4.865052131626533
full,drop_grp__grupo1,SON,RandomForestRegressor,test,42,0.5686896255062349,2.4284103332078395,-0.09795945174186217,-3.6510788732394373,4.977278632254638
full,drop_grp__grupo1,SON,LGBMRegressor,test,42,0.5743215606948269,2.4125034702886237,-0.08099106498572703,-3.291431013204504,4.783935296201742
full,drop_grp__grupo1,SON,CatBoostRegressor,test,42,0.5905696922608747,2.366012930798454,-0.06049987059278048,-3.259767161584227,4.7243602939227545
full,drop_grp__grupo2,SON,ExtraTreesRegressor,val,42,0.5641910423933487,2.3530332367268665,0.2166012601260124,-2.7080087719298245,4.859007870178452
full,drop_grp__grupo2,SON,HistGradientBoostingRegressor,val,42,0.5422519226572816,2.411533225107661,0.2389852871631829,-2.8165104957084264,4.9103028629456436
full,drop_grp__grupo2,SON,RandomForestRegressor,val,42,0.516101614097609,2.479459804411471,0.2602592259225919,-2.677289473684211,4.927131116974628
full,drop_grp__grupo2,SON,LGBMRegressor,val,42,0.5457079446040505,2.4024123757209987,0.24179189661019798,-2.6860628197999374,4.928424480912372
full,drop_grp__grupo2,SON,CatBoostRegressor,val,42,0.5628556624235522,2.356635491852375,0.24563521103395197,-2.7420595121515636,4.874571195548832
full,drop_grp__grupo2,SON,ExtraTreesRegressor,test,42,0.6432424250614626,2.2085829822646077,-0.03983181039406081,-3.1056591549295782,4.743154917544965
full,drop_grp__grupo2,SON,HistGradientBoostingRegressor,test,42,0.6208511255819456,2.2768373411878295,0.026380865934852126,-2.946912587568988,4.656935456580368
full,drop_grp__grupo2,SON,RandomForestRegressor,test,42,0.6202317779891392,2.2786962130091366,-0.015226727584237995,-2.9967014084507055,4.80489874173326
full,drop_grp__grupo2,SON,LGBMRegressor,test,42,0.625370946764717,2.2632256019989443,0.013628562135399645,-2.8674098491689115,4.6742606341946304
full,drop_grp__grupo2,SON,CatBoostRegressor,test,42,0.6474535142200681,2.195509470891568,0.01950801327514067,-2.8768510236897566,4.5610228620133375
full,drop_grp__grupo3,SON,ExtraTreesRegressor,val,42,0.5761709240893138,2.32046679946444,0.20629882988298823,-2.7828333333333335,4.726633720160829
full,drop_grp__grupo3,SON,HistGradientBoostingRegressor,val,42,0.5423386050374152,2.4113048818909375,0.1928827234922678,-2.7361429165087445,4.907241445467465
full,drop_grp__grupo3,SON,RandomForestRegressor,val,42,0.5624339920690685,2.3577718256858957,0.22683348334833447,-2.65411403508772,4.696447708529008
full,drop_grp__grupo3,SON,LGBMRegressor,val,42,0.5630907525737073,2.356001723723234,0.1691279062032904,-2.6816326211444537,4.778385840269025
full,drop_grp__grupo3,SON,CatBoostRegressor,val,42,0.5703270571008556,2.3364096354672026,0.14322925368358486,-2.78951138994036,4.777602021837552
full,drop_grp__grupo3,SON,ExtraTreesRegressor,test,42,0.6358870736686786,2.2312342530802964,-0.031164191890348608,-2.9804845070422545,4.716796420584573
full,drop_grp__grupo3,SON,HistGradientBoostingRegressor,test,42,0.615123563361706,2.293970250479152,0.004671388912424247,-2.9848643866486704,4.7094333036915925
full,drop_grp__grupo3,SON,RandomForestRegressor,test,42,0.6253605429694091,2.263257027714894,-0.002656767561393766,-2.987791549295775,4.766773637658502
full,drop_grp__grupo3,SON,LGBMRegressor,test,42,0.6198609329305933,2.2798085191280637,0.00045366894841183416,-2.9382975346736484,4.668791378929998
full,drop_grp__grupo3,SON,CatBoostRegressor,test,42,0.6468821689294201,2.197287798337022,0.006891791372334754,-2.9012895593643875,4.5945426613936915
full,drop_grp__grupo4,SON,ExtraTreesRegressor,val,42,0.5735101031461014,2.327739408390754,0.20178847884788453,-2.9006315789473684,4.753542765618229
full,drop_grp__grupo4,SON,HistGradientBoostingRegressor,val,42,0.5494198764463301,2.392577423000718,0.20480576596657538,-2.685023109779835,4.875493950660967
full,drop_grp__grupo4,SON,RandomForestRegressor,val,42,0.5334392977262973,2.434636134253047,0.25772007200720054,-2.7284736842105266,4.704657707033625
full,drop_grp__grupo4,SON,LGBMRegressor,val,42,0.5583768052042073,2.368677436158993,0.19178082194814347,-2.667799333266541,4.821794958267939
full,drop_grp__grupo4,SON,CatBoostRegressor,val,42,0.5698520092354236,2.3377008498883542,0.17090891329758398,-2.820463821319763,4.827784563625334
full,drop_grp__grupo4,SON,ExtraTreesRegressor,test,42,0.6350179111202903,2.2338957204093144,-0.045312392918332674,-3.1750563380281696,4.7732065122358485
full,drop_grp__grupo4,SON,HistGradientBoostingRegressor,test,42,0.6256491515211455,2.2623850944886272,-0.011979122182075908,-2.9433445656357,4.633637736773368
full,drop_grp__grupo4,SON,RandomForestRegressor,test,42,0.6210382586082921,2.2762753929968564,-0.028581953169617612,-3.1105070422535217,4.763561517645633
full,drop_grp__grupo4,SON,LGBMRegressor,test,42,0.625103107591505,2.2640344983740186,-0.007150799193886189,-2.8901590295525597,4.634791894128103
full,drop_grp__grupo4,SON,CatBoostRegressor,test,42,0.6490573252586471,2.1905098520342334,0.008422373255453483,-2.862197422232842,4.539635786739519
full,full,SON,ExtraTreesRegressor,val,42,0.583821120606391,2.299428996549147,0.2119207920792076,-2.680096491228071,4.637398025549286
full,full,SON,HistGradientBoostingRegressor,val,42,0.5621448925213142,2.3585505861530014,0.21490305871628035,-2.648984606396018,4.76942467462946
full,full,SON,RandomForestRegressor,val,42,0.5436325868677598,2.4078936335883,0.23238973897389714,-2.6087631578947374,4.8722818576104565
full,full,SON,LGBMRegressor,val,42,0.5606250580196368,2.362640410911844,0.18307363551728092,-2.6344191175883513,4.877999159686647
full,full,SON,CatBoostRegressor,val,42,0.5708644034886473,2.3349482285267844,0.17142313066518539,-2.7027530156208432,4.752289751637678
full,full,SON,ExtraTreesRegressor,test,42,0.6462906420069767,2.1991274265115717,-0.03875728155339833,-2.9967549295774654,4.687478436232091
full,full,SON,HistGradientBoostingRegressor,test,42,0.625344194831849,2.2633064080362866,0.011062001046349008,-2.8684425916630736,4.60935497155517
full,full,SON,RandomForestRegressor,test,42,0.6279651416666305,2.2553759067132297,-0.025007138777841595,-2.981538028169015,4.7677176658066776
full,full,SON,LGBMRegressor,test,42,0.621193924410024,2.2758078330949076,0.012644125548644096,-2.887148436695312,4.646871350976511
full,full,SON,CatBoostRegressor,test,42,0.6484744352306469,2.192328235351465,0.003507636107261884,-2.873204586061934,4.531820404361173
full_s43,add_grp__grupo2,DJF,HistGradientBoostingRegressor,val,43,0.49761260542593044,2.250361153666989,0.21786765015341078,-2.317878701983548,4.415196481957779
full_s43,add_grp__grupo2,DJF,MLPRegressor,val,43,0.42604734598963834,2.405309073458622,0.158795866158049,-2.0722839601834613,4.576538179953351
full_s43,add_grp__grupo2,DJF,RandomForestRegressor,val,43,0.5091325788586171,2.2244106197113753,0.2584661016949145,-2.396283333333335,4.2958701311065415
full_s43,add_grp__grupo2,DJF,LGBMRegressor,val,43,0.5033168264210246,2.237549125423184,0.19082317714823338,-2.439033866258364,4.289030696765352
full_s43,add_grp__grupo2,DJF,CatBoostRegressor,val,43,0.5052752225273502,2.2331334981456425,0.22739676471072803,-2.45582985328107,4.387296009004389
full_s43,add_grp__grupo2,DJF,HistGradientBoostingRegressor,test,43,0.4107611585833365,2.49540008050494,-0.009234607565702357,-4.045174261226454,5.606256747942077
full_s43,add_grp__grupo2,DJF,MLPRegressor,test,43,0.31364821768605855,2.6931955251407986,-0.13744161918542874,-4.009471343905169,5.851538529515554
full_s43,add_grp__grupo2,DJF,RandomForestRegressor,test,43,0.39762505933410397,2.52306215606041,0.049029943670322554,-4.1930553935860075,5.734499475388951
full_s43,add_grp__grupo2,DJF,LGBMRegressor,test,43,0.39589712612566585,2.526678309882101,-0.05073166867120586,-4.216476195961383,5.789929159446423
full_s43,add_grp__grupo2,DJF,CatBoostRegressor,test,43,0.4106891357163468,2.4955525826516074,0.029051074633921797,-4.061560975916942,5.632716756860453
full_s43,add_grp__grupo3,DJF,HistGradientBoostingRegressor,val,43,0.4896165145189132,2.2681990387461743,0.21914147507813858,-2.4064314357491394,4.430588660505265
full_s43,add_grp__grupo3,DJF,MLPRegressor,val,43,0.4322033588242655,2.3923750520278464,0.14683134539652679,-2.3656574138005575,4.538099110004159
full_s43,add_grp__grupo3,DJF,RandomForestRegressor,val,43,0.4948747237502332,2.2564847658039007,0.2452711864406773,-2.536108333333335,4.404979902526988
full_s43,add_grp__grupo3,DJF,LGBMRegressor,val,43,0.49592526775606605,2.2541370607076647,0.2129977909680226,-2.40041328563486,4.455277680123506
full_s43,add_grp__grupo3,DJF,CatBoostRegressor,val,43,0.5192118817767829,2.2014545237602183,0.20244134309992334,-2.4770593271030874,4.382979887329164
full_s43,add_grp__grupo3,DJF,HistGradientBoostingRegressor,test,43,0.39339898456816547,2.5318971958768497,0.03846379351980642,-4.095176605701052,5.627036497474177
full_s43,add_grp__grupo3,DJF,MLPRegressor,test,43,0.29685013814422556,2.725953537230086,-0.03038365066917368,-4.045552088011806,5.833577376689729
full_s43,add_grp__grupo3,DJF,RandomForestRegressor,test,43,0.38237575333693186,2.554798602299232,0.060299733175214476,-4.262206997084549,5.819849479834512
full_s43,add_grp__grupo3,DJF,LGBMRegressor,test,43,0.3937277283229572,2.5312110297054713,0.022936954079850386,-4.0631901204000735,5.648312045661451
full_s43,add_grp__grupo3,DJF,CatBoostRegressor,test,43,0.4116750232175592,2.493464241748243,0.05572894644549274,-4.064788578005656,5.575426664530878
full_s43,add_grp__grupo4,DJF,HistGradientBoostingRegressor,val,43,0.46000571178302907,2.333068222326014,0.20691870049008174,-2.5087458727269483,4.546974637098296
full_s43,add_grp__grupo4,DJF,MLPRegressor,val,43,0.49455789900627667,2.2571923112143164,0.13132812394934187,-2.4770651825269066,4.448032340238969
full_s43,add_grp__grupo4,DJF,RandomForestRegressor,val,43,0.48829568690164404,2.2711320922633442,0.22283644067796515,-2.4613416666666685,4.4793439130822135
full_s43,add_grp__grupo4,DJF,LGBMRegressor,val,43,0.468842180720335,2.3139003135478804,0.19641398764108944,-2.454543909705189,4.4995538242544635
full_s43,add_grp__grupo4,DJF,CatBoostRegressor,val,43,0.48719306884582625,2.2735776879272627,0.19697622486936733,-2.5620131634166228,4.464363787819991
full_s43,add_grp__grupo4,DJF,HistGradientBoostingRegressor,test,43,0.37685479685564416,2.5661918976617595,0.043575651098168106,-4.173461790847927,5.705136826400491
full_s43,add_grp__grupo4,DJF,MLPRegressor,test,43,0.3600754667652323,2.600512115652544,-0.038200878326524586,-4.252488733797658,5.875091217978764
full_s43,add_grp__grupo4,DJF,RandomForestRegressor,test,43,0.37528071201418045,2.569430995103907,0.053027275422472056,-4.2928717201166195,5.852770753224146
full_s43,add_grp__grupo4,DJF,LGBMRegressor,test,43,0.3813528708668503,2.5569133003722357,0.055268542545470464,-4.077346790397806,5.6536596650799105
full_s43,add_grp__grupo4,DJF,CatBoostRegressor,test,43,0.3897300244147571,2.53954260487021,0.06302965763808581,-4.119142451665031,5.66474062502239
full_s43,base,DJF,HistGradientBoostingRegressor,val,43,0.4634626282400115,2.3255883549407046,0.21279242203861268,-2.5103285877398998,4.529378935806313
full_s43,base,DJF,MLPRegressor,val,43,0.49816531249642704,2.249122933107481,0.17709693407608293,-2.389120265642802,4.316888891049511
full_s43,base,DJF,RandomForestRegressor,val,43,0.48003705681737796,2.289386154497921,0.2277457627118637,-2.5467333333333357,4.559681704900026
full_s43,base,DJF,LGBMRegressor,val,43,0.4713796874401235,2.3083665844715853,0.21441509039819287,-2.4457992482995374,4.525899875791992
full_s43,base,DJF,CatBoostRegressor,val,43,0.4882782209670051,2.2711708520560405,0.20624695055366088,-2.5233858464900765,4.497759727532183
full_s43,base,DJF,HistGradientBoostingRegressor,test,43,0.38555438729515723,2.548215922702711,0.05100108920013241,-4.150834371743463,5.656584579923411
full_s43,base,DJF,MLPRegressor,test,43,0.35569571068520356,2.609396121846925,-0.05005522565957598,-4.280041950159101,5.889724130844503
full_s43,base,DJF,RandomForestRegressor,test,43,0.36615986351308294,2.5881197657240276,0.0589878446486802,-4.328542274052478,5.872271678878111
full_s43,base,DJF,LGBMRegressor,test,43,0.38852178368154244,2.5420553137643163,0.05046660941436769,-4.153401395614971,5.667127304488221
full_s43,base,DJF,CatBoostRegressor,test,43,0.3985946742958363,2.5210307102718894,0.037160328628857604,-4.136345650735218,5.661690493956581
full_s43,ctrl__noise,DJF,HistGradientBoostingRegressor,val,43,0.46026977219666143,2.3324977104638753,0.20860970397115822,-2.5218844965988367,4.611776753863836
full_s43,ctrl__noise,DJF,MLPRegressor,val,43,0.4767180066157255,2.2966813861251683,0.24302750589977526,-2.5617263001365442,4.374060244955304
full_s43,ctrl__noise,DJF,RandomForestRegressor,val,43,0.47917380927524367,2.291285796968556,0.22861355932203317,-2.562791666666669,4.587988559815728
full_s43,ctrl__noise,DJF,LGBMRegressor,val,43,0.472685261162194,2.3055142481153,0.21083084670707053,-2.5519168423187937,4.500943141558897
full_s43,ctrl__noise,DJF,CatBoostRegressor,val,43,0.49212043971053143,2.2626283416587447,0.2023600361467438,-2.5233462204665558,4.4666612819109615
full_s43,ctrl__noise,DJF,HistGradientBoostingRegressor,test,43,0.3897010255603488,2.539602941241305,0.04534845450712982,-4.103430047314529,5.630738066649061
full_s43,ctrl__noise,DJF,MLPRegressor,test,43,0.3477019460729517,2.6255333716365206,0.04966920901262098,-4.223700303213492,5.753391083687014
full_s43,ctrl__noise,DJF,RandomForestRegressor,test,43,0.36488925154237084,2.5907125721479263,0.07049777646012402,-4.335574344023325,5.869014318184562
full_s43,ctrl__noise,DJF,LGBMRegressor,test,43,0.38594210807671425,2.5474118220984017,0.04088256344011591,-4.172758614185047,5.6565732455581506
full_s43,ctrl__noise,DJF,CatBoostRegressor,test,43,0.39321119701445395,2.5322890695936024,0.061191985440602004,-4.14264201647078,5.642813343222173
full_s43,ctrl__perm_static,DJF,HistGradientBoostingRegressor,val,43,0.48384317890076556,2.280991625659347,0.2139827263002553,-2.4383583771441266,4.4716639209200455
full_s43,ctrl__perm_static,DJF,MLPRegressor,val,43,0.5124145832613554,2.216961796293181,0.03293318004931435,-2.5210277009010316,4.459793037082219
full_s43,ctrl__perm_static,DJF,RandomForestRegressor,val,43,0.4832181410103773,2.2823722863261877,0.2184889830508466,-2.490008333333335,4.504179023418141
full_s43,ctrl__perm_static,DJF,LGBMRegressor,val,43,0.4653220834973467,2.3215550099327835,0.21580839296130358,-2.448469542288737,4.518345492402842
full_s43,ctrl__perm_static,DJF,CatBoostRegressor,val,43,0.4862901001814829,2.2755785057233004,0.21710771430885636,-2.545565128446317,4.467942982973691
full_s43,ctrl__perm_static,DJF,HistGradientBoostingRegressor,test,43,0.37706935888534776,2.5657500626416203,0.03354397046032697,-4.168251525790349,5.7165786593489125
full_s43,ctrl__perm_static,DJF,MLPRegressor,test,43,0.3374973239785597,2.6459907384144015,-0.09592193843277205,-4.272984448813836,5.943554833172752
full_s43,ctrl__perm_static,DJF,RandomForestRegressor,test,43,0.3752421790156666,2.56951023577724,0.05070945745626981,-4.303040816326532,5.828251939773143
full_s43,ctrl__perm_static,DJF,LGBMRegressor,test,43,0.3765696448446417,2.566778976790926,0.049998218141529834,-4.136879702799161,5.690287542720274
full_s43,ctrl__perm_static,DJF,CatBoostRegressor,test,43,0.3884731915004569,2.5421563161834744,0.07823473534754637,-4.110977321790321,5.644761293480774
full_s43,drop_grp__grupo1,DJF,HistGradientBoostingRegressor,val,43,0.45026063528229354,2.354026098510321,0.09331619454323105,-3.085833857204366,4.580946430054944
full_s43,drop_grp__grupo1,DJF,MLPRegressor,val,43,0.3608983752114465,2.5381531070661683,-0.14664863667245637,-3.2097031124432873,5.198549754746182
full_s43,drop_grp__grupo1,DJF,RandomForestRegressor,val,43,0.45523160392946393,2.343358895051492,0.1942584745762705,-3.047983333333335,4.465300667368325
full_s43,drop_grp__grupo1,DJF,LGBMRegressor,val,43,0.4413085003429015,2.3731155615902386,0.13167597130469838,-3.078383333340605,4.5271335960811205
full_s43,drop_grp__grupo1,DJF,CatBoostRegressor,val,43,0.49472210313890297,2.256825631813761,0.10671051734281921,-2.9881898743983775,4.334067838077795
full_s43,drop_grp__grupo1,DJF,HistGradientBoostingRegressor,test,43,0.34380327174724457,2.6333678655211576,-0.04993967255663042,-4.390124664311566,5.853517665072653
full_s43,drop_grp__grupo1,DJF,MLPRegressor,test,43,0.23199201324152086,2.8489010777250887,-0.1817470813271132,-4.57339937075234,6.181132574672245
full_s43,drop_grp__grupo1,DJF,RandomForestRegressor,test,43,0.3526433033884022,2.615569857339767,0.007686332641564829,-4.5076472303207,5.792740238635185
full_s43,drop_grp__grupo1,DJF,LGBMRegressor,test,43,0.3456413111439516,2.629677182633641,-0.03929440746274939,-4.407788266540431,5.854397477642897
full_s43,drop_grp__grupo1,DJF,CatBoostRegressor,test,43,0.3692845935237048,2.581732376538704,-0.04460976582734849,-4.347654043079478,5.767005457236941
full_s43,drop_grp__grupo2,DJF,HistGradientBoostingRegressor,val,43,0.500693360134425,2.2434506779021057,0.1913755208609729,-2.3715370680448444,4.373645358596252
full_s43,drop_grp__grupo2,DJF,MLPRegressor,val,43,0.4162125074796107,2.4258293619183675,0.10053751088805118,-2.165179909070333,4.678548460397657
full_s43,drop_grp__grupo2,DJF,RandomForestRegressor,val,43,0.4993499363946975,2.2464667406728176,0.24322372881355872,-2.4571333333333345,4.389343819600678
full_s43,drop_grp__grupo2,DJF,LGBMRegressor,val,43,0.5011853235368624,2.2423451772533007,0.18433859947578,-2.504959547344922,4.381204816925806
full_s43,drop_grp__grupo2,DJF,CatBoostRegressor,val,43,0.5044160179423303,2.235071834646392,0.21337131835009923,-2.4955957062133605,4.403630362410397
full_s43,drop_grp__grupo2,DJF,HistGradientBoostingRegressor,test,43,0.38701286413712965,2.54518984368216,0.04466819399463213,-4.085803585193064,5.644377420381167
full_s43,drop_grp__grupo2,DJF,MLPRegressor,test,43,0.27140133948863776,2.7748447230243416,-0.062257066057161664,-4.0174860881994485,5.986931943097118
full_s43,drop_grp__grupo2,DJF,RandomForestRegressor,test,43,0.3878584818220622,2.543433689114388,0.0650572190927952,-4.234877551020409,5.7926592484882296
full_s43,drop_grp__grupo2,DJF,LGBMRegressor,test,43,0.3962425270092146,2.5259558818488106,0.023001487718638393,-4.130663266062462,5.65463359834523
full_s43,drop_grp__grupo2,DJF,CatBoostRegressor,test,43,0.40448025988901515,2.508664488946055,0.05871004610359382,-3.9942544480622635,5.565848160177895
full_s43,drop_grp__grupo3,DJF,HistGradientBoostingRegressor,val,43,0.4914450957494222,2.2641321871256954,0.21870505327695638,-2.3480309689793355,4.384371284366548
full_s43,drop_grp__grupo3,DJF,MLPRegressor,val,43,0.4156345364913575,2.4270298947842175,0.21359419321609757,-2.0149706411361694,4.426748065384406
full_s43,drop_grp__grupo3,DJF,RandomForestRegressor,val,43,0.5119013531812673,2.21812827111478,0.27444745762711775,-2.3683250000000013,4.27281948776215
full_s43,drop_grp__grupo3,DJF,LGBMRegressor,val,43,0.502473572119933,2.2394477429474215,0.23032562315952085,-2.2634520136481644,4.265345506498256
full_s43,drop_grp__grupo3,DJF,CatBoostRegressor,val,43,0.5047844874156435,2.2342407859159397,0.22347480055133892,-2.442261183411561,4.30587200479534
full_s43,drop_grp__grupo3,DJF,HistGradientBoostingRegressor,test,43,0.3926846409968343,2.5333875596249236,-0.0025851622231284604,-4.137905562016144,5.675718902247455
full_s43,drop_grp__grupo3,DJF,MLPRegressor,test,43,0.2811435635336075,2.756230816623516,-0.07022890883456204,-3.945976311263816,5.9753379478122195
full_s43,drop_grp__grupo3,DJF,RandomForestRegressor,test,43,0.40473771292446814,2.508122161745507,0.04933619922917216,-4.167049562682217,5.694306041005326
full_s43,drop_grp__grupo3,DJF,LGBMRegressor,test,43,0.39984511863826366,2.5184084779896074,-0.0447606148836899,-4.185044734778583,5.737860231778321
full_s43,drop_grp__grupo3,DJF,CatBoostRegressor,test,43,0.41763694516240346,2.4807980339681217,0.0021859261482735635,-4.092029237134236,5.6306710038073575
full_s43,drop_grp__grupo4,DJF,HistGradientBoostingRegressor,val,43,0.502679315312656,2.238984653203384,0.2169758685995799,-2.3081919240562336,4.406069943786881
full_s43,drop_grp__grupo4,DJF,MLPRegressor,val,43,0.36418294477107116,2.5316224716490914,0.0899979096752102,-2.276548589070638,4.726546710156842
full_s43,drop_grp__grupo4,DJF,RandomForestRegressor,val,43,0.506833314507816,2.2296141966945076,0.2710932203389822,-2.4693916666666684,4.342581790632543
full_s43,drop_grp__grupo4,DJF,LGBMRegressor,val,43,0.5056828830139253,2.232213241121158,0.21001342581935808,-2.3544742464047634,4.331150890329644
full_s43,drop_grp__grupo4,DJF,CatBoostRegressor,val,43,0.5145986380278258,2.2119909745892383,0.18968035670101174,-2.4819464077347457,4.358787829470194
full_s43,drop_grp__grupo4,DJF,HistGradientBoostingRegressor,test,43,0.40209800459880585,2.5136771812641365,0.011730482049223435,-4.033703517477787,5.618572220909987
full_s43,drop_grp__grupo4,DJF,MLPRegressor,test,43,0.23539957253388866,2.842573935593733,-0.15334275882815945,-4.119409609883589,6.067980584422196
full_s43,drop_grp__grupo4,DJF,RandomForestRegressor,test,43,0.3992627782308451,2.5196300088623014,0.06668662911354813,-4.164399416909623,5.714285549234692
full_s43,drop_grp__grupo4,DJF,LGBMRegressor,test,43,0.4053611425252722,2.5068084154747794,0.004112640934419205,-4.028445641868766,5.6269364874305685
full_s43,drop_grp__grupo4,DJF,CatBoostRegressor,test,43,0.41959670841606345,2.476620335979221,0.020129150946327536,-4.093511101409154,5.61179047743593
full_s43,full,DJF,HistGradientBoostingRegressor,val,43,0.5253969631544329,2.1872484213000636,0.18501001088292626,-2.2562981879374795,4.24919275973213
full_s43,full,DJF,MLPRegressor,val,43,0.359030414919588,2.541859645844301,0.09763936151892452,-2.094721119403839,4.540880342414635
full_s43,full,DJF,RandomForestRegressor,val,43,0.5125239586675083,2.216713127353887,0.2696466101694907,-2.4121166666666682,4.304423801935245
full_s43,full,DJF,LGBMRegressor,val,43,0.5051212654749445,2.233480943758725,0.21129958217904035,-2.4152334892547227,4.277136002097799
full_s43,full,DJF,CatBoostRegressor,val,43,0.5201054150076232,2.199407897098427,0.23671474006401594,-2.3636503738624914,4.210493523866177
full_s43,full,DJF,HistGradientBoostingRegressor,test,43,0.4065727620588835,2.5042532117896448,0.0007102115080078688,-4.036811680291998,5.604849911680274
full_s43,full,DJF,MLPRegressor,test,43,0.19472400501675025,2.9172045203717505,-0.14908310186251525,-4.169756658466495,6.211883032783677
full_s43,full,DJF,RandomForestRegressor,test,43,0.4058383145384914,2.5058024108468233,0.07079128372368752,-4.125102040816328,5.685283527421656
full_s43,full,DJF,LGBMRegressor,test,43,0.4036608552090657,2.5103897926314622,0.013428539404022116,-4.063485436779947,5.644448969619418
full_s43,full,DJF,CatBoostRegressor,test,43,0.4157459018032186,2.484822580508974,0.030968692121260927,-4.037213069292565,5.578344384903036
full_s43,add_grp__grupo2,JJA,BayesianRidge,val,43,0.7255905335762411,2.121967496100093,0.09799349720449384,-1.7737847843685663,3.425976222324299
full_s43,add_grp__grupo2,JJA,LinearRegression,val,43,0.7247105760940393,2.125367062921813,0.11277493213085417,-1.7407041377849404,3.3911377173801824
full_s43,add_grp__grupo2,JJA,SGDRegressor,val,43,0.7206185171581998,2.1411051276017927,0.10268069966931041,-1.7858270218769015,3.4861038110307696
full_s43,add_grp__grupo2,JJA,LGBMRegressor,val,43,0.7475158466587404,2.035430347285181,0.0958516885849912,-2.053263641330313,3.4520618996908454
full_s43,add_grp__grupo2,JJA,CatBoostRegressor,val,43,0.7677343523977938,1.9522331066399718,0.10402860147430998,-1.9278517580787204,3.256167476836406
full_s43,add_grp__grupo2,JJA,BayesianRidge,test,43,0.668822456317206,2.2837373249458186,0.07335887529374854,-2.514673203624978,4.896701072121938
full_s43,add_grp__grupo2,JJA,LinearRegression,test,43,0.6691616425382351,2.2825675435316772,0.08029859288496095,-2.4717914468616846,4.883609544485732
full_s43,add_grp__grupo2,JJA,SGDRegressor,test,43,0.6655389380715044,2.295030660064699,0.10927938379877877,-2.4446631196149,4.875754275385568
full_s43,add_grp__grupo2,JJA,LGBMRegressor,test,43,0.6973806572447361,2.183051853297575,0.07236644881720915,-2.6500625549165577,4.842127978659427
full_s43,add_grp__grupo2,JJA,CatBoostRegressor,test,43,0.7010330613194025,2.169837906026991,-0.06374301274894889,-2.764051837389897,4.872578424785096
full_s43,add_grp__grupo3,JJA,BayesianRidge,val,43,0.7381879742912152,2.072688214540997,0.07069601408317064,-1.893323435224928,3.454443448161759
full_s43,add_grp__grupo3,JJA,LinearRegression,val,43,0.7364424746304784,2.0795860384501794,0.0811317986409825,-1.8628859528550155,3.4376417461296156
full_s43,add_grp__grupo3,JJA,SGDRegressor,val,43,0.7336315822072448,2.090646222301853,0.0662125242158161,-1.8404436380106786,3.5162737611457473
full_s43,add_grp__grupo3,JJA,LGBMRegressor,val,43,0.7581600774758867,1.9920635088550342,0.060006344904085046,-2.0272558121311115,3.510493423692988
full_s43,add_grp__grupo3,JJA,CatBoostRegressor,val,43,0.773762381066867,1.9267332545837719,0.0933755937842636,-1.928756684721376,3.319651547050793
full_s43,add_grp__grupo3,JJA,BayesianRidge,test,43,0.6726598814023417,2.270467696837069,0.04706110374556241,-2.540419808863219,4.889795588502898
full_s43,add_grp__grupo3,JJA,LinearRegression,test,43,0.6729514864224954,2.269456168984186,0.05070686056784471,-2.4935718071907327,4.878408885642222
full_s43,add_grp__grupo3,JJA,SGDRegressor,test,43,0.67058957475459,2.277636319276707,0.05598833751274297,-2.542920553804907,4.9046576983583705
full_s43,add_grp__grupo3,JJA,LGBMRegressor,test,43,0.6954483026741696,2.1900106244725155,-0.024996174642136784,-2.8200961440847703,4.9699292407889955
full_s43,add_grp__grupo3,JJA,CatBoostRegressor,test,43,0.7042614209740234,2.1580907364299207,-0.04121353291132796,-2.7528149039440715,4.874746525614803
full_s43,add_grp__grupo4,JJA,BayesianRidge,val,43,0.7549285097556931,2.0053287411703464,0.06094787458266292,-1.920221170648798,3.3485182150061172
full_s43,add_grp__grupo4,JJA,LinearRegression,val,43,0.7533872997500664,2.011624432337693,0.09325266043198097,-1.864265902407534,3.317422498686529
full_s43,add_grp__grupo4,JJA,SGDRegressor,val,43,0.7514280482344717,2.01959944971729,0.048830607253245006,-1.6655120124919471,3.2434364349643103
full_s43,add_grp__grupo4,JJA,LGBMRegressor,val,43,0.7650132157353886,1.963635620120742,0.010915801480076037,-2.077334387366792,3.4700621805301592
full_s43,add_grp__grupo4,JJA,CatBoostRegressor,val,43,0.7708070978114567,1.9392766328025681,0.01318796291743157,-2.073765230750637,3.4750512313752644
full_s43,add_grp__grupo4,JJA,BayesianRidge,test,43,0.6942396465125065,2.194352003685181,0.06428072988057017,-2.554976780201585,4.816157849531933
full_s43,add_grp__grupo4,JJA,LinearRegression,test,43,0.693515856821165,2.196947681205622,0.0797123827301196,-2.5005893715520418,4.802874641622519
full_s43,add_grp__grupo4,JJA,SGDRegressor,test,43,0.6903603658835622,2.2082283562343585,0.050691917161139896,-2.3350002147954774,4.778552745780835
full_s43,add_grp__grupo4,JJA,LGBMRegressor,test,43,0.7025103861193422,2.1644702135533382,-0.026347683968167224,-2.8016713601460257,4.87748160991215
full_s43,add_grp__grupo4,JJA,CatBoostRegressor,test,43,0.7062334459178319,2.150883480772586,-0.051398768803762374,-2.774535799899406,4.8691365869783745
full_s43,base,JJA,BayesianRidge,val,43,0.7388296890896251,2.0701465231939946,0.026806627832883807,-1.878564848341383,3.454634613852723
full_s43,base,JJA,LinearRegression,val,43,0.7377059129916833,2.074595505215346,0.04616477271123244,-1.843798526557716,3.4299945504968306
full_s43,base,JJA,SGDRegressor,val,43,0.7371628227649896,2.076742160414029,0.017365444410340207,-1.8096211285826123,3.4363294479496003
full_s43,base,JJA,LGBMRegressor,val,43,0.7663029182925934,1.9582395926134493,0.020764966497023658,-2.0893054322785676,3.4870014563472704
full_s43,base,JJA,CatBoostRegressor,val,43,0.7715512354502022,1.9361258764486224,0.02119756262266913,-2.054848227685565,3.4037312143354055
full_s43,base,JJA,BayesianRidge,test,43,0.6726434954788503,2.2705245234255074,0.050013956098581815,-2.5082583889150483,4.892083298182758
full_s43,base,JJA,LinearRegression,test,43,0.672886904641862,2.269680230980456,0.054908628326182436,-2.477446965044445,4.879895465701632
full_s43,base,JJA,SGDRegressor,test,43,0.6710766488263855,2.2759518128031395,0.036456388655628405,-2.451938462759576,4.89125794471579
full_s43,base,JJA,LGBMRegressor,test,43,0.7034499373951342,2.161049524421987,-0.024169263201349787,-2.7282897614326815,4.875412742933986
full_s43,base,JJA,CatBoostRegressor,test,43,0.7088473627169176,2.1412928842543404,-0.0801548187259946,-2.8019965352699034,4.859630736910761
full_s43,ctrl__noise,JJA,BayesianRidge,val,43,0.7388165813321899,2.070198471361321,0.02654349259943154,-1.8792038964278241,3.455325781135852
full_s43,ctrl__noise,JJA,LinearRegression,val,43,0.7377107300182415,2.0745764551718575,0.04614412565906667,-1.8438156990688563,3.4299716062760846
full_s43,ctrl__noise,JJA,SGDRegressor,val,43,0.7344492175180705,2.0874350684170593,0.045560173781679134,-1.553205596628765,3.4000694490084427
full_s43,ctrl__noise,JJA,LGBMRegressor,val,43,0.7626234839143167,1.973595100183129,0.018259120360836933,-2.0118416141849873,3.542772822831412
full_s43,ctrl__noise,JJA,CatBoostRegressor,val,43,0.7695257244711777,1.944690137816755,0.03839766572930808,-1.9920314431046533,3.408501045043747
full_s43,ctrl__noise,JJA,BayesianRidge,test,43,0.6726203821918566,2.270604678177143,0.049919061631007615,-2.5090005728657157,4.8922904236991664
full_s43,ctrl__noise,JJA,LinearRegression,test,43,0.6728846077243644,2.2696881995686273,0.05494264181020679,-2.4774226787782383,4.879893905505406
full_s43,ctrl__noise,JJA,SGDRegressor,test,43,0.6719883945833163,2.2727952576553454,0.048230022127138235,-2.227016657189257,4.83208386885835
full_s43,ctrl__noise,JJA,LGBMRegressor,test,43,0.6968797826291991,2.1848577246229093,-0.01083424038923053,-2.7813477225554712,4.9155305222141
full_s43,ctrl__noise,JJA,CatBoostRegressor,test,43,0.7063582791692156,2.1504264336634265,-0.05945416912777974,-2.819930695757112,4.8801062720164055
full_s43,ctrl__perm_static,JJA,BayesianRidge,val,43,0.7547026848179559,2.0062524491127465,0.057480958785093225,-1.928175914180171,3.354262403792064
full_s43,ctrl__perm_static,JJA,LinearRegression,val,43,0.753387366314869,2.0116241608525014,0.09325233754132434,-1.8642665510779026,3.317421539535972
full_s43,ctrl__perm_static,JJA,SGDRegressor,val,43,0.7474947654399049,2.0355153198594276,0.08751407720167324,-1.5446902870504993,3.3393587453836235
full_s43,ctrl__perm_static,JJA,LGBMRegressor,val,43,0.764661748833448,1.9651035644980384,0.034473002794118766,-2.0464463390261787,3.4617921305994543
full_s43,ctrl__perm_static,JJA,CatBoostRegressor,val,43,0.7758992554707194,1.9176124126089282,0.026090797556013897,-1.9647763377236291,3.3578560216522657
full_s43,ctrl__perm_static,JJA,BayesianRidge,test,43,0.6943133822287006,2.1940873979723046,0.061563378514561326,-2.5623858938299615,4.817955554162949
full_s43,ctrl__perm_static,JJA,LinearRegression,test,43,0.6935157453049282,2.1969480808923936,0.07971306689388442,-2.5005900517664315,4.80287573064305
full_s43,ctrl__perm_static,JJA,SGDRegressor,test,43,0.6925527562972478,2.2003968348923237,0.09305598656329567,-2.18824515990128,4.744094741663921
full_s43,ctrl__perm_static,JJA,LGBMRegressor,test,43,0.7022639485395765,2.1653665412812066,-0.03391995911176442,-2.7266567176243464,4.885106352616202
full_s43,ctrl__perm_static,JJA,CatBoostRegressor,test,43,0.7070144604830312,2.148022383540666,-0.07242883398703932,-2.7628772743799894,4.866748433924992
full_s43,drop_grp__grupo1,JJA,BayesianRidge,val,43,0.6495159879090203,2.3981331271727435,0.046127477075963194,-2.8719459018191777,3.9262966732416453
full_s43,drop_grp__grupo1,JJA,LinearRegression,val,43,0.6454142024905898,2.412125227140549,0.051334857323123394,-2.8677140794358813,3.931018161948045
full_s43,drop_grp__grupo1,JJA,SGDRegressor,val,43,0.6515122256521204,2.3912938994101474,0.04374705856743287,-2.8400781381550826,3.9084103281841927
full_s43,drop_grp__grupo1,JJA,LGBMRegressor,val,43,0.6795793570233768,2.292975562759274,0.05119140301429428,-2.619529348345178,3.6445847487315697
full_s43,drop_grp__grupo1,JJA,CatBoostRegressor,val,43,0.6835038169517982,2.2788903054968803,0.059249535798084584,-2.554274551639838,3.5987214730255164
full_s43,drop_grp__grupo1,JJA,BayesianRidge,test,43,0.5879670480073406,2.547309319554576,0.05753815083564082,-3.495522367988609,5.388944291936373
full_s43,drop_grp__grupo1,JJA,LinearRegression,test,43,0.5859570604343213,2.5535149288884513,0.05028942002595997,-3.499113432749548,5.415357069221482
full_s43,drop_grp__grupo1,JJA,SGDRegressor,test,43,0.5872176219667402,2.54962485361772,0.06721763290851186,-3.522329468631244,5.381308607083492
full_s43,drop_grp__grupo1,JJA,LGBMRegressor,test,43,0.6107323114199944,2.475938698236931,0.13293080616760444,-3.2061520637320533,5.2021422231159695
full_s43,drop_grp__grupo1,JJA,CatBoostRegressor,test,43,0.6179574434994197,2.4528533348001584,0.11248337108586882,-3.1439753748717787,5.170685510467025
full_s43,drop_grp__grupo2,JJA,BayesianRidge,val,43,0.7537494558270434,2.010146832702367,0.10070408089749797,-1.927609655019399,3.3520584539151974
full_s43,drop_grp__grupo2,JJA,LinearRegression,val,43,0.750875802485313,2.02184165046393,0.12172334910982961,-1.8899587820242114,3.332470478608956
full_s43,drop_grp__grupo2,JJA,SGDRegressor,val,43,0.7382851832198573,2.0723033916780196,0.13437703104880594,-1.4741409421854523,3.3555051267032043
full_s43,drop_grp__grupo2,JJA,LGBMRegressor,val,43,0.7626850012545535,1.9733393499717853,0.07216091062167015,-1.9964660926935685,3.3936968734396618
full_s43,drop_grp__grupo2,JJA,CatBoostRegressor,val,43,0.7689768424952479,1.9470044321202162,0.08630640023477665,-1.8787218579454819,3.2854937648743805
full_s43,drop_grp__grupo2,JJA,BayesianRidge,test,43,0.694109938611549,2.194817392035961,0.060247878281551474,-2.589976612497819,4.822701732993545
full_s43,drop_grp__grupo2,JJA,LinearRegression,test,43,0.6930123859104753,2.1987514374379273,0.07824422203515394,-2.5216952519045783,4.807200678013594
full_s43,drop_grp__grupo2,JJA,SGDRegressor,test,43,0.691232622668053,2.205115866172243,0.11256746078074807,-2.0477726690842313,4.660958493865792
full_s43,drop_grp__grupo2,JJA,LGBMRegressor,test,43,0.693476578675208,2.1970884540140103,-0.002340951208734914,-2.7419897309070307,4.926419496267138
full_s43,drop_grp__grupo2,JJA,CatBoostRegressor,test,43,0.7053503613485277,2.154113914399494,-0.07636146900865838,-2.7437400624984494,4.872142427851404
full_s43,drop_grp__grupo3,JJA,BayesianRidge,val,43,0.7414091578231441,2.059898174793858,0.12669954229349564,-1.8225852657008812,3.310235002872468
full_s43,drop_grp__grupo3,JJA,LinearRegression,val,43,0.7396846144823963,2.06675549542111,0.15088594614852918,-1.778050255990243,3.2758597090836656
full_s43,drop_grp__grupo3,JJA,SGDRegressor,val,43,0.7339475623306166,2.089405837493193,0.11590411790114152,-1.52833917645183,3.1541651614005666
full_s43,drop_grp__grupo3,JJA,LGBMRegressor,val,43,0.7592967718375743,1.9873764531625195,0.08306578356247839,-2.029876558198144,3.367452581599905
full_s43,drop_grp__grupo3,JJA,CatBoostRegressor,val,43,0.7684825433382166,1.949086232963567,0.10170149773469991,-1.947341050878793,3.2806791183155886
full_s43,drop_grp__grupo3,JJA,BayesianRidge,test,43,0.6913677618181304,2.204633253501089,0.08361259836079549,-2.5619215423847823,4.8164547556459265
full_s43,drop_grp__grupo3,JJA,LinearRegression,test,43,0.6903500665725278,2.208265081251201,0.10401198311626891,-2.4987106963605634,4.80530644633389
full_s43,drop_grp__grupo3,JJA,SGDRegressor,test,43,0.6850193621106277,2.2271919013120622,0.09159441411390358,-2.2940556344535152,4.745589170267012
full_s43,drop_grp__grupo3,JJA,LGBMRegressor,test,43,0.6959961212700629,2.188040074725678,0.03253857599884086,-2.689210181679747,4.865527933333428
full_s43,drop_grp__grupo3,JJA,CatBoostRegressor,test,43,0.7053673197134407,2.1540519242073026,-0.012949325111268383,-2.690851548466081,4.839875191315008
full_s43,drop_grp__grupo4,JJA,BayesianRidge,val,43,0.7283162116160895,2.111402564586031,0.10791412030624967,-1.8062256615441121,3.4159462794063447
full_s43,drop_grp__grupo4,JJA,LinearRegression,val,43,0.727014774416644,2.116453611197383,0.11411479381804769,-1.784479747806583,3.3854105811149133
full_s43,drop_grp__grupo4,JJA,SGDRegressor,val,43,0.7178809821922576,2.151569425054147,0.08481313841187614,-1.9993989346229304,3.594340879049309
full_s43,drop_grp__grupo4,JJA,LGBMRegressor,val,43,0.7566198201965961,1.9983970793549681,0.07477765559957177,-2.040471548435989,3.4226955114217543
full_s43,drop_grp__grupo4,JJA,CatBoostRegressor,val,43,0.7662019129835702,1.9586627284664375,0.11562571342811435,-1.9722688543027758,3.2236698521870477
full_s43,drop_grp__grupo4,JJA,BayesianRidge,test,43,0.6696890088004551,2.2807475774178725,0.0467362997354323,-2.5601895530216976,4.9114452759595855
full_s43,drop_grp__grupo4,JJA,LinearRegression,test,43,0.6699003654299729,2.2800177678278524,0.051584849443230774,-2.509725098788566,4.903030690173819
full_s43,drop_grp__grupo4,JJA,SGDRegressor,test,43,0.6647971531680938,2.297574268884037,0.07836961314305041,-2.633414689663404,4.943304640235711
full_s43,drop_grp__grupo4,JJA,LGBMRegressor,test,43,0.6916682840571189,2.2035596412840732,0.021324187502821584,-2.7589945008578334,4.921863792991856
full_s43,drop_grp__grupo4,JJA,CatBoostRegressor,test,43,0.7012968224814273,2.168880533856202,-0.055803412177564495,-2.753946802400869,4.878739300422069
full_s43,full,JJA,BayesianRidge,val,43,0.7447026774362424,2.0467382817141297,0.13373743334266455,-1.8391058346172708,3.3057574737953677
full_s43,full,JJA,LinearRegression,val,43,0.7420450711511457,2.0573638178066727,0.15100741920153593,-1.8186021547059752,3.2764270941817797
full_s43,full,JJA,SGDRegressor,val,43,0.7488197373158438,2.0301678111920722,0.16759041698456287,-1.7519635438655763,3.2095400546360455
full_s43,full,JJA,LGBMRegressor,val,43,0.750934515566376,2.02160338467326,0.11397680417508219,-1.845810159813533,3.257974645543572
full_s43,full,JJA,CatBoostRegressor,val,43,0.7697782097111312,1.9436246390682108,0.07869209485028975,-1.9879937516223931,3.292667675944006
full_s43,full,JJA,BayesianRidge,test,43,0.6919930936085703,2.202398674413151,0.05463278399589027,-2.6096084668931767,4.848343645288919
full_s43,full,JJA,LinearRegression,test,43,0.6904264364932328,2.207992748835483,0.07587309066148094,-2.5433330832709493,4.838056925265405
full_s43,full,JJA,SGDRegressor,test,43,0.6910091645572979,2.2059136543157214,0.12118008014041398,-2.4931307284854736,4.789862725900303
full_s43,full,JJA,LGBMRegressor,test,43,0.689965053071196,2.2096375145354528,0.011478751811287902,-2.700586706803507,4.901060770225329
full_s43,full,JJA,CatBoostRegressor,test,43,0.7036593521280725,2.1602863555854017,-0.054852992902134884,-2.755429878033987,4.862487296849697
full_s43,add_grp__grupo2,MAM,BaggingRegressor,val,43,0.7038504214601649,1.8135256740312142,0.12511111111111106,-1.8398165137614677,3.023003245756314
full_s43,add_grp__grupo2,MAM,ExtraTreesRegressor,val,43,0.7499687942879588,1.6663462803168871,0.07981296296296268,-1.9871192660550454,3.0219925439649606
full_s43,add_grp__grupo2,MAM,MLPRegressor,val,43,0.697015332246234,1.8343342486393717,0.05483197459468134,-1.9028530304585027,3.1052990104598837
full_s43,add_grp__grupo2,MAM,RandomForestRegressor,val,43,0.7353640124881644,1.714322796595182,0.10920648148148096,-1.9925229357798175,3.0644789625524615
full_s43,add_grp__grupo2,MAM,CatBoostRegressor,val,43,0.7324695288664967,1.7236725919275087,0.10164955033787698,-1.8336687046839835,3.1006818701329144
full_s43,add_grp__grupo2,MAM,BaggingRegressor,test,43,0.614649613055126,2.181072418604624,-0.0315312594382362,-2.799640718562874,4.687179290426045
full_s43,add_grp__grupo2,MAM,ExtraTreesRegressor,test,43,0.6357616048248811,2.1204842349846613,-0.04562700090607101,-2.94452395209581,4.693538196222675
full_s43,add_grp__grupo2,MAM,MLPRegressor,test,43,0.5910012935166642,2.247000418613153,-0.09629592068855658,-2.4960082094112557,4.594418918686464
full_s43,add_grp__grupo2,MAM,RandomForestRegressor,test,43,0.6345905884721619,2.1238901487455486,-0.04508124433705865,-2.8989970059880243,4.649950381874222
full_s43,add_grp__grupo2,MAM,CatBoostRegressor,test,43,0.6331580097420815,2.1280494060590396,-0.0036373364335608653,-2.6409070065553433,4.610515342298721
full_s43,add_grp__grupo3,MAM,BaggingRegressor,val,43,0.7077454797691567,1.8015601520575109,0.15330555555555556,-1.7804587155963305,3.020231931066088
full_s43,add_grp__grupo3,MAM,ExtraTreesRegressor,val,43,0.7473201947415979,1.6751488963671257,0.13701018518518487,-1.9394954128440365,2.9586306915205456
full_s43,add_grp__grupo3,MAM,MLPRegressor,val,43,0.675767396488733,1.897564253992838,0.20203720309116222,-1.6744391380100074,3.099942181881631
full_s43,add_grp__grupo3,MAM,RandomForestRegressor,val,43,0.7391920207395417,1.7018786335497995,0.16416851851851827,-1.866422018348623,3.010515677122748
full_s43,add_grp__grupo3,MAM,CatBoostRegressor,val,43,0.7373257340553787,1.707956920798102,0.15106960147718457,-1.7682569963593155,3.0218387268656715
full_s43,add_grp__grupo3,MAM,BaggingRegressor,test,43,0.6101292987645602,2.193827548233062,0.0009725158562367518,-2.7816467065868262,4.7404207537048535
full_s43,add_grp__grupo3,MAM,ExtraTreesRegressor,test,43,0.6401533785663808,2.107661686122108,0.017958924796133764,-2.824838323353293,4.6981423746471425
full_s43,add_grp__grupo3,MAM,MLPRegressor,test,43,0.5881474271493574,2.254826227504807,0.047385033823795,-2.5226466986947433,4.599545954799796
full_s43,add_grp__grupo3,MAM,RandomForestRegressor,test,43,0.6380776044337242,2.1137319646023753,-0.0009522802778619883,-2.816341317365269,4.675922687773604
full_s43,add_grp__grupo3,MAM,CatBoostRegressor,test,43,0.6411316303950576,2.1047948715358458,0.03569965759367568,-2.5966694996065907,4.595154712788398
full_s43,add_grp__grupo4,MAM,BaggingRegressor,val,43,0.7023936630325645,1.8179805646192517,0.16290740740740742,-1.7072477064220184,3.1515391608813634
full_s43,add_grp__grupo4,MAM,ExtraTreesRegressor,val,43,0.7417224978896373,1.6936023107675062,0.14650555555555528,-1.892825688073395,3.011902321844165
full_s43,add_grp__grupo4,MAM,MLPRegressor,val,43,0.7035539569707225,1.8144331740158195,0.275292628120493,-1.4271305206718794,3.034175865977013
full_s43,add_grp__grupo4,MAM,RandomForestRegressor,val,43,0.7408066019449511,1.6966025541805163,0.17053611111111083,-1.8051376146788982,2.9433028598448105
full_s43,add_grp__grupo4,MAM,CatBoostRegressor,val,43,0.7433358780053473,1.6883043177109234,0.14430737500831145,-1.671944737698398,2.939221066353036
full_s43,add_grp__grupo4,MAM,BaggingRegressor,test,43,0.6113943309891063,2.190265447449912,0.03215644820295983,-2.7280239520958087,4.689246201695936
full_s43,add_grp__grupo4,MAM,ExtraTreesRegressor,test,43,0.6420987471103436,2.1019568454626407,0.031231350045303176,-2.7435119760479045,4.63200547188977
full_s43,add_grp__grupo4,MAM,MLPRegressor,test,43,0.6284128489982347,2.1417685162779474,0.0612529266280229,-2.4132926938062655,4.533103484208262
full_s43,add_grp__grupo4,MAM,RandomForestRegressor,test,43,0.641989128648403,2.102278715859135,0.02249924494110518,-2.7323083832335326,4.626335333691289
full_s43,add_grp__grupo4,MAM,CatBoostRegressor,test,43,0.6380420497163655,2.113835786993379,0.060637205962077945,-2.5953069872391827,4.595251209060768
full_s43,base,MAM,BaggingRegressor,val,43,0.6857963535823386,1.8679866116976003,0.168675925925926,-1.7642201834862385,3.0357578441096704
full_s43,base,MAM,ExtraTreesRegressor,val,43,0.7495707179263991,1.6676722533053203,0.1430481481481479,-1.8511467889908255,2.9248312473864324
full_s43,base,MAM,MLPRegressor,val,43,0.7130292458405181,1.7852003705823254,0.15049238845154092,-2.0500354775595007,3.138945559126247
full_s43,base,MAM,RandomForestRegressor,val,43,0.7352498058357408,1.7146926743858775,0.1574787037037036,-1.8652935779816506,3.0139652947844535
full_s43,base,MAM,CatBoostRegressor,val,43,0.7402545268098283,1.6984084525188852,0.1406068876419817,-1.6574146881364817,2.9858513923127057
full_s43,base,MAM,BaggingRegressor,test,43,0.6109116240607648,2.1916253455116586,0.031908788885533015,-2.702365269461078,4.709244157921965
full_s43,base,MAM,ExtraTreesRegressor,test,43,0.6402810340711926,2.107287806715596,0.02053156146179382,-2.811317365269461,4.662407750929572
full_s43,base,MAM,MLPRegressor,test,43,0.6101201055487245,2.193853413489417,-0.0042306464951912025,-3.097307905037246,4.711824340984769
full_s43,base,MAM,RandomForestRegressor,test,43,0.6356895531213846,2.1206939560744535,0.005686499546964415,-2.7828353293413177,4.662147536243421
full_s43,base,MAM,CatBoostRegressor,test,43,0.6380678284825909,2.1137605116073575,0.05021288892285801,-2.6611571284844833,4.605149094753446
full_s43,ctrl__noise,MAM,BaggingRegressor,val,43,0.6948230748620501,1.8409584862641928,0.14653703703703702,-1.8295412844036694,3.1303755966571787
full_s43,ctrl__noise,MAM,ExtraTreesRegressor,val,43,0.7483554190299344,1.6717138480657552,0.13840462962962935,-1.8636605504587156,2.9665050034981935
full_s43,ctrl__noise,MAM,MLPRegressor,val,43,0.7063285416331532,1.805922125133911,0.24019359777955962,-1.7766608753479236,3.082088035336902
full_s43,ctrl__noise,MAM,RandomForestRegressor,val,43,0.7348343482905932,1.7160375322343728,0.1579712962962962,-1.8601100917431188,3.024705405323107
full_s43,ctrl__noise,MAM,CatBoostRegressor,val,43,0.7349265197687824,1.7157392593202963,0.13459653462779425,-1.761081688537717,3.055716485784005
full_s43,ctrl__noise,MAM,BaggingRegressor,test,43,0.6134628390491144,2.1844283905719353,0.02112956810631226,-2.7435628742514973,4.692887375184671
full_s43,ctrl__noise,MAM,ExtraTreesRegressor,test,43,0.6375824034451316,2.115177529136602,0.04351646028390189,-2.76998502994012,4.679496742543268
full_s43,ctrl__noise,MAM,MLPRegressor,test,43,0.6156055637803335,2.1783654115311872,0.0633218803935837,-2.7211329031251608,4.5666949218316955
full_s43,ctrl__noise,MAM,RandomForestRegressor,test,43,0.6371845044053235,2.116338339533983,0.0013941407429777504,-2.783682634730539,4.652929010552978
full_s43,ctrl__noise,MAM,CatBoostRegressor,test,43,0.6377038906921662,2.114822981460437,0.051922699730689345,-2.635408094088193,4.619841060547401
full_s43,ctrl__perm_static,MAM,BaggingRegressor,val,43,0.7002574419654631,1.824493638530164,0.12857407407407412,-1.8947706422018347,3.142133763409184
full_s43,ctrl__perm_static,MAM,ExtraTreesRegressor,val,43,0.7443278644223547,1.6850385782483395,0.13081759259259226,-1.8670458715596334,2.981703672230161
full_s43,ctrl__perm_static,MAM,MLPRegressor,val,43,0.7086709823031789,1.7987053277665033,0.2664826847888806,-1.5015336710378664,2.959666433127345
full_s43,ctrl__perm_static,MAM,RandomForestRegressor,val,43,0.7390893596326145,1.7022135534302036,0.16697407407407386,-1.8443394495412844,2.959618266669482
full_s43,ctrl__perm_static,MAM,CatBoostRegressor,val,43,0.7427687796547657,1.6901684394040815,0.13473057057144272,-1.6972943376550298,2.938774024604211
full_s43,ctrl__perm_static,MAM,BaggingRegressor,test,43,0.6087171889439462,2.1977969736306195,0.03126849894291752,-2.7073652694610777,4.677652310478468
full_s43,ctrl__perm_static,MAM,ExtraTreesRegressor,test,43,0.6373328406113873,2.115905665492025,0.026237994563575666,-2.75887125748503,4.664893626644042
full_s43,ctrl__perm_static,MAM,MLPRegressor,test,43,0.6156661216544053,2.1781938138676376,0.008360870537603775,-2.4783482540153456,4.597587910208657
full_s43,ctrl__perm_static,MAM,RandomForestRegressor,test,43,0.6427471814438548,2.1000518522743707,0.03142041679250958,-2.7105269461077843,4.587829152152609
full_s43,ctrl__perm_static,MAM,CatBoostRegressor,test,43,0.6367375783846503,2.117641420002295,0.05977597882045132,-2.629675703342701,4.612305815620882
full_s43,drop_grp__grupo1,MAM,BaggingRegressor,val,43,0.5831943100626403,2.151468383152238,0.09541666666666662,-2.6599082568807333,3.793976273423801
full_s43,drop_grp__grupo1,MAM,ExtraTreesRegressor,val,43,0.6315773261816621,2.0227458734399923,0.053031481481481284,-2.6590917431192658,3.712633703767262
full_s43,drop_grp__grupo1,MAM,MLPRegressor,val,43,0.6165217696217917,2.063661709595524,0.1279613243208991,-2.1709834028821473,3.361673731618549
full_s43,drop_grp__grupo1,MAM,RandomForestRegressor,val,43,0.62281728952735,2.0466521561193898,0.08829074074074043,-2.679733944954128,3.7215476274151404
full_s43,drop_grp__grupo1,MAM,CatBoostRegressor,val,43,0.6365465465744631,2.009058342250877,0.028429070961956505,-2.4917618146506273,3.5947351155619924
full_s43,drop_grp__grupo1,MAM,BaggingRegressor,test,43,0.5261933237802054,2.4184815244952724,-0.11073693748112352,-3.5282634730538924,5.037474179366524
full_s43,drop_grp__grupo1,MAM,ExtraTreesRegressor,test,43,0.5574232581635301,2.337418514448859,-0.07443159166415013,-3.415544910179642,4.910327657762446
full_s43,drop_grp__grupo1,MAM,MLPRegressor,test,43,0.5073611009174239,2.4660764540377444,-0.06513549190603043,-3.3524327595076873,5.104882846453072
full_s43,drop_grp__grupo1,MAM,RandomForestRegressor,test,43,0.556114508545006,2.3408719690869257,-0.06843400785261286,-3.46672754491018,4.879982384686476
full_s43,drop_grp__grupo1,MAM,CatBoostRegressor,test,43,0.5704330138860816,2.302807495897102,-0.06144265149494354,-3.2954756205216413,4.840313543782703
full_s43,drop_grp__grupo2,MAM,BaggingRegressor,val,43,0.7116449153069719,1.7895010426041895,0.14371296296296293,-1.766422018348624,3.0984917905566234
full_s43,drop_grp__grupo2,MAM,ExtraTreesRegressor,val,43,0.7492087274392599,1.6688771114024432,0.14314259259259232,-1.8879174311926605,2.951696553049517
full_s43,drop_grp__grupo2,MAM,MLPRegressor,val,43,0.6570055338343379,1.951693903027242,0.21441342874809546,-1.7567012165664533,3.5668185115770803
full_s43,drop_grp__grupo2,MAM,RandomForestRegressor,val,43,0.7437312573050555,1.6870034388755044,0.16360833333333308,-1.8483761467889908,2.9549295665242625
full_s43,drop_grp__grupo2,MAM,CatBoostRegressor,val,43,0.7430165831205375,1.6893541321149907,0.14444027441197624,-1.7192343001362491,2.971095329562613
full_s43,drop_grp__grupo2,MAM,BaggingRegressor,test,43,0.6056647000587847,2.206353083558134,0.009619450317124708,-2.7747305389221557,4.735204818237399
full_s43,drop_grp__grupo2,MAM,ExtraTreesRegressor,test,43,0.6457452375262671,2.0912214977767216,0.017655391120507107,-2.74848502994012,4.637434267655591
full_s43,drop_grp__grupo2,MAM,MLPRegressor,test,43,0.5817703625385962,2.2722158701039734,0.14406350626033873,-2.352517473769045,4.609087352710671
full_s43,drop_grp__grupo2,MAM,RandomForestRegressor,test,43,0.6430256287702601,2.0992332893705385,0.007291150709755101,-2.7466946107784436,4.618232579859599
full_s43,drop_grp__grupo2,MAM,CatBoostRegressor,test,43,0.642640247893546,2.1003661243904657,0.041632071083417564,-2.510512386214362,4.558585452197506
full_s43,drop_grp__grupo3,MAM,BaggingRegressor,val,43,0.6987923793094662,1.8289470255374325,0.10583333333333333,-1.9723853211009172,3.232530039878299
full_s43,drop_grp__grupo3,MAM,ExtraTreesRegressor,val,43,0.7471843253921666,1.6755992109513362,0.10001574074074045,-1.9651009174311924,3.03558122240176
full_s43,drop_grp__grupo3,MAM,MLPRegressor,val,43,0.6933536072236565,1.845385394073677,-0.08418092860115899,-2.0114126017334266,3.365170338099095
full_s43,drop_grp__grupo3,MAM,RandomForestRegressor,val,43,0.7353789480931647,1.7142744191812636,0.1168490740740737,-1.9528348623853218,3.075361679333928
full_s43,drop_grp__grupo3,MAM,CatBoostRegressor,val,43,0.7313073612499028,1.7274124008397735,0.07295317675677974,-1.8533723310030337,3.0908060616859214
full_s43,drop_grp__grupo3,MAM,BaggingRegressor,test,43,0.6124789022620993,2.187206872969405,-0.028779824826336457,-2.8809580838323354,4.738781583719975
full_s43,drop_grp__grupo3,MAM,ExtraTreesRegressor,test,43,0.6398060216331896,2.108678694850255,-0.04361884627000936,-2.859023952095809,4.655128082777731
full_s43,drop_grp__grupo3,MAM,MLPRegressor,test,43,0.5770611376970668,2.2849725252606397,-0.11267095255873351,-2.6014113686041918,4.780486151741457
full_s43,drop_grp__grupo3,MAM,RandomForestRegressor,test,43,0.6374438415772868,2.115581834755386,-0.03332165508909735,-2.8423682634730545,4.631895873207808
full_s43,drop_grp__grupo3,MAM,CatBoostRegressor,test,43,0.6311020942626888,2.1340042545372198,0.006135411935979461,-2.6429418022322615,4.611334322756341
full_s43,drop_grp__grupo4,MAM,BaggingRegressor,val,43,0.696340730964558,1.8363752037339454,0.1545925925925926,-1.8531192660550455,3.1430702864695967
full_s43,drop_grp__grupo4,MAM,ExtraTreesRegressor,val,43,0.7489034641701569,1.6698924815687983,0.11002777777777759,-2.008596330275229,2.9985145297832223
full_s43,drop_grp__grupo4,MAM,MLPRegressor,val,43,0.65589858506652,1.954840724757346,0.005089111460579753,-2.269894032084614,3.356569115864616
full_s43,drop_grp__grupo4,MAM,RandomForestRegressor,val,43,0.7416791672429472,1.6937443707710198,0.12777499999999964,-1.9391376146788988,3.0032469309799295
full_s43,drop_grp__grupo4,MAM,CatBoostRegressor,val,43,0.734978910101097,1.7155696976730932,0.13092771876561796,-1.8246293006791743,3.0543247164518026
full_s43,drop_grp__grupo4,MAM,BaggingRegressor,test,43,0.6131315548131647,2.185364279503228,-0.024657203261854437,-2.7885329341317364,4.6807750202737965
full_s43,drop_grp__grupo4,MAM,ExtraTreesRegressor,test,43,0.6397987957575753,2.1086998459167043,-0.03808879492600441,-2.8900808383233536,4.667550864730914
full_s43,drop_grp__grupo4,MAM,MLPRegressor,test,43,0.5598356354921639,2.331039462239197,-0.09437283792819047,-2.819065763850412,4.774086430581657
full_s43,drop_grp__grupo4,MAM,RandomForestRegressor,test,43,0.6361438698607033,2.119371227980921,-0.04672515856236817,-2.897281437125749,4.656938920983659
full_s43,drop_grp__grupo4,MAM,CatBoostRegressor,test,43,0.6372404733086827,2.1161750971892337,-0.013362929652025627,-2.6541781598545904,4.59990434290654
full_s43,full,MAM,BaggingRegressor,val,43,0.7089651257957856,1.797797057306319,0.16416666666666666,-1.7536697247706428,3.0832193052722783
full_s43,full,MAM,ExtraTreesRegressor,val,43,0.7433728284647902,1.6881827855989386,0.11164537037037,-1.9816055045871555,3.036320831641569
full_s43,full,MAM,MLPRegressor,val,43,0.6669593199405295,1.923166082913348,0.07741217767750777,-1.1195421183874847,3.2509019325677966
full_s43,full,MAM,RandomForestRegressor,val,43,0.7420770896094281,1.6924393298387934,0.13097407407407383,-1.91405504587156,3.0073281628214574
full_s43,full,MAM,CatBoostRegressor,val,43,0.738050841262855,1.7055979007183082,0.10232058847960433,-1.8637894672475792,3.021653127492285
full_s43,full,MAM,BaggingRegressor,test,43,0.6165762644850322,2.175613189754698,-0.03473572938689219,-2.8221257485029936,4.722064179970501
full_s43,full,MAM,ExtraTreesRegressor,test,43,0.6477331228132951,2.0853458439152295,-0.04116490486257955,-2.8316946107784435,4.615578340053785
full_s43,full,MAM,MLPRegressor,test,43,0.544532679589194,2.371214254573813,-0.10250246352711605,-1.9870309903950034,4.779971682978888
full_s43,full,MAM,RandomForestRegressor,test,43,0.6389795720795395,2.1110964449639895,-0.035933554817276,-2.8262455089820357,4.631689910297289
full_s43,full,MAM,CatBoostRegressor,test,43,0.6421941459143876,2.1016766878328026,0.0031923635519344826,-2.611446250712878,4.553334617596407
full_s43,add_grp__grupo2,SON,ExtraTreesRegressor,val,43,0.5706058615713466,2.335651492365541,0.2032853285328531,-2.896605263157895,4.7915822616517225
full_s43,add_grp__grupo2,SON,HistGradientBoostingRegressor,val,43,0.5475173816255219,2.397623219711228,0.18023633728825889,-2.7859419693029595,4.919554670502105
full_s43,add_grp__grupo2,SON,RandomForestRegressor,val,43,0.5611967065879433,2.361102954556663,0.2136966696669663,-2.837947368421054,4.698636375532128
full_s43,add_grp__grupo2,SON,LGBMRegressor,val,43,0.5369646084680781,2.425420695277976,0.19680387683332715,-2.7527980647551145,4.836732512783939
full_s43,add_grp__grupo2,SON,CatBoostRegressor,val,43,0.5790178266139276,2.3126602636313778,0.16617490970179585,-2.6951047639105226,4.688803618888412
full_s43,add_grp__grupo2,SON,ExtraTreesRegressor,test,43,0.6329198125095792,2.240307291325447,-0.0259685893774988,-3.1100985915492974,4.760926596107225
full_s43,add_grp__grupo2,SON,HistGradientBoostingRegressor,test,43,0.6272116766986265,2.257658605720391,-0.019891513397772093,-2.8714117889486306,4.631070290800777
full_s43,add_grp__grupo2,SON,RandomForestRegressor,test,43,0.6180591725989772,2.285204982014296,-0.008095374071959212,-3.0680788732394384,4.775987374650074
full_s43,add_grp__grupo2,SON,LGBMRegressor,test,43,0.6248473576812628,2.264806614539797,-0.01543114375666529,-2.8962691367745945,4.59722319118114
full_s43,add_grp__grupo2,SON,CatBoostRegressor,test,43,0.6431865077931911,2.20875605930205,-0.007550881413342671,-2.9489476126751577,4.60956137481102
full_s43,add_grp__grupo3,SON,ExtraTreesRegressor,val,43,0.5542022966847988,2.3798462413175416,0.23123042304230387,-2.8763508771929835,4.8593557601300175
full_s43,add_grp__grupo3,SON,HistGradientBoostingRegressor,val,43,0.5549782560814502,2.3777741486173833,0.2518851676635142,-2.738916682646491,4.8874334899669485
full_s43,add_grp__grupo3,SON,RandomForestRegressor,val,43,0.5169707621369395,2.4772320782633503,0.22911161116111597,-2.9153859649122817,4.938096156326121
full_s43,add_grp__grupo3,SON,LGBMRegressor,val,43,0.5540372900431918,2.3802866362570145,0.2144090187236044,-2.7438050035806776,4.8937937187555525
full_s43,add_grp__grupo3,SON,CatBoostRegressor,val,43,0.5648781690985456,2.35117752707213,0.198417326214849,-2.7931974380187605,4.868475781894068
full_s43,add_grp__grupo3,SON,ExtraTreesRegressor,test,43,0.6332610175240523,2.239265854303115,-0.04087007424328977,-3.255797183098592,4.795627581894299
full_s43,add_grp__grupo3,SON,HistGradientBoostingRegressor,test,43,0.6264013036736162,2.2601111402085037,-0.0035308145842546652,-2.8796803139668072,4.642091245803323
full_s43,add_grp__grupo3,SON,RandomForestRegressor,test,43,0.6160021149974254,2.291350548994647,-0.04064163335237031,-3.214439436619719,4.823515329633697
full_s43,add_grp__grupo3,SON,LGBMRegressor,test,43,0.6211771930677499,2.2758580921876375,0.019641228188111585,-2.952562661944423,4.702150919136388
full_s43,add_grp__grupo3,SON,CatBoostRegressor,test,43,0.6412449727966618,2.2147571768256147,0.009942004279730327,-2.917979014380858,4.594242591417708
full_s43,add_grp__grupo4,SON,ExtraTreesRegressor,val,43,0.5655775065655699,2.3492873349163146,0.21088658865886556,-2.7985614035087725,4.8570857138390044
full_s43,add_grp__grupo4,SON,HistGradientBoostingRegressor,val,43,0.5563406560009296,2.3741316721432533,0.17821124663257987,-2.917776764760719,4.872065414624484
full_s43,add_grp__grupo4,SON,RandomForestRegressor,val,43,0.5476615852617774,2.3972411348268348,0.19983438343834362,-2.8742719298245616,4.931888171744822
full_s43,add_grp__grupo4,SON,LGBMRegressor,val,43,0.5520432679848597,2.38560215953675,0.17131264454836556,-2.868389553914616,4.86787268252896
full_s43,add_grp__grupo4,SON,CatBoostRegressor,val,43,0.5732084885123387,2.328562354244821,0.17259508468283427,-2.8254818708869043,4.829828256631389
full_s43,add_grp__grupo4,SON,ExtraTreesRegressor,test,43,0.6293917489503734,2.251047513757705,-0.013634494574529069,-3.0868788732394377,4.776281544418136
full_s43,add_grp__grupo4,SON,HistGradientBoostingRegressor,test,43,0.6206638273452783,2.2773996466502,0.0014006386122251714,-2.9829427821902814,4.7384554499659215
full_s43,add_grp__grupo4,SON,RandomForestRegressor,test,43,0.6203665950864263,2.2782917103933507,-0.016528269560251618,-3.120681690140846,4.827224426894366
full_s43,add_grp__grupo4,SON,LGBMRegressor,test,43,0.6150679658065314,2.2941359329161974,-0.02277331213544017,-3.0848610253779474,4.833897596508461
full_s43,add_grp__grupo4,SON,CatBoostRegressor,test,43,0.6361826547414157,2.2303284289996927,0.018137218495031023,-2.9799026129889707,4.682991412740299
full_s43,base,SON,ExtraTreesRegressor,val,43,0.5663775207474882,2.3471231637505903,0.2122169216921688,-2.908061403508773,4.847237798161942
full_s43,base,SON,HistGradientBoostingRegressor,val,43,0.5652625028958845,2.350138925292141,0.1744015691434725,-2.8723625788340192,4.7831795423808
full_s43,base,SON,RandomForestRegressor,val,43,0.544769005365894,2.4048937694426815,0.18658775877587713,-2.9441929824561406,4.915274474319287
full_s43,base,SON,LGBMRegressor,val,43,0.5639053667289988,2.3538043248365734,0.1755997754353844,-2.862423253964069,4.851060611841478
full_s43,base,SON,CatBoostRegressor,val,43,0.5807201579580848,2.30797965919038,0.14892356502844148,-2.8637068330066198,4.834247260668434
full_s43,base,SON,ExtraTreesRegressor,test,43,0.6275222340851629,2.256718020144368,-0.01746344945745314,-3.1648281690140863,4.8393369159333695
full_s43,base,SON,HistGradientBoostingRegressor,test,43,0.6216580357717915,2.2744132514601367,0.0006022094883840586,-2.9599308008654,4.714788479295389
full_s43,base,SON,RandomForestRegressor,test,43,0.6116118522259336,2.304411872464524,-0.02196544831524851,-3.19434647887324,4.847891366502395
full_s43,base,SON,LGBMRegressor,test,43,0.6203947261758367,2.278207297359203,0.01002838848206027,-2.9528940614783594,4.700087401640376
full_s43,base,SON,CatBoostRegressor,test,43,0.6389774794014487,2.2217452837878624,0.015036008570746438,-2.9373499821715203,4.668379743853812
full_s43,ctrl__noise,SON,ExtraTreesRegressor,val,43,0.5650679917601675,2.3506646184674773,0.19811971197119677,-2.9579912280701763,4.904029461181932
full_s43,ctrl__noise,SON,HistGradientBoostingRegressor,val,43,0.5658289149575134,2.3486074483577526,0.14710568224277668,-2.92579630754965,4.865338407517368
full_s43,ctrl__noise,SON,RandomForestRegressor,val,43,0.5406745016520583,2.4156847789798936,0.19675877587758733,-2.9193596491228075,4.909090760669558
full_s43,ctrl__noise,SON,LGBMRegressor,val,43,0.5676048074861495,2.34379926519321,0.15220184831781877,-2.9073809087144253,4.8697719865556985
full_s43,ctrl__noise,SON,CatBoostRegressor,val,43,0.5759940449398828,2.3209509561716493,0.16137816775327002,-2.888624432273514,4.8863088729389625
full_s43,ctrl__noise,SON,ExtraTreesRegressor,test,43,0.6275827683921174,2.2565346341484247,-0.004870359794403397,-3.1765154929577473,4.800066609573041
full_s43,ctrl__noise,SON,HistGradientBoostingRegressor,test,43,0.6227617899981619,2.271093203629023,0.004312227874742133,-2.9817914405415027,4.701240294281637
full_s43,ctrl__noise,SON,RandomForestRegressor,test,43,0.6103132124626974,2.30826124778086,-0.017252998286693598,-3.195715492957748,4.84780292126034
full_s43,ctrl__noise,SON,LGBMRegressor,test,43,0.6183963859919286,2.2841959619837313,-0.010649397507109857,-3.0090226213843807,4.728168634652471
full_s43,ctrl__noise,SON,CatBoostRegressor,test,43,0.6326777183725074,2.241045925395327,0.02641104771619585,-2.994110429524701,4.642172093149273
full_s43,ctrl__perm_static,SON,ExtraTreesRegressor,val,43,0.5582002328812875,2.3691509179465964,0.2227164716471644,-2.8278070175438597,4.942549118569656
full_s43,ctrl__perm_static,SON,HistGradientBoostingRegressor,val,43,0.5564679819798379,2.373790971181017,0.18418025310110658,-2.881927438504656,4.873732935420868
full_s43,ctrl__perm_static,SON,RandomForestRegressor,val,43,0.5480183175643494,2.3962956678992677,0.2137614761476144,-2.8352807017543866,4.9002397649896645
full_s43,ctrl__perm_static,SON,LGBMRegressor,val,43,0.5616467681548281,2.359891803310197,0.15149413886297675,-2.8258482959847764,4.869782484343393
full_s43,ctrl__perm_static,SON,CatBoostRegressor,val,43,0.5785043313559167,2.3140702736596057,0.17479650392466697,-2.7929322984586746,4.7808070441677355
full_s43,ctrl__perm_static,SON,ExtraTreesRegressor,test,43,0.6277959941906147,2.2558885573179945,-0.006764420331239594,-3.0754338028169026,4.779578267387669
full_s43,ctrl__perm_static,SON,HistGradientBoostingRegressor,test,43,0.6118738803827654,2.3036343993669393,0.014498788524394726,-3.0838616719085175,4.783545277039445
full_s43,ctrl__perm_static,SON,RandomForestRegressor,test,43,0.6190518054258515,2.282233520123856,-0.012314962878355479,-3.097053521126761,4.827696451827301
full_s43,ctrl__perm_static,SON,LGBMRegressor,test,43,0.6140597843476392,2.2971382718291635,-0.024373274083395638,-3.089634175145488,4.816295161117049
full_s43,ctrl__perm_static,SON,CatBoostRegressor,test,43,0.6312393159029822,2.2454295097238557,0.030076170419948315,-2.954345365607756,4.680222508677483
full_s43,drop_grp__grupo1,SON,ExtraTreesRegressor,val,43,0.49706759920402743,2.527753923246812,0.07780288028802854,-3.5856052631578947,5.104328545803922
full_s43,drop_grp__grupo1,SON,HistGradientBoostingRegressor,val,43,0.47873148158758183,2.573420367229105,0.07068884552717385,-3.337695484860607,5.055718873612704
full_s43,drop_grp__grupo1,SON,RandomForestRegressor,val,43,0.4664145912702724,2.603646132218851,0.10272457245724552,-3.4753771929824566,5.182955790672941
full_s43,drop_grp__grupo1,SON,LGBMRegressor,val,43,0.47064015916204704,2.593316247337137,0.11187824319652123,-3.189680029426821,4.986543945221238
full_s43,drop_grp__grupo1,SON,CatBoostRegressor,val,43,0.4981361008474462,2.5250673342614927,0.10135131534568147,-3.263456643342231,4.947922528892941
full_s43,drop_grp__grupo1,SON,ExtraTreesRegressor,test,43,0.5897681013261817,2.368327912250094,-0.10073900628212476,-3.5925492957746488,4.920347764819126
full_s43,drop_grp__grupo1,SON,HistGradientBoostingRegressor,test,43,0.5691639819057235,2.427074579480244,-0.08837844928177759,-3.3718086523804067,4.865052131626533
full_s43,drop_grp__grupo1,SON,RandomForestRegressor,test,43,0.5715009923695811,2.4204829631088445,-0.08345259851513445,-3.650805633802818,4.990172203413256
full_s43,drop_grp__grupo1,SON,LGBMRegressor,test,43,0.5743215606948269,2.4125034702886237,-0.08099106498572703,-3.291431013204504,4.783935296201742
full_s43,drop_grp__grupo1,SON,CatBoostRegressor,test,43,0.5905696922608747,2.366012930798454,-0.06049987059278048,-3.259767161584227,4.7243602939227545
full_s43,drop_grp__grupo2,SON,ExtraTreesRegressor,val,43,0.5678628000106005,2.34309993628764,0.20080558055805553,-2.716421052631579,4.83384449444655
full_s43,drop_grp__grupo2,SON,HistGradientBoostingRegressor,val,43,0.5422519226572816,2.411533225107661,0.2389852871631829,-2.8165104957084264,4.9103028629456436
full_s43,drop_grp__grupo2,SON,RandomForestRegressor,val,43,0.5327023843629202,2.4365580792641413,0.2178640864086403,-2.737877192982457,4.983708785950268
full_s43,drop_grp__grupo2,SON,LGBMRegressor,val,43,0.5457079446040505,2.4024123757209987,0.24179189661019798,-2.6860628197999374,4.928424480912372
full_s43,drop_grp__grupo2,SON,CatBoostRegressor,val,43,0.5628556624235522,2.356635491852375,0.24563521103395197,-2.7420595121515636,4.874571195548832
full_s43,drop_grp__grupo2,SON,ExtraTreesRegressor,test,43,0.6407632121099465,2.2162437413243725,-0.038605939463164055,-3.0943408450704233,4.73010333538077
full_s43,drop_grp__grupo2,SON,HistGradientBoostingRegressor,test,43,0.6208511255819456,2.2768373411878295,0.026380865934852126,-2.946912587568988,4.656935456580368
full_s43,drop_grp__grupo2,SON,RandomForestRegressor,test,43,0.6213416218674058,2.275364118192909,-0.026571673329526334,-3.087523943661972,4.820432218655076
full_s43,drop_grp__grupo2,SON,LGBMRegressor,test,43,0.625370946764717,2.2632256019989443,0.013628562135399645,-2.8674098491689115,4.6742606341946304
full_s43,drop_grp__grupo2,SON,CatBoostRegressor,test,43,0.6474535142200681,2.195509470891568,0.01950801327514067,-2.8768510236897566,4.5610228620133375
full_s43,drop_grp__grupo3,SON,ExtraTreesRegressor,val,43,0.5758053263971221,2.321467408535577,0.1972907290729071,-2.742543859649123,4.771099764720108
full_s43,drop_grp__grupo3,SON,HistGradientBoostingRegressor,val,43,0.5423386050374152,2.4113048818909375,0.1928827234922678,-2.7361429165087445,4.907241445467465
full_s43,drop_grp__grupo3,SON,RandomForestRegressor,val,43,0.563781078361717,2.354139721826848,0.1816318631863182,-2.800631578947369,4.831545786206577
full_s43,drop_grp__grupo3,SON,LGBMRegressor,val,43,0.5630907525737073,2.356001723723234,0.1691279062032904,-2.6816326211444537,4.778385840269025
full_s43,drop_grp__grupo3,SON,CatBoostRegressor,val,43,0.5703270571008556,2.3364096354672026,0.14322925368358486,-2.78951138994036,4.777602021837552
full_s43,drop_grp__grupo3,SON,ExtraTreesRegressor,test,43,0.6363466507813533,2.229825695605212,-0.025905197030268754,-2.989611267605635,4.713498934809544
full_s43,drop_grp__grupo3,SON,HistGradientBoostingRegressor,test,43,0.615123563361706,2.293970250479152,0.004671388912424247,-2.9848643866486704,4.7094333036915925
full_s43,drop_grp__grupo3,SON,RandomForestRegressor,test,43,0.625571875271461,2.2626185915071777,-0.02044346087949785,-3.0406450704225367,4.786933327769153
full_s43,drop_grp__grupo3,SON,LGBMRegressor,test,43,0.6198609329305933,2.2798085191280637,0.00045366894841183416,-2.9382975346736484,4.668791378929998
full_s43,drop_grp__grupo3,SON,CatBoostRegressor,test,43,0.6468821689294201,2.197287798337022,0.006891791372334754,-2.9012895593643875,4.5945426613936915
full_s43,drop_grp__grupo4,SON,ExtraTreesRegressor,val,43,0.5711241780742553,2.3342413982899344,0.2130297029702967,-2.8576403508771935,4.754269996724458
full_s43,drop_grp__grupo4,SON,HistGradientBoostingRegressor,val,43,0.5494198764463301,2.392577423000718,0.20480576596657538,-2.685023109779835,4.875493950660967
full_s43,drop_grp__grupo4,SON,RandomForestRegressor,val,43,0.5519233725219894,2.3859213909700356,0.22798919891989158,-2.795394736842106,4.724257829951669
full_s43,drop_grp__grupo4,SON,LGBMRegressor,val,43,0.5583768052042073,2.368677436158993,0.19178082194814347,-2.667799333266541,4.821794958267939
full_s43,drop_grp__grupo4,SON,CatBoostRegressor,val,43,0.5698520092354236,2.3377008498883542,0.17090891329758398,-2.820463821319763,4.827784563625334
full_s43,drop_grp__grupo4,SON,ExtraTreesRegressor,test,43,0.6381665422098004,2.2242391521203926,-0.03944717304397528,-3.1007154929577476,4.748312580334553
full_s43,drop_grp__grupo4,SON,HistGradientBoostingRegressor,test,43,0.6256491515211455,2.2623850944886272,-0.011979122182075908,-2.9433445656357,4.633637736773368
full_s43,drop_grp__grupo4,SON,RandomForestRegressor,test,43,0.6228293539539834,2.2708898163422364,-0.03443917761279295,-3.136321126760564,4.7843263248965995
full_s43,drop_grp__grupo4,SON,LGBMRegressor,test,43,0.625103107591505,2.2640344983740186,-0.007150799193886189,-2.8901590295525597,4.634791894128103
full_s43,drop_grp__grupo4,SON,CatBoostRegressor,test,43,0.6490573252586471,2.1905098520342334,0.008422373255453483,-2.862197422232842,4.539635786739519
full_s43,full,SON,ExtraTreesRegressor,val,43,0.5755293602998715,2.3222224181796087,0.2002880288028799,-2.672394736842106,4.71786404707328
full_s43,full,SON,HistGradientBoostingRegressor,val,43,0.5621448925213142,2.3585505861530014,0.21490305871628035,-2.648984606396018,4.76942467462946
full_s43,full,SON,RandomForestRegressor,val,43,0.5567923763771878,2.3729227302060116,0.19484878487848753,-2.6581666666666677,4.875012261792946
full_s43,full,SON,LGBMRegressor,val,43,0.5606250580196368,2.362640410911844,0.18307363551728092,-2.6344191175883513,4.877999159686647
full_s43,full,SON,CatBoostRegressor,val,43,0.5708644034886473,2.3349482285267844,0.17142313066518539,-2.7027530156208432,4.752289751637678
full_s43,full,SON,ExtraTreesRegressor,test,43,0.6419307829857754,2.2126392557982104,-0.04318389491719049,-3.010963380281691,4.7000680690306105
full_s43,full,SON,HistGradientBoostingRegressor,test,43,0.625344194831849,2.2633064080362866,0.011062001046349008,-2.8684425916630736,4.60935497155517
full_s43,full,SON,RandomForestRegressor,test,43,0.6279905216490589,2.2552989752431327,-0.046000571102227716,-3.045185915492959,4.790917129700949
full_s43,full,SON,LGBMRegressor,test,43,0.621193924410024,2.2758078330949076,0.012644125548644096,-2.887148436695312,4.646871350976511
full_s43,full,SON,CatBoostRegressor,test,43,0.6484744352306469,2.192328235351465,0.003507636107261884,-2.873204586061934,4.531820404361173
full_s44,add_grp__grupo2,DJF,HistGradientBoostingRegressor,val,44,0.49761260542593044,2.250361153666989,0.21786765015341078,-2.317878701983548,4.415196481957779
full_s44,add_grp__grupo2,DJF,MLPRegressor,val,44,0.41706239495527053,2.4240629375571303,0.2405954929125511,-2.0968275594711305,4.420319643422986
full_s44,add_grp__grupo2,DJF,RandomForestRegressor,val,44,0.5091141942917193,2.2244522749946363,0.2622745762711855,-2.4777250000000017,4.306216311914673
full_s44,add_grp__grupo2,DJF,LGBMRegressor,val,44,0.5033168264210246,2.237549125423184,0.19082317714823338,-2.439033866258364,4.289030696765352
full_s44,add_grp__grupo2,DJF,CatBoostRegressor,val,44,0.5052752225273502,2.2331334981456425,0.22739676471072803,-2.45582985328107,4.387296009004389
full_s44,add_grp__grupo2,DJF,HistGradientBoostingRegressor,test,44,0.4107611585833365,2.49540008050494,-0.009234607565702357,-4.045174261226454,5.606256747942077
full_s44,add_grp__grupo2,DJF,MLPRegressor,test,44,0.29706147563917173,2.7255438525261027,-0.002816538721667611,-3.710417547031325,5.734745469497679
full_s44,add_grp__grupo2,DJF,RandomForestRegressor,test,44,0.39481071747278185,2.5289492576486454,0.05111918173732512,-4.211714285714287,5.76675645402162
full_s44,add_grp__grupo2,DJF,LGBMRegressor,test,44,0.39589712612566585,2.526678309882101,-0.05073166867120586,-4.216476195961383,5.789929159446423
full_s44,add_grp__grupo2,DJF,CatBoostRegressor,test,44,0.4106891357163468,2.4955525826516074,0.029051074633921797,-4.061560975916942,5.632716756860453
full_s44,add_grp__grupo3,DJF,HistGradientBoostingRegressor,val,44,0.4896165145189132,2.2681990387461743,0.21914147507813858,-2.4064314357491394,4.430588660505265
full_s44,add_grp__grupo3,DJF,MLPRegressor,val,44,0.40259722282016885,2.4539543188507604,0.12268719515558014,-2.2339339423179627,4.930807779207464
full_s44,add_grp__grupo3,DJF,RandomForestRegressor,val,44,0.4899629859269108,2.267429029965922,0.2528499999999994,-2.5187083333333344,4.422530479450274
full_s44,add_grp__grupo3,DJF,LGBMRegressor,val,44,0.49592526775606605,2.2541370607076647,0.2129977909680226,-2.40041328563486,4.455277680123506
full_s44,add_grp__grupo3,DJF,CatBoostRegressor,val,44,0.5192118817767829,2.2014545237602183,0.20244134309992334,-2.4770593271030874,4.382979887329164
full_s44,add_grp__grupo3,DJF,HistGradientBoostingRegressor,test,44,0.39339898456816547,2.5318971958768497,0.03846379351980642,-4.095176605701052,5.627036497474177
full_s44,add_grp__grupo3,DJF,MLPRegressor,test,44,0.29935841599545776,2.72108717957776,-0.016195163887967143,-3.951441144526179,5.777334515919858
full_s44,add_grp__grupo3,DJF,RandomForestRegressor,test,44,0.3769160097392661,2.56606585331202,0.05340675956122095,-4.291906705539359,5.859673545370002
full_s44,add_grp__grupo3,DJF,LGBMRegressor,test,44,0.3937277283229572,2.5312110297054713,0.022936954079850386,-4.0631901204000735,5.648312045661451
full_s44,add_grp__grupo3,DJF,CatBoostRegressor,test,44,0.4116750232175592,2.493464241748243,0.05572894644549274,-4.064788578005656,5.575426664530878
full_s44,add_grp__grupo4,DJF,HistGradientBoostingRegressor,val,44,0.46000571178302907,2.333068222326014,0.20691870049008174,-2.5087458727269483,4.546974637098296
full_s44,add_grp__grupo4,DJF,MLPRegressor,val,44,0.511425444286177,2.219209374075188,0.2590454455553476,-2.1674268492062887,4.2088044853999165
full_s44,add_grp__grupo4,DJF,RandomForestRegressor,val,44,0.4845322694755786,2.279468508338835,0.22600084745762633,-2.4695083333333354,4.466166431254737
full_s44,add_grp__grupo4,DJF,LGBMRegressor,val,44,0.468842180720335,2.3139003135478804,0.19641398764108944,-2.454543909705189,4.4995538242544635
full_s44,add_grp__grupo4,DJF,CatBoostRegressor,val,44,0.48719306884582625,2.2735776879272627,0.19697622486936733,-2.5620131634166228,4.464363787819991
full_s44,add_grp__grupo4,DJF,HistGradientBoostingRegressor,test,44,0.37685479685564416,2.5661918976617595,0.043575651098168106,-4.173461790847927,5.705136826400491
full_s44,add_grp__grupo4,DJF,MLPRegressor,test,44,0.3603238687609973,2.6000073412099645,0.08263008633389375,-3.9085685738321647,5.681463138593802
full_s44,add_grp__grupo4,DJF,RandomForestRegressor,test,44,0.36955662842213466,2.581175550873921,0.06963296768455333,-4.30795335276968,5.854935955063972
full_s44,add_grp__grupo4,DJF,LGBMRegressor,test,44,0.3813528708668503,2.5569133003722357,0.055268542545470464,-4.077346790397806,5.6536596650799105
full_s44,add_grp__grupo4,DJF,CatBoostRegressor,test,44,0.3897300244147571,2.53954260487021,0.06302965763808581,-4.119142451665031,5.66474062502239
full_s44,base,DJF,HistGradientBoostingRegressor,val,44,0.4634626282400115,2.3255883549407046,0.21279242203861268,-2.5103285877398998,4.529378935806313
full_s44,base,DJF,MLPRegressor,val,44,0.47968309392272135,2.290165267601797,0.33364718914031977,-2.130794724623362,4.275723474071605
full_s44,base,DJF,RandomForestRegressor,val,44,0.47284031530183357,2.305175260993902,0.2526262711864399,-2.5419166666666686,4.535635526950257
full_s44,base,DJF,LGBMRegressor,val,44,0.4713796874401235,2.3083665844715853,0.21441509039819287,-2.4457992482995374,4.525899875791992
full_s44,base,DJF,CatBoostRegressor,val,44,0.4882782209670051,2.2711708520560405,0.20624695055366088,-2.5233858464900765,4.497759727532183
full_s44,base,DJF,HistGradientBoostingRegressor,test,44,0.38555438729515723,2.548215922702711,0.05100108920013241,-4.150834371743463,5.656584579923411
full_s44,base,DJF,MLPRegressor,test,44,0.3545067571391112,2.611802609652397,0.05969437297500985,-4.082811599987242,5.759129385988554
full_s44,base,DJF,RandomForestRegressor,test,44,0.36739112218657866,2.5856047830211057,0.06893062555588435,-4.287927113702625,5.843811978514815
full_s44,base,DJF,LGBMRegressor,test,44,0.38852178368154244,2.5420553137643163,0.05046660941436769,-4.153401395614971,5.667127304488221
full_s44,base,DJF,CatBoostRegressor,test,44,0.3985946742958363,2.5210307102718894,0.037160328628857604,-4.136345650735218,5.661690493956581
full_s44,ctrl__noise,DJF,HistGradientBoostingRegressor,val,44,0.46026977219666143,2.3324977104638753,0.20860970397115822,-2.5218844965988367,4.611776753863836
full_s44,ctrl__noise,DJF,MLPRegressor,val,44,0.4810556683464101,2.287142592354436,0.17852337173910346,-2.45687052097164,4.33926619586881
full_s44,ctrl__noise,DJF,RandomForestRegressor,val,44,0.47171501352974954,2.307634321337969,0.24064067796610095,-2.589233333333335,4.568279196444397
full_s44,ctrl__noise,DJF,LGBMRegressor,val,44,0.472685261162194,2.3055142481153,0.21083084670707053,-2.5519168423187937,4.500943141558897
full_s44,ctrl__noise,DJF,CatBoostRegressor,val,44,0.49212043971053143,2.2626283416587447,0.2023600361467438,-2.5233462204665558,4.4666612819109615
full_s44,ctrl__noise,DJF,HistGradientBoostingRegressor,test,44,0.3897010255603488,2.539602941241305,0.04534845450712982,-4.103430047314529,5.630738066649061
full_s44,ctrl__noise,DJF,MLPRegressor,test,44,0.3486839327158253,2.6235563538039544,-0.06025455864551003,-4.285814037250978,5.772533837822156
full_s44,ctrl__noise,DJF,RandomForestRegressor,test,44,0.36799592300534967,2.584368513753968,0.06880581085087421,-4.299772594752188,5.835730959934214
full_s44,ctrl__noise,DJF,LGBMRegressor,test,44,0.38594210807671425,2.5474118220984017,0.04088256344011591,-4.172758614185047,5.6565732455581506
full_s44,ctrl__noise,DJF,CatBoostRegressor,test,44,0.39321119701445395,2.5322890695936024,0.061191985440602004,-4.14264201647078,5.642813343222173
full_s44,ctrl__perm_static,DJF,HistGradientBoostingRegressor,val,44,0.48384317890076556,2.280991625659347,0.2139827263002553,-2.4383583771441266,4.4716639209200455
full_s44,ctrl__perm_static,DJF,MLPRegressor,val,44,0.49387047461065625,2.2587267321077364,0.2665392991243783,-2.0173969078063965,4.272683397511468
full_s44,ctrl__perm_static,DJF,RandomForestRegressor,val,44,0.47878689357343873,2.2921367237077046,0.23158728813559237,-2.488841666666668,4.51296876512568
full_s44,ctrl__perm_static,DJF,LGBMRegressor,val,44,0.4653220834973467,2.3215550099327835,0.21580839296130358,-2.448469542288737,4.518345492402842
full_s44,ctrl__perm_static,DJF,CatBoostRegressor,val,44,0.4862901001814829,2.2755785057233004,0.21710771430885636,-2.545565128446317,4.467942982973691
full_s44,ctrl__perm_static,DJF,HistGradientBoostingRegressor,test,44,0.37706935888534776,2.5657500626416203,0.03354397046032697,-4.168251525790349,5.7165786593489125
full_s44,ctrl__perm_static,DJF,MLPRegressor,test,44,0.36115827536102896,2.5983110365375697,0.11658471560145993,-3.765789525223891,5.615514943358349
full_s44,ctrl__perm_static,DJF,RandomForestRegressor,test,44,0.37263566224321043,2.5748647109837735,0.05677319893270036,-4.29825364431487,5.851416037285285
full_s44,ctrl__perm_static,DJF,LGBMRegressor,test,44,0.3765696448446417,2.566778976790926,0.049998218141529834,-4.136879702799161,5.690287542720274
full_s44,ctrl__perm_static,DJF,CatBoostRegressor,test,44,0.3884731915004569,2.5421563161834744,0.07823473534754637,-4.110977321790321,5.644761293480774
full_s44,drop_grp__grupo1,DJF,HistGradientBoostingRegressor,val,44,0.45026063528229354,2.354026098510321,0.09331619454323105,-3.085833857204366,4.580946430054944
full_s44,drop_grp__grupo1,DJF,MLPRegressor,val,44,0.3603759561819867,2.5391902728072457,-0.045973461522894395,-2.881502247651418,5.009842713730038
full_s44,drop_grp__grupo1,DJF,RandomForestRegressor,val,44,0.4602433337505403,2.3325548379478453,0.17043983050847372,-3.0786250000000015,4.434213914739193
full_s44,drop_grp__grupo1,DJF,LGBMRegressor,val,44,0.4413085003429015,2.3731155615902386,0.13167597130469838,-3.078383333340605,4.5271335960811205
full_s44,drop_grp__grupo1,DJF,CatBoostRegressor,val,44,0.49472210313890297,2.256825631813761,0.10671051734281921,-2.9881898743983775,4.334067838077795
full_s44,drop_grp__grupo1,DJF,HistGradientBoostingRegressor,test,44,0.34380327174724457,2.6333678655211576,-0.04993967255663042,-4.390124664311566,5.853517665072653
full_s44,drop_grp__grupo1,DJF,MLPRegressor,test,44,0.22772045154167597,2.85681270291163,-0.11066955261897732,-4.536533224756447,6.168979118066979
full_s44,drop_grp__grupo1,DJF,RandomForestRegressor,test,44,0.3413506726092185,2.638284510045166,0.003227690483248777,-4.543160349854229,5.865802008847306
full_s44,drop_grp__grupo1,DJF,LGBMRegressor,test,44,0.3456413111439516,2.629677182633641,-0.03929440746274939,-4.407788266540431,5.854397477642897
full_s44,drop_grp__grupo1,DJF,CatBoostRegressor,test,44,0.3692845935237048,2.581732376538704,-0.04460976582734849,-4.347654043079478,5.767005457236941
full_s44,drop_grp__grupo2,DJF,HistGradientBoostingRegressor,val,44,0.500693360134425,2.2434506779021057,0.1913755208609729,-2.3715370680448444,4.373645358596252
full_s44,drop_grp__grupo2,DJF,MLPRegressor,val,44,0.40498194755753225,2.449051548461335,-0.011571518202959477,-2.8796412158012386,4.910450236072052
full_s44,drop_grp__grupo2,DJF,RandomForestRegressor,val,44,0.49709708324727575,2.2515154557447805,0.2494677966101686,-2.4694500000000024,4.3687436332810075
full_s44,drop_grp__grupo2,DJF,LGBMRegressor,val,44,0.5011853235368624,2.2423451772533007,0.18433859947578,-2.504959547344922,4.381204816925806
full_s44,drop_grp__grupo2,DJF,CatBoostRegressor,val,44,0.5044160179423303,2.235071834646392,0.21337131835009923,-2.4955957062133605,4.403630362410397
full_s44,drop_grp__grupo2,DJF,HistGradientBoostingRegressor,test,44,0.38701286413712965,2.54518984368216,0.04466819399463213,-4.085803585193064,5.644377420381167
full_s44,drop_grp__grupo2,DJF,MLPRegressor,test,44,0.30089431444791725,2.718103052886845,-0.09681593416849019,-4.401825844789733,6.007091511602802
full_s44,drop_grp__grupo2,DJF,RandomForestRegressor,test,44,0.38434073646060973,2.550731294835349,0.06769018677734906,-4.24831778425656,5.805861788811992
full_s44,drop_grp__grupo2,DJF,LGBMRegressor,test,44,0.3962425270092146,2.5259558818488106,0.023001487718638393,-4.130663266062462,5.65463359834523
full_s44,drop_grp__grupo2,DJF,CatBoostRegressor,test,44,0.40448025988901515,2.508664488946055,0.05871004610359382,-3.9942544480622635,5.565848160177895
full_s44,drop_grp__grupo3,DJF,HistGradientBoostingRegressor,val,44,0.4914450957494222,2.2641321871256954,0.21870505327695638,-2.3480309689793355,4.384371284366548
full_s44,drop_grp__grupo3,DJF,MLPRegressor,val,44,0.44233211968562436,2.370940586065544,0.15697704860719586,-2.3837549614906313,4.4566704577449645
full_s44,drop_grp__grupo3,DJF,RandomForestRegressor,val,44,0.5176403424565759,2.20504950634305,0.2539271186440671,-2.386041666666668,4.264496931057637
full_s44,drop_grp__grupo3,DJF,LGBMRegressor,val,44,0.502473572119933,2.2394477429474215,0.23032562315952085,-2.2634520136481644,4.265345506498256
full_s44,drop_grp__grupo3,DJF,CatBoostRegressor,val,44,0.5047844874156435,2.2342407859159397,0.22347480055133892,-2.442261183411561,4.30587200479534
full_s44,drop_grp__grupo3,DJF,HistGradientBoostingRegressor,test,44,0.3926846409968343,2.5333875596249236,-0.0025851622231284604,-4.137905562016144,5.675718902247455
full_s44,drop_grp__grupo3,DJF,MLPRegressor,test,44,0.30582296893632066,2.7085048719655527,-0.059676366456000995,-4.133816588098732,5.968416752108761
full_s44,drop_grp__grupo3,DJF,RandomForestRegressor,test,44,0.39999591034905724,2.518092077180853,0.06405366142899434,-4.172682215743442,5.7148561470382715
full_s44,drop_grp__grupo3,DJF,LGBMRegressor,test,44,0.39984511863826366,2.5184084779896074,-0.0447606148836899,-4.185044734778583,5.737860231778321
full_s44,drop_grp__grupo3,DJF,CatBoostRegressor,test,44,0.41763694516240346,2.4807980339681217,0.0021859261482735635,-4.092029237134236,5.6306710038073575
full_s44,drop_grp__grupo4,DJF,HistGradientBoostingRegressor,val,44,0.502679315312656,2.238984653203384,0.2169758685995799,-2.3081919240562336,4.406069943786881
full_s44,drop_grp__grupo4,DJF,MLPRegressor,val,44,0.33636046584906143,2.5864195851843137,0.17216794636289953,-2.32682739575704,4.852649793920437
full_s44,drop_grp__grupo4,DJF,RandomForestRegressor,val,44,0.5041393515576995,2.235695626967293,0.2829788135593213,-2.4557250000000015,4.272948641356069
full_s44,drop_grp__grupo4,DJF,LGBMRegressor,val,44,0.5056828830139253,2.232213241121158,0.21001342581935808,-2.3544742464047634,4.331150890329644
full_s44,drop_grp__grupo4,DJF,CatBoostRegressor,val,44,0.5145986380278258,2.2119909745892383,0.18968035670101174,-2.4819464077347457,4.358787829470194
full_s44,drop_grp__grupo4,DJF,HistGradientBoostingRegressor,test,44,0.40209800459880585,2.5136771812641365,0.011730482049223435,-4.033703517477787,5.618572220909987
full_s44,drop_grp__grupo4,DJF,MLPRegressor,test,44,0.23162413352545075,2.8495833150598813,-0.05299282698824959,-4.005010845084232,5.961947095585596
full_s44,drop_grp__grupo4,DJF,RandomForestRegressor,test,44,0.3932777458108735,2.5321502029815552,0.055887340646308396,-4.225842565597668,5.774793907697906
full_s44,drop_grp__grupo4,DJF,LGBMRegressor,test,44,0.4053611425252722,2.5068084154747794,0.004112640934419205,-4.028445641868766,5.6269364874305685
full_s44,drop_grp__grupo4,DJF,CatBoostRegressor,test,44,0.41959670841606345,2.476620335979221,0.020129150946327536,-4.093511101409154,5.61179047743593
full_s44,full,DJF,HistGradientBoostingRegressor,val,44,0.5253969631544329,2.1872484213000636,0.18501001088292626,-2.2562981879374795,4.24919275973213
full_s44,full,DJF,MLPRegressor,val,44,0.33651028727394316,2.586127617240563,0.13614621509939942,-2.441961082617442,4.606017651201052
full_s44,full,DJF,RandomForestRegressor,val,44,0.5247600449391709,2.1887155750905753,0.26501271186440606,-2.415850000000002,4.213480590121822
full_s44,full,DJF,LGBMRegressor,val,44,0.5051212654749445,2.233480943758725,0.21129958217904035,-2.4152334892547227,4.277136002097799
full_s44,full,DJF,CatBoostRegressor,val,44,0.5201054150076232,2.199407897098427,0.23671474006401594,-2.3636503738624914,4.210493523866177
full_s44,full,DJF,HistGradientBoostingRegressor,test,44,0.4065727620588835,2.5042532117896448,0.0007102115080078688,-4.036811680291998,5.604849911680274
full_s44,full,DJF,MLPRegressor,test,44,0.1987030250292111,2.9099883673840754,-0.01086774873267004,-4.049973871965102,6.040774525892686
full_s44,full,DJF,RandomForestRegressor,test,44,0.4019474891354764,2.513993557091847,0.06460243107026338,-4.1577463556851315,5.707932915864698
full_s44,full,DJF,LGBMRegressor,test,44,0.4036608552090657,2.5103897926314622,0.013428539404022116,-4.063485436779947,5.644448969619418
full_s44,full,DJF,CatBoostRegressor,test,44,0.4157459018032186,2.484822580508974,0.030968692121260927,-4.037213069292565,5.578344384903036
full_s44,add_grp__grupo2,JJA,BayesianRidge,val,44,0.7255905335762411,2.121967496100093,0.09799349720449384,-1.7737847843685663,3.425976222324299
full_s44,add_grp__grupo2,JJA,LinearRegression,val,44,0.7247105760940393,2.125367062921813,0.11277493213085417,-1.7407041377849404,3.3911377173801824
full_s44,add_grp__grupo2,JJA,SGDRegressor,val,44,0.7034244002242325,2.2060070253837796,0.11425180777590084,-1.51251369217363,3.4595510698974494
full_s44,add_grp__grupo2,JJA,LGBMRegressor,val,44,0.7475158466587404,2.035430347285181,0.0958516885849912,-2.053263641330313,3.4520618996908454
full_s44,add_grp__grupo2,JJA,CatBoostRegressor,val,44,0.7677343523977938,1.9522331066399718,0.10402860147430998,-1.9278517580787204,3.256167476836406
full_s44,add_grp__grupo2,JJA,BayesianRidge,test,44,0.668822456317206,2.2837373249458186,0.07335887529374854,-2.514673203624978,4.896701072121938
full_s44,add_grp__grupo2,JJA,LinearRegression,test,44,0.6691616425382351,2.2825675435316772,0.08029859288496095,-2.4717914468616846,4.883609544485732
full_s44,add_grp__grupo2,JJA,SGDRegressor,test,44,0.6634289463060674,2.3022585304502963,0.04777684194718632,-2.415608727911828,4.947145277754018
full_s44,add_grp__grupo2,JJA,LGBMRegressor,test,44,0.6973806572447361,2.183051853297575,0.07236644881720915,-2.6500625549165577,4.842127978659427
full_s44,add_grp__grupo2,JJA,CatBoostRegressor,test,44,0.7010330613194025,2.169837906026991,-0.06374301274894889,-2.764051837389897,4.872578424785096
full_s44,add_grp__grupo3,JJA,BayesianRidge,val,44,0.7381879742912152,2.072688214540997,0.07069601408317064,-1.893323435224928,3.454443448161759
full_s44,add_grp__grupo3,JJA,LinearRegression,val,44,0.7364424746304784,2.0795860384501794,0.0811317986409825,-1.8628859528550155,3.4376417461296156
full_s44,add_grp__grupo3,JJA,SGDRegressor,val,44,0.7379683290861754,2.0735574652625237,0.09718690311734982,-1.6427641968105204,3.359337050561617
full_s44,add_grp__grupo3,JJA,LGBMRegressor,val,44,0.7581600774758867,1.9920635088550342,0.060006344904085046,-2.0272558121311115,3.510493423692988
full_s44,add_grp__grupo3,JJA,CatBoostRegressor,val,44,0.773762381066867,1.9267332545837719,0.0933755937842636,-1.928756684721376,3.319651547050793
full_s44,add_grp__grupo3,JJA,BayesianRidge,test,44,0.6726598814023417,2.270467696837069,0.04706110374556241,-2.540419808863219,4.889795588502898
full_s44,add_grp__grupo3,JJA,LinearRegression,test,44,0.6729514864224954,2.269456168984186,0.05070686056784471,-2.4935718071907327,4.878408885642222
full_s44,add_grp__grupo3,JJA,SGDRegressor,test,44,0.6718751142819701,2.2731876838717855,0.0670862751549847,-2.356237100186009,4.84849452641476
full_s44,add_grp__grupo3,JJA,LGBMRegressor,test,44,0.6954483026741696,2.1900106244725155,-0.024996174642136784,-2.8200961440847703,4.9699292407889955
full_s44,add_grp__grupo3,JJA,CatBoostRegressor,test,44,0.7042614209740234,2.1580907364299207,-0.04121353291132796,-2.7528149039440715,4.874746525614803
full_s44,add_grp__grupo4,JJA,BayesianRidge,val,44,0.7549285097556931,2.0053287411703464,0.06094787458266292,-1.920221170648798,3.3485182150061172
full_s44,add_grp__grupo4,JJA,LinearRegression,val,44,0.7533872997500664,2.011624432337693,0.09325266043198097,-1.864265902407534,3.317422498686529
full_s44,add_grp__grupo4,JJA,SGDRegressor,val,44,0.7546295390124749,2.0065515514756354,0.0661361070294515,-2.2351450554997587,3.3868319648215874
full_s44,add_grp__grupo4,JJA,LGBMRegressor,val,44,0.7650132157353886,1.963635620120742,0.010915801480076037,-2.077334387366792,3.4700621805301592
full_s44,add_grp__grupo4,JJA,CatBoostRegressor,val,44,0.7708070978114567,1.9392766328025681,0.01318796291743157,-2.073765230750637,3.4750512313752644
full_s44,add_grp__grupo4,JJA,BayesianRidge,test,44,0.6942396465125065,2.194352003685181,0.06428072988057017,-2.554976780201585,4.816157849531933
full_s44,add_grp__grupo4,JJA,LinearRegression,test,44,0.693515856821165,2.196947681205622,0.0797123827301196,-2.5005893715520418,4.802874641622519
full_s44,add_grp__grupo4,JJA,SGDRegressor,test,44,0.6768773221429965,2.255793959121075,0.04632323046334125,-2.937959484383152,5.068554206652529
full_s44,add_grp__grupo4,JJA,LGBMRegressor,test,44,0.7025103861193422,2.1644702135533382,-0.026347683968167224,-2.8016713601460257,4.87748160991215
full_s44,add_grp__grupo4,JJA,CatBoostRegressor,test,44,0.7062334459178319,2.150883480772586,-0.051398768803762374,-2.774535799899406,4.8691365869783745
full_s44,base,JJA,BayesianRidge,val,44,0.7388296890896251,2.0701465231939946,0.026806627832883807,-1.878564848341383,3.454634613852723
full_s44,base,JJA,LinearRegression,val,44,0.7377059129916833,2.074595505215346,0.04616477271123244,-1.843798526557716,3.4299945504968306
full_s44,base,JJA,SGDRegressor,val,44,0.7379435879870931,2.0736553558716815,0.017801456648185096,-1.9044833773752943,3.404429136646227
full_s44,base,JJA,LGBMRegressor,val,44,0.7663029182925934,1.9582395926134493,0.020764966497023658,-2.0893054322785676,3.4870014563472704
full_s44,base,JJA,CatBoostRegressor,val,44,0.7715512354502022,1.9361258764486224,0.02119756262266913,-2.054848227685565,3.4037312143354055
full_s44,base,JJA,BayesianRidge,test,44,0.6726434954788503,2.2705245234255074,0.050013956098581815,-2.5082583889150483,4.892083298182758
full_s44,base,JJA,LinearRegression,test,44,0.672886904641862,2.269680230980456,0.054908628326182436,-2.477446965044445,4.879895465701632
full_s44,base,JJA,SGDRegressor,test,44,0.6681450441265442,2.2860717845761562,0.04183350577105227,-2.5184601934119373,4.900447309143069
full_s44,base,JJA,LGBMRegressor,test,44,0.7034499373951342,2.161049524421987,-0.024169263201349787,-2.7282897614326815,4.875412742933986
full_s44,base,JJA,CatBoostRegressor,test,44,0.7088473627169176,2.1412928842543404,-0.0801548187259946,-2.8019965352699034,4.859630736910761
full_s44,ctrl__noise,JJA,BayesianRidge,val,44,0.7388165813321894,2.0701984713613233,0.02654349259942912,-1.8792038964278257,3.4553257811358526
full_s44,ctrl__noise,JJA,LinearRegression,val,44,0.7377107300182414,2.0745764551718575,0.0461441256590668,-1.8438156990688566,3.429971606276084
full_s44,ctrl__noise,JJA,SGDRegressor,val,44,0.7379638675820437,2.073575117987074,0.017795487138247572,-1.9049388093889161,3.4044779745421065
full_s44,ctrl__noise,JJA,LGBMRegressor,val,44,0.7626234839143167,1.973595100183129,0.018259120360836933,-2.0118416141849873,3.542772822831412
full_s44,ctrl__noise,JJA,CatBoostRegressor,val,44,0.7695257244711777,1.944690137816755,0.03839766572930808,-1.9920314431046533,3.408501045043747
full_s44,ctrl__noise,JJA,BayesianRidge,test,44,0.6726203821918568,2.270604678177142,0.04991906163100834,-2.5090005728657183,4.892290423699166
full_s44,ctrl__noise,JJA,LinearRegression,test,44,0.6728846077243642,2.2696881995686278,0.05494264181020671,-2.4774226787782387,4.879893905505406
full_s44,ctrl__noise,JJA,SGDRegressor,test,44,0.668127638992817,2.2861317337538187,0.04219203849131115,-2.5187107430248283,4.900459014624475
full_s44,ctrl__noise,JJA,LGBMRegressor,test,44,0.6968797826291991,2.1848577246229093,-0.01083424038923053,-2.7813477225554712,4.9155305222141
full_s44,ctrl__noise,JJA,CatBoostRegressor,test,44,0.7063582791692156,2.1504264336634265,-0.05945416912777974,-2.819930695757112,4.8801062720164055
full_s44,ctrl__perm_static,JJA,BayesianRidge,val,44,0.7547026848179559,2.0062524491127465,0.057480958785093225,-1.928175914180171,3.354262403792064
full_s44,ctrl__perm_static,JJA,LinearRegression,val,44,0.753387366314869,2.0116241608525014,0.09325233754132434,-1.8642665510779026,3.317421539535972
full_s44,ctrl__perm_static,JJA,SGDRegressor,val,44,0.747275908740088,2.0363972613320667,0.06870812188561164,-1.4654597106012832,3.242803235528842
full_s44,ctrl__perm_static,JJA,LGBMRegressor,val,44,0.764661748833448,1.9651035644980384,0.034473002794118766,-2.0464463390261787,3.4617921305994543
full_s44,ctrl__perm_static,JJA,CatBoostRegressor,val,44,0.7758992554707194,1.9176124126089282,0.026090797556013897,-1.9647763377236291,3.3578560216522657
full_s44,ctrl__perm_static,JJA,BayesianRidge,test,44,0.6943133822287006,2.1940873979723046,0.061563378514561326,-2.5623858938299615,4.817955554162949
full_s44,ctrl__perm_static,JJA,LinearRegression,test,44,0.6935157453049282,2.1969480808923936,0.07971306689388442,-2.5005900517664315,4.80287573064305
full_s44,ctrl__perm_static,JJA,SGDRegressor,test,44,0.6875965890656349,2.2180615485672357,0.053131589312559305,-2.16980323561612,4.781583733105115
full_s44,ctrl__perm_static,JJA,LGBMRegressor,test,44,0.7022639485395765,2.1653665412812066,-0.03391995911176442,-2.7266567176243464,4.885106352616202
full_s44,ctrl__perm_static,JJA,CatBoostRegressor,test,44,0.7070144604830312,2.148022383540666,-0.07242883398703932,-2.7628772743799894,4.866748433924992
full_s44,drop_grp__grupo1,JJA,BayesianRidge,val,44,0.6495155739805945,2.398134543293227,0.046126863936601585,-2.87194627985224,3.926299446159411
full_s44,drop_grp__grupo1,JJA,LinearRegression,val,44,0.6454143384245663,2.4121247647844597,0.05133438886700683,-2.867715763401341,3.931018480363661
full_s44,drop_grp__grupo1,JJA,SGDRegressor,val,44,0.6070670935778275,2.539208614568751,0.06021685167702697,-2.7741655707996973,4.078934379226347
full_s44,drop_grp__grupo1,JJA,LGBMRegressor,val,44,0.6795793570233768,2.292975562759274,0.05119140301429428,-2.619529348345178,3.6445847487315697
full_s44,drop_grp__grupo1,JJA,CatBoostRegressor,val,44,0.6835038169517982,2.2788903054968803,0.059249535798084584,-2.554274551639838,3.5987214730255164
full_s44,drop_grp__grupo1,JJA,BayesianRidge,test,44,0.5879670888922606,2.5473091931732514,0.05753839690438922,-3.4955203905572816,5.388943026039625
full_s44,drop_grp__grupo1,JJA,LinearRegression,test,44,0.5859570159678853,2.5535150660067236,0.05028962608923587,-3.499114099222233,5.415357886608372
full_s44,drop_grp__grupo1,JJA,SGDRegressor,test,44,0.5756509142008606,2.5850999845535934,-0.015850030050094062,-3.5654522650882674,5.37023735231417
full_s44,drop_grp__grupo1,JJA,LGBMRegressor,test,44,0.6107323114199944,2.475938698236931,0.13293080616760444,-3.2061520637320533,5.2021422231159695
full_s44,drop_grp__grupo1,JJA,CatBoostRegressor,test,44,0.6179574434994197,2.4528533348001584,0.11248337108586882,-3.1439753748717787,5.170685510467025
full_s44,drop_grp__grupo2,JJA,BayesianRidge,val,44,0.7537497513869945,2.0101456263718798,0.10070382461406696,-1.927614423390981,3.352059464396591
full_s44,drop_grp__grupo2,JJA,LinearRegression,val,44,0.7508754961598657,2.021842893501266,0.12172344968232922,-1.8899505769884262,3.3324695213398248
full_s44,drop_grp__grupo2,JJA,SGDRegressor,val,44,0.748133090302753,2.032940834148843,0.13112376679554466,-1.7127362219446756,3.312346165220797
full_s44,drop_grp__grupo2,JJA,LGBMRegressor,val,44,0.7626850012545535,1.9733393499717853,0.07216091062167015,-1.9964660926935685,3.3936968734396618
full_s44,drop_grp__grupo2,JJA,CatBoostRegressor,val,44,0.7689768424952479,1.9470044321202162,0.08630640023477665,-1.8787218579454819,3.2854937648743805
full_s44,drop_grp__grupo2,JJA,BayesianRidge,test,44,0.6941101158031818,2.1948167563446086,0.06025185159700632,-2.5899743093880865,4.822699596804247
full_s44,drop_grp__grupo2,JJA,LinearRegression,test,44,0.6930125083253569,2.198750999049029,0.07824315550329405,-2.5216869079413953,4.807196959703052
full_s44,drop_grp__grupo2,JJA,SGDRegressor,test,44,0.6959257326612396,2.188293367847453,0.0988240688179131,-2.3757358764182723,4.710670738962481
full_s44,drop_grp__grupo2,JJA,LGBMRegressor,test,44,0.693476578675208,2.1970884540140103,-0.002340951208734914,-2.7419897309070307,4.926419496267138
full_s44,drop_grp__grupo2,JJA,CatBoostRegressor,test,44,0.7053503613485277,2.154113914399494,-0.07636146900865838,-2.7437400624984494,4.872142427851404
full_s44,drop_grp__grupo3,JJA,BayesianRidge,val,44,0.7414090776690474,2.0598984940419474,0.12670047435354678,-1.8225842261099598,3.310236430293054
full_s44,drop_grp__grupo3,JJA,LinearRegression,val,44,0.7396847117201668,2.066755109414891,0.15088534977125084,-1.7780590023006402,3.2758635337350452
full_s44,drop_grp__grupo3,JJA,SGDRegressor,val,44,0.7118968014637186,2.174268742480201,0.14466444342414067,-1.07714913994448,3.3783887134358555
full_s44,drop_grp__grupo3,JJA,LGBMRegressor,val,44,0.7592967718375743,1.9873764531625195,0.08306578356247839,-2.029876558198144,3.367452581599905
full_s44,drop_grp__grupo3,JJA,CatBoostRegressor,val,44,0.7684825433382166,1.949086232963567,0.10170149773469991,-1.947341050878793,3.2806791183155886
full_s44,drop_grp__grupo3,JJA,BayesianRidge,test,44,0.691367700534691,2.204633472382147,0.08360892936767182,-2.5619226389728293,4.8164566488952545
full_s44,drop_grp__grupo3,JJA,LinearRegression,test,44,0.6903500305103908,2.2082652098395634,0.10401281242269536,-2.498717524613702,4.805308014551065
full_s44,drop_grp__grupo3,JJA,SGDRegressor,test,44,0.6808303188619285,2.241953106500735,0.12114808758160846,-1.7214078017664718,4.5774918957066495
full_s44,drop_grp__grupo3,JJA,LGBMRegressor,test,44,0.6959961212700629,2.188040074725678,0.03253857599884086,-2.689210181679747,4.865527933333428
full_s44,drop_grp__grupo3,JJA,CatBoostRegressor,test,44,0.7053673197134407,2.1540519242073026,-0.012949325111268383,-2.690851548466081,4.839875191315008
full_s44,drop_grp__grupo4,JJA,BayesianRidge,val,44,0.7283161464479279,2.111402817814639,0.10791545421519176,-1.8062235394039667,3.4159442927708317
full_s44,drop_grp__grupo4,JJA,LinearRegression,val,44,0.7270148001872425,2.1164535112976948,0.11411512817749812,-1.7844756581761811,3.385408507706663
full_s44,drop_grp__grupo4,JJA,SGDRegressor,val,44,0.7190986183303352,2.1469212775414914,0.1271489458246155,-1.3884163161809011,3.3803193330635217
full_s44,drop_grp__grupo4,JJA,LGBMRegressor,val,44,0.7566198201965961,1.9983970793549681,0.07477765559957177,-2.040471548435989,3.4226955114217543
full_s44,drop_grp__grupo4,JJA,CatBoostRegressor,val,44,0.7662019129835702,1.9586627284664375,0.11562571342811435,-1.9722688543027758,3.2236698521870477
full_s44,drop_grp__grupo4,JJA,BayesianRidge,test,44,0.6696892039734681,2.2807469035976635,0.04673408230929508,-2.560187476650095,4.911444909797825
full_s44,drop_grp__grupo4,JJA,LinearRegression,test,44,0.6699003182004839,2.2800179309362885,0.05158397577985937,-2.5097234264230863,4.903030862583368
full_s44,drop_grp__grupo4,JJA,SGDRegressor,test,44,0.6618572140314662,2.3076278563926027,0.0948317100860601,-2.1065859568418652,4.878381930731933
full_s44,drop_grp__grupo4,JJA,LGBMRegressor,test,44,0.6916682840571189,2.2035596412840732,0.021324187502821584,-2.7589945008578334,4.921863792991856
full_s44,drop_grp__grupo4,JJA,CatBoostRegressor,test,44,0.7012968224814273,2.168880533856202,-0.055803412177564495,-2.753946802400869,4.878739300422069
full_s44,full,JJA,BayesianRidge,val,44,0.7447026774362424,2.0467382817141297,0.13373743334266455,-1.8391058346172708,3.3057574737953677
full_s44,full,JJA,LinearRegression,val,44,0.7420450711511457,2.0573638178066727,0.15100741920153593,-1.8186021547059752,3.2764270941817797
full_s44,full,JJA,SGDRegressor,val,44,0.7113839222987497,2.1762031904389114,0.14541836635661276,-1.1241053234428182,3.3864804217843316
full_s44,full,JJA,LGBMRegressor,val,44,0.750934515566376,2.02160338467326,0.11397680417508219,-1.845810159813533,3.257974645543572
full_s44,full,JJA,CatBoostRegressor,val,44,0.7697782097111312,1.9436246390682108,0.07869209485028975,-1.9879937516223931,3.292667675944006
full_s44,full,JJA,BayesianRidge,test,44,0.6919930936085703,2.202398674413151,0.05463278399589027,-2.6096084668931767,4.848343645288919
full_s44,full,JJA,LinearRegression,test,44,0.6904264364932328,2.207992748835483,0.07587309066148094,-2.5433330832709493,4.838056925265405
full_s44,full,JJA,SGDRegressor,test,44,0.6793165379311186,2.247263465621746,0.11471793024863475,-1.7499845319032001,4.60839171343979
full_s44,full,JJA,LGBMRegressor,test,44,0.689965053071196,2.2096375145354528,0.011478751811287902,-2.700586706803507,4.901060770225329
full_s44,full,JJA,CatBoostRegressor,test,44,0.7036593521280725,2.1602863555854017,-0.054852992902134884,-2.755429878033987,4.862487296849697
full_s44,add_grp__grupo2,MAM,BaggingRegressor,val,44,0.7174077496612965,1.7715290267428847,0.09654629629629623,-2.0444036697247707,3.0807657215686914
full_s44,add_grp__grupo2,MAM,ExtraTreesRegressor,val,44,0.7461444013774623,1.679041852819196,0.09941203703703684,-1.9754954128440365,3.042435116870526
full_s44,add_grp__grupo2,MAM,MLPRegressor,val,44,0.6749342182176441,1.9000007685707196,0.25823752858020643,-1.3420509819590716,2.922599082124772
full_s44,add_grp__grupo2,MAM,RandomForestRegressor,val,44,0.7352796573690557,1.7145960027883471,0.11141388888888859,-1.992522935779817,3.043591283185469
full_s44,add_grp__grupo2,MAM,CatBoostRegressor,val,44,0.7324695288664967,1.7236725919275087,0.10164955033787698,-1.8336687046839835,3.1006818701329144
full_s44,add_grp__grupo2,MAM,BaggingRegressor,test,44,0.6074055619223893,2.2014775316271424,-0.05276049531863489,-2.934461077844311,4.695958161429061
full_s44,add_grp__grupo2,MAM,ExtraTreesRegressor,test,44,0.637468049537701,2.11551120462673,-0.0583799456357599,-2.9353982035928143,4.677442327548777
full_s44,add_grp__grupo2,MAM,MLPRegressor,test,44,0.5741419830594845,2.2928444882750596,0.1520794381550956,-2.1572795231185276,4.498502709072704
full_s44,add_grp__grupo2,MAM,RandomForestRegressor,test,44,0.6358497111210508,2.12022775555537,-0.046024765931743,-2.892290419161677,4.629114461493126
full_s44,add_grp__grupo2,MAM,CatBoostRegressor,test,44,0.6331580097420815,2.1280494060590396,-0.0036373364335608653,-2.6409070065553433,4.610515342298721
full_s44,add_grp__grupo3,MAM,BaggingRegressor,val,44,0.7020307532439964,1.819088675988917,0.16471296296296298,-2.132477064220183,3.202805249759952
full_s44,add_grp__grupo3,MAM,ExtraTreesRegressor,val,44,0.7491398276898085,1.6691063405085744,0.13969259259259223,-1.9327889908256886,2.9684019887765327
full_s44,add_grp__grupo3,MAM,MLPRegressor,val,44,0.6699523130637022,1.9145049586106784,0.17459628184636433,-1.847849877383731,3.1861407086047993
full_s44,add_grp__grupo3,MAM,RandomForestRegressor,val,44,0.7405041867093599,1.6975920255424108,0.16319444444444398,-1.8720183486238533,2.9506599666061337
full_s44,add_grp__grupo3,MAM,CatBoostRegressor,val,44,0.7373257340553787,1.707956920798102,0.15106960147718457,-1.7682569963593155,3.0218387268656715
full_s44,add_grp__grupo3,MAM,BaggingRegressor,test,44,0.6146695280799446,2.1810160586345404,-0.024808215040773227,-2.8825449101796408,4.663534131836326
full_s44,add_grp__grupo3,MAM,ExtraTreesRegressor,test,44,0.6417610644754004,2.1029482180482257,0.030402597402597122,-2.8108233532934137,4.682873248261311
full_s44,add_grp__grupo3,MAM,MLPRegressor,test,44,0.582409961101714,2.2704777555182765,0.09410923325342195,-2.521871856872193,4.604427565867083
full_s44,add_grp__grupo3,MAM,RandomForestRegressor,test,44,0.6403412791008476,2.107111337104089,-0.011132286318333013,-2.793443113772455,4.626770543767074
full_s44,add_grp__grupo3,MAM,CatBoostRegressor,test,44,0.6411316303950576,2.1047948715358458,0.03569965759367568,-2.5966694996065907,4.595154712788398
full_s44,add_grp__grupo4,MAM,BaggingRegressor,val,44,0.7129344135680444,1.7854953146167925,0.15587037037037035,-1.8474311926605504,2.9908550218069565
full_s44,add_grp__grupo4,MAM,ExtraTreesRegressor,val,44,0.7460917899217812,1.6792158341299048,0.12438240740740707,-1.8870275229357802,2.9851259190013377
full_s44,add_grp__grupo4,MAM,MLPRegressor,val,44,0.7132123382575877,1.7846307850099552,0.22506228265938938,-1.4055673384885174,3.003455726027573
full_s44,add_grp__grupo4,MAM,RandomForestRegressor,val,44,0.7399203451754499,1.6995006649557935,0.16613796296296282,-1.8190458715596327,2.906163844929942
full_s44,add_grp__grupo4,MAM,CatBoostRegressor,val,44,0.7433358780053473,1.6883043177109234,0.14430737500831145,-1.671944737698398,2.939221066353036
full_s44,add_grp__grupo4,MAM,BaggingRegressor,test,44,0.6061871342811072,2.2048910582332946,0.011787979462398025,-2.7585628742514974,4.7725921602567
full_s44,add_grp__grupo4,MAM,ExtraTreesRegressor,test,44,0.6403715670155834,2.107022612226195,0.03415010570824503,-2.757305389221557,4.646998784226095
full_s44,add_grp__grupo4,MAM,MLPRegressor,test,44,0.6217183774522144,2.160975323643195,-0.01748349101332444,-2.457842837122386,4.558817161272996
full_s44,add_grp__grupo4,MAM,RandomForestRegressor,test,44,0.6399386342176558,2.1082904830927274,0.02307399577167005,-2.7201736526946103,4.626563656696088
full_s44,add_grp__grupo4,MAM,CatBoostRegressor,test,44,0.6380420497163655,2.113835786993379,0.060637205962077945,-2.5953069872391827,4.595251209060768
full_s44,base,MAM,BaggingRegressor,val,44,0.7069198927251611,1.8041029626936484,0.1469351851851852,-1.995688073394495,3.0713456692764955
full_s44,base,MAM,ExtraTreesRegressor,val,44,0.7467593742630194,1.6770068547089305,0.13343333333333296,-1.853715596330275,2.9139690499134017
full_s44,base,MAM,MLPRegressor,val,44,0.7182777582737169,1.7687999469730904,0.11384012897809347,-1.7811239452537047,3.0628191326643437
full_s44,base,MAM,RandomForestRegressor,val,44,0.7394697818382592,1.7009721397984068,0.16234259259259226,-1.8779266055045871,2.915758519342654
full_s44,base,MAM,CatBoostRegressor,val,44,0.7402545268098283,1.6984084525188852,0.1406068876419817,-1.6574146881364817,2.9858513923127057
full_s44,base,MAM,BaggingRegressor,test,44,0.6111374320620735,2.1909892967469466,0.007287828450619129,-2.8389820359281437,4.713189926306506
full_s44,base,MAM,ExtraTreesRegressor,test,44,0.6366995716426724,2.1177521974199047,0.027943823618241936,-2.777107784431138,4.6706906347978165
full_s44,base,MAM,MLPRegressor,test,44,0.6263444815308095,2.1477211128279983,-0.04322411340732512,-2.731753854980012,4.633781434568358
full_s44,base,MAM,RandomForestRegressor,test,44,0.6406575537691486,2.106184663462645,0.0040492298399272,-2.8024910179640714,4.631160717015375
full_s44,base,MAM,CatBoostRegressor,test,44,0.6380678284825909,2.1137605116073575,0.05021288892285801,-2.6611571284844833,4.605149094753446
full_s44,ctrl__noise,MAM,BaggingRegressor,val,44,0.710003813014064,1.7945860711224377,0.14750925925925926,-2.0152293577981655,3.0039634369071853
full_s44,ctrl__noise,MAM,ExtraTreesRegressor,val,44,0.7447550806215104,1.6836301792720263,0.14257314814814762,-1.9144128440366983,2.9791452918118604
full_s44,ctrl__noise,MAM,MLPRegressor,val,44,0.703183004160965,1.8155680494392474,0.16312680630134366,-1.8918693837357716,3.0927317138556853
full_s44,ctrl__noise,MAM,RandomForestRegressor,val,44,0.7408453442553248,1.6964757516469031,0.14733333333333304,-1.908614678899082,2.947274855420596
full_s44,ctrl__noise,MAM,CatBoostRegressor,val,44,0.7349265197687824,1.7157392593202963,0.13459653462779425,-1.761081688537717,3.055716485784005
full_s44,ctrl__noise,MAM,BaggingRegressor,test,44,0.6099831386297094,2.194238735945377,-0.005801872546058621,-2.8369161676646706,4.7456003891912575
full_s44,ctrl__noise,MAM,ExtraTreesRegressor,test,44,0.6404767716817039,2.106714398519989,0.026034128662035368,-2.8288622754491017,4.672289251566025
full_s44,ctrl__noise,MAM,MLPRegressor,test,44,0.6115596645091262,2.1897994701752412,0.02240310898421114,-2.750566478092569,4.639250844894923
full_s44,ctrl__noise,MAM,RandomForestRegressor,test,44,0.6397382608835727,2.1088770309389466,-0.00026698882512866484,-2.8175508982035926,4.643777895605321
full_s44,ctrl__noise,MAM,CatBoostRegressor,test,44,0.6377038906921662,2.114822981460437,0.051922699730689345,-2.635408094088193,4.619841060547401
full_s44,ctrl__perm_static,MAM,BaggingRegressor,val,44,0.6914141891052944,1.851211865338587,0.15700000000000003,-2.0197247706422017,3.178598589131016
full_s44,ctrl__perm_static,MAM,ExtraTreesRegressor,val,44,0.7476834094354194,1.6739444916457384,0.1331407407407405,-1.878394495412843,2.966893644720445
full_s44,ctrl__perm_static,MAM,MLPRegressor,val,44,0.7341088367465177,1.7183835272562895,0.16769963414580732,-1.7059885348748722,2.822885450321157
full_s44,ctrl__perm_static,MAM,RandomForestRegressor,val,44,0.7404350516734373,1.6978181472440181,0.1617425925925923,-1.8386238532110086,2.9119837968346465
full_s44,ctrl__perm_static,MAM,CatBoostRegressor,val,44,0.7427687796547657,1.6901684394040815,0.13473057057144272,-1.6972943376550298,2.938774024604211
full_s44,ctrl__perm_static,MAM,BaggingRegressor,test,44,0.606415156422153,2.204252637270904,0.01578375113258832,-2.81811377245509,4.728173774884864
full_s44,ctrl__perm_static,MAM,ExtraTreesRegressor,test,44,0.6391138917290446,2.11070368586684,0.03454847478103266,-2.7439970059880237,4.655986401211185
full_s44,ctrl__perm_static,MAM,MLPRegressor,test,44,0.625892498336849,2.149019689219467,-0.023008582067072014,-2.598989269976131,4.522650246873183
full_s44,ctrl__perm_static,MAM,RandomForestRegressor,test,44,0.6405638369652128,2.1064592928995105,0.02324675324675292,-2.7241736526946116,4.614055969645142
full_s44,ctrl__perm_static,MAM,CatBoostRegressor,test,44,0.6367375783846503,2.117641420002295,0.05977597882045132,-2.629675703342701,4.612305815620882
full_s44,drop_grp__grupo1,MAM,BaggingRegressor,val,44,0.5797968384511405,2.1602191246877402,0.10972222222222222,-2.6826605504587153,3.812034179694086
full_s44,drop_grp__grupo1,MAM,ExtraTreesRegressor,val,44,0.6246563406130033,2.0416565704965786,0.055633333333333,-2.7160917431192657,3.7598320282605635
full_s44,drop_grp__grupo1,MAM,MLPRegressor,val,44,0.6293406753003101,2.0288765095129193,-0.10803837378819783,-2.4438020469945503,3.631472703763116
full_s44,drop_grp__grupo1,MAM,RandomForestRegressor,val,44,0.6187744140352578,2.0575915566236387,0.09178611111111097,-2.7250183486238533,3.756307313443287
full_s44,drop_grp__grupo1,MAM,CatBoostRegressor,val,44,0.6365465465744631,2.009058342250877,0.028429070961956505,-2.4917618146506273,3.5947351155619924
full_s44,drop_grp__grupo1,MAM,BaggingRegressor,test,44,0.518676779326309,2.437589626940673,-0.07095741467834493,-3.461796407185628,4.967168737768135
full_s44,drop_grp__grupo1,MAM,ExtraTreesRegressor,test,44,0.5585151551808492,2.334533369143827,-0.078067351253398,-3.4363263473053896,4.899415926634081
full_s44,drop_grp__grupo1,MAM,MLPRegressor,test,44,0.5040754776909999,2.4742864563510434,-0.17952505180534012,-3.4822166397186094,5.097365196532434
full_s44,drop_grp__grupo1,MAM,RandomForestRegressor,test,44,0.5601528529099422,2.330199344714292,-0.06962941709453367,-3.465131736526947,4.858219828106135
full_s44,drop_grp__grupo1,MAM,CatBoostRegressor,test,44,0.5704330138860816,2.302807495897102,-0.06144265149494354,-3.2954756205216413,4.840313543782703
full_s44,drop_grp__grupo2,MAM,BaggingRegressor,val,44,0.7077067267033064,1.8016795918952548,0.1361203703703704,-2.0434862385321098,3.080930992381445
full_s44,drop_grp__grupo2,MAM,ExtraTreesRegressor,val,44,0.7481655109980981,1.6723445233054193,0.14112870370370342,-1.8924495412844031,2.9818694908648262
full_s44,drop_grp__grupo2,MAM,MLPRegressor,val,44,0.6781824294830383,1.8904840812442316,0.21749016488039935,-1.7260975102765843,3.082911123421651
full_s44,drop_grp__grupo2,MAM,RandomForestRegressor,val,44,0.7447967902761475,1.683492612376403,0.16224074074074046,-1.8458623853211005,2.9319511194718912
full_s44,drop_grp__grupo2,MAM,CatBoostRegressor,val,44,0.7430165831205375,1.6893541321149907,0.14444027441197624,-1.7192343001362491,2.971095329562613
full_s44,drop_grp__grupo2,MAM,BaggingRegressor,test,44,0.606214117427142,2.204815519923424,0.026970703714889757,-2.7858083832335327,4.716747839310548
full_s44,drop_grp__grupo2,MAM,ExtraTreesRegressor,test,44,0.6440344712285959,2.096264877304391,0.026851404409543724,-2.7395868263473058,4.653534969523153
full_s44,drop_grp__grupo2,MAM,MLPRegressor,test,44,0.5782047604987018,2.2818811617237946,0.11010323082057774,-2.547361439859082,4.715393770623991
full_s44,drop_grp__grupo2,MAM,RandomForestRegressor,test,44,0.6448148058541499,2.0939659390667296,0.013022349743279673,-2.725619760479042,4.59443897815088
full_s44,drop_grp__grupo2,MAM,CatBoostRegressor,test,44,0.642640247893546,2.1003661243904657,0.041632071083417564,-2.510512386214362,4.558585452197506
full_s44,drop_grp__grupo3,MAM,BaggingRegressor,val,44,0.7180070881693815,1.7696494473953497,0.0985092592592592,-1.8460550458715594,2.9913281392547435
full_s44,drop_grp__grupo3,MAM,ExtraTreesRegressor,val,44,0.7473223331637859,1.6751418079827902,0.09771574074074034,-1.9444495412844034,3.029353649231151
full_s44,drop_grp__grupo3,MAM,MLPRegressor,val,44,0.6922926718582321,1.8485749703532197,0.2606548362308078,-1.2424759873556435,3.0116773679998543
full_s44,drop_grp__grupo3,MAM,RandomForestRegressor,val,44,0.7413092893229712,1.6949565350048228,0.11220740740740703,-1.9198807339449537,2.9835756317644635
full_s44,drop_grp__grupo3,MAM,CatBoostRegressor,val,44,0.7313073612499028,1.7274124008397735,0.07295317675677974,-1.8533723310030337,3.0908060616859214
full_s44,drop_grp__grupo3,MAM,BaggingRegressor,test,44,0.6109171337211936,2.1916098282732426,-0.04124735729386892,-2.84688622754491,4.710264368287802
full_s44,drop_grp__grupo3,MAM,ExtraTreesRegressor,test,44,0.642688696594127,2.100223742017928,-0.049822712171549745,-2.8244790419161676,4.63465553694207
full_s44,drop_grp__grupo3,MAM,MLPRegressor,test,44,0.5828554677480623,2.269266300785402,0.08885091810707452,-2.1337474608849623,4.593788991350058
full_s44,drop_grp__grupo3,MAM,RandomForestRegressor,test,44,0.6366403893756256,2.1179246831403495,-0.03080640289942639,-2.824140718562875,4.612747770798442
full_s44,drop_grp__grupo3,MAM,CatBoostRegressor,test,44,0.6311020942626888,2.1340042545372198,0.006135411935979461,-2.6429418022322615,4.611334322756341
full_s44,drop_grp__grupo4,MAM,BaggingRegressor,val,44,0.7020139780356294,1.8191398812096355,0.14758333333333334,-2.058073394495413,3.1442455083077983
full_s44,drop_grp__grupo4,MAM,ExtraTreesRegressor,val,44,0.7504400304848126,1.664775250374434,0.11955462962962923,-1.9338440366972474,2.9677417989645094
full_s44,drop_grp__grupo4,MAM,MLPRegressor,val,44,0.6557412253452565,1.9552876540896527,0.043512041038937035,-1.8062386696491766,3.2928135886529692
full_s44,drop_grp__grupo4,MAM,RandomForestRegressor,val,44,0.7376048090536409,1.7070493809169345,0.13289629629629604,-1.9125688073394496,2.984147578562797
full_s44,drop_grp__grupo4,MAM,CatBoostRegressor,val,44,0.734978910101097,1.7155696976730932,0.13092771876561796,-1.8246293006791743,3.0543247164518026
full_s44,drop_grp__grupo4,MAM,BaggingRegressor,test,44,0.6076586784626445,2.200767740343006,-0.037846572032618576,-2.935898203592814,4.69313076179488
full_s44,drop_grp__grupo4,MAM,ExtraTreesRegressor,test,44,0.6428394857734321,2.0997805368489417,-0.03668710359408059,-2.8841017964071853,4.650562644474284
full_s44,drop_grp__grupo4,MAM,MLPRegressor,test,44,0.5402679546818655,2.3822897084913337,-0.09924563498916099,-2.4518970203970722,4.698297245985378
full_s44,drop_grp__grupo4,MAM,RandomForestRegressor,test,44,0.6380977237710392,2.113673212397557,-0.039725762609483774,-2.8704401197604787,4.619057859129719
full_s44,drop_grp__grupo4,MAM,CatBoostRegressor,test,44,0.6372404733086827,2.1161750971892337,-0.013362929652025627,-2.6541781598545904,4.59990434290654
full_s44,full,MAM,BaggingRegressor,val,44,0.716852700371326,1.773267934257727,0.13619444444444445,-1.8190825688073395,2.93143137532791
full_s44,full,MAM,ExtraTreesRegressor,val,44,0.743789496542991,1.6868117350877154,0.11377962962962948,-2.0113944954128433,3.0149007499601193
full_s44,full,MAM,MLPRegressor,val,44,0.6463940166629539,1.9816545616005212,0.08593422952625486,-1.9572449132936809,3.414735598492709
full_s44,full,MAM,RandomForestRegressor,val,44,0.7442694488446295,1.6852310647702489,0.1253249999999996,-1.8784220183486242,2.952695711261618
full_s44,full,MAM,CatBoostRegressor,val,44,0.738050841262855,1.7055979007183082,0.10232058847960433,-1.8637894672475792,3.021653127492285
full_s44,full,MAM,BaggingRegressor,test,44,0.607270707356296,2.2018555983783172,-0.03191482935668983,-2.812874251497006,4.680074337912084
full_s44,full,MAM,ExtraTreesRegressor,test,44,0.6413745309206837,2.104082434380239,-0.028234672304440007,-2.824814371257485,4.645995070124028
full_s44,full,MAM,MLPRegressor,test,44,0.5630027713170611,2.322638001911877,-0.04035301648105103,-2.7264554474882026,4.7785738637527135
full_s44,full,MAM,RandomForestRegressor,test,44,0.6399397458625977,2.108287228547137,-0.036593476291150964,-2.798140718562874,4.604474130122794
full_s44,full,MAM,CatBoostRegressor,test,44,0.6421941459143876,2.1016766878328026,0.0031923635519344826,-2.611446250712878,4.553334617596407
full_s44,add_grp__grupo2,SON,ExtraTreesRegressor,val,44,0.5785268801441817,2.3140083748283793,0.20726462646264607,-2.872035087719298,4.721250750502753
full_s44,add_grp__grupo2,SON,HistGradientBoostingRegressor,val,44,0.5475173816255219,2.397623219711228,0.18023633728825889,-2.7859419693029595,4.919554670502105
full_s44,add_grp__grupo2,SON,RandomForestRegressor,val,44,0.5501457937831115,2.3906493380305154,0.19799279927992777,-2.9032456140350877,4.7519708875149345
full_s44,add_grp__grupo2,SON,LGBMRegressor,val,44,0.5369646084680781,2.425420695277976,0.19680387683332715,-2.7527980647551145,4.836732512783939
full_s44,add_grp__grupo2,SON,CatBoostRegressor,val,44,0.5790178266139276,2.3126602636313778,0.16617490970179585,-2.6951047639105226,4.688803618888412
full_s44,add_grp__grupo2,SON,ExtraTreesRegressor,test,44,0.6311732013609164,2.245630790522871,-0.02288892061679067,-3.099250704225353,4.79249843512799
full_s44,add_grp__grupo2,SON,HistGradientBoostingRegressor,test,44,0.6272116766986265,2.257658605720391,-0.019891513397772093,-2.8714117889486306,4.631070290800777
full_s44,add_grp__grupo2,SON,RandomForestRegressor,test,44,0.619151144401197,2.2819359343569277,-0.012482295830954136,-3.091276056338029,4.792392280670583
full_s44,add_grp__grupo2,SON,LGBMRegressor,test,44,0.6248473576812628,2.264806614539797,-0.01543114375666529,-2.8962691367745945,4.59722319118114
full_s44,add_grp__grupo2,SON,CatBoostRegressor,test,44,0.6431865077931911,2.20875605930205,-0.007550881413342671,-2.9489476126751577,4.60956137481102
full_s44,add_grp__grupo3,SON,ExtraTreesRegressor,val,44,0.5513962830857552,2.3873243031755975,0.21676327632763262,-2.8862192982456136,4.896643753006711
full_s44,add_grp__grupo3,SON,HistGradientBoostingRegressor,val,44,0.5549782560814502,2.3777741486173833,0.2518851676635142,-2.738916682646491,4.8874334899669485
full_s44,add_grp__grupo3,SON,RandomForestRegressor,val,44,0.5055843889202648,2.5062597122554013,0.2537038703870384,-2.796517543859649,4.9379244760910375
full_s44,add_grp__grupo3,SON,LGBMRegressor,val,44,0.5540372900431918,2.3802866362570145,0.2144090187236044,-2.7438050035806776,4.8937937187555525
full_s44,add_grp__grupo3,SON,CatBoostRegressor,val,44,0.5648781690985456,2.35117752707213,0.198417326214849,-2.7931974380187605,4.868475781894068
full_s44,add_grp__grupo3,SON,ExtraTreesRegressor,test,44,0.6363118797967116,2.22993229627577,-0.03685408338092557,-3.202873239436621,4.785120877687889
full_s44,add_grp__grupo3,SON,HistGradientBoostingRegressor,test,44,0.6264013036736162,2.2601111402085037,-0.0035308145842546652,-2.8796803139668072,4.642091245803323
full_s44,add_grp__grupo3,SON,RandomForestRegressor,test,44,0.6165175313336432,2.289812264393722,-0.03269617361507744,-3.198467605633803,4.834125059714297
full_s44,add_grp__grupo3,SON,LGBMRegressor,test,44,0.6211771930677499,2.2758580921876375,0.019641228188111585,-2.952562661944423,4.702150919136388
full_s44,add_grp__grupo3,SON,CatBoostRegressor,test,44,0.6412449727966618,2.2147571768256147,0.009942004279730327,-2.917979014380858,4.594242591417708
full_s44,add_grp__grupo4,SON,ExtraTreesRegressor,val,44,0.5613255052195981,2.3607564107258248,0.22701980198019767,-2.848736842105264,4.8772554458640505
full_s44,add_grp__grupo4,SON,HistGradientBoostingRegressor,val,44,0.5563406560009296,2.3741316721432533,0.17821124663257987,-2.917776764760719,4.872065414624484
full_s44,add_grp__grupo4,SON,RandomForestRegressor,val,44,0.5287631165381292,2.4468064855026337,0.22468316831683147,-2.871666666666668,4.923252784740607
full_s44,add_grp__grupo4,SON,LGBMRegressor,val,44,0.5520432679848597,2.38560215953675,0.17131264454836556,-2.868389553914616,4.86787268252896
full_s44,add_grp__grupo4,SON,CatBoostRegressor,val,44,0.5732084885123387,2.328562354244821,0.17259508468283427,-2.8254818708869043,4.829828256631389
full_s44,add_grp__grupo4,SON,ExtraTreesRegressor,test,44,0.6274586093340411,2.256910752442122,-0.013410622501428156,-3.1103746478873253,4.796888507660938
full_s44,add_grp__grupo4,SON,HistGradientBoostingRegressor,test,44,0.6206638273452783,2.2773996466502,0.0014006386122251714,-2.9829427821902814,4.7384554499659215
full_s44,add_grp__grupo4,SON,RandomForestRegressor,test,44,0.6184746404797166,2.283961742831619,-0.03212335808109671,-3.119887323943662,4.888437573484922
full_s44,add_grp__grupo4,SON,LGBMRegressor,test,44,0.6150679658065314,2.2941359329161974,-0.02277331213544017,-3.0848610253779474,4.833897596508461
full_s44,add_grp__grupo4,SON,CatBoostRegressor,test,44,0.6361826547414157,2.2303284289996927,0.018137218495031023,-2.9799026129889707,4.682991412740299
full_s44,base,SON,ExtraTreesRegressor,val,44,0.5579767426386123,2.369750075312151,0.2161071107110709,-2.9717894736842103,4.9060952351274585
full_s44,base,SON,HistGradientBoostingRegressor,val,44,0.5652625028958845,2.350138925292141,0.1744015691434725,-2.8723625788340192,4.7831795423808
full_s44,base,SON,RandomForestRegressor,val,44,0.5298318285481678,2.444030370299251,0.20934923492349208,-2.967438596491228,4.918204741284463
full_s44,base,SON,LGBMRegressor,val,44,0.5639053667289988,2.3538043248365734,0.1755997754353844,-2.862423253964069,4.851060611841478
full_s44,base,SON,CatBoostRegressor,val,44,0.5807201579580848,2.30797965919038,0.14892356502844148,-2.8637068330066198,4.834247260668434
full_s44,base,SON,ExtraTreesRegressor,test,44,0.6311817230556203,2.2456048478708954,-0.0128306681896061,-3.182290140845071,4.77961633942649
full_s44,base,SON,HistGradientBoostingRegressor,test,44,0.6216580357717915,2.2744132514601367,0.0006022094883840586,-2.9599308008654,4.714788479295389
full_s44,base,SON,RandomForestRegressor,test,44,0.6098224321308807,2.3097143285598203,-0.03228241005139951,-3.1959042253521135,4.867522952194561
full_s44,base,SON,LGBMRegressor,test,44,0.6203947261758367,2.278207297359203,0.01002838848206027,-2.9528940614783594,4.700087401640376
full_s44,base,SON,CatBoostRegressor,test,44,0.6389774794014487,2.2217452837878624,0.015036008570746438,-2.9373499821715203,4.668379743853812
full_s44,ctrl__noise,SON,ExtraTreesRegressor,val,44,0.5563928740054926,2.3739919522565653,0.21356795679567916,-2.903596491228071,4.877264792857686
full_s44,ctrl__noise,SON,HistGradientBoostingRegressor,val,44,0.5658289149575134,2.3486074483577526,0.14710568224277668,-2.92579630754965,4.865338407517368
full_s44,ctrl__noise,SON,RandomForestRegressor,val,44,0.529159065045743,2.445778326415171,0.21616021602160174,-2.944464912280701,4.90925932259554
full_s44,ctrl__noise,SON,LGBMRegressor,val,44,0.5676048074861495,2.34379926519321,0.15220184831781877,-2.9073809087144253,4.8697719865556985
full_s44,ctrl__noise,SON,CatBoostRegressor,val,44,0.5759940449398828,2.3209509561716493,0.16137816775327002,-2.888624432273514,4.8863088729389625
full_s44,ctrl__noise,SON,ExtraTreesRegressor,test,44,0.6273946072578478,2.257104611130237,-0.009035408338092736,-3.168960563380282,4.786601056117226
full_s44,ctrl__noise,SON,HistGradientBoostingRegressor,test,44,0.6227617899981619,2.271093203629023,0.004312227874742133,-2.9817914405415027,4.701240294281637
full_s44,ctrl__noise,SON,RandomForestRegressor,test,44,0.6091842896821673,2.3116023466221858,-0.02757909765848105,-3.204397183098592,4.877126074490886
full_s44,ctrl__noise,SON,LGBMRegressor,test,44,0.6183963859919286,2.2841959619837313,-0.010649397507109857,-3.0090226213843807,4.728168634652471
full_s44,ctrl__noise,SON,CatBoostRegressor,test,44,0.6326777183725074,2.241045925395327,0.02641104771619585,-2.994110429524701,4.642172093149273
full_s44,ctrl__perm_static,SON,ExtraTreesRegressor,val,44,0.557424688586007,2.371229434028449,0.2264185418541851,-2.83472807017544,4.867039891660797
full_s44,ctrl__perm_static,SON,HistGradientBoostingRegressor,val,44,0.5564679819798379,2.373790971181017,0.18418025310110658,-2.881927438504656,4.873732935420868
full_s44,ctrl__perm_static,SON,RandomForestRegressor,val,44,0.5242738896282562,2.45843358158554,0.22227632763276298,-2.8566140350877194,4.936058017728921
full_s44,ctrl__perm_static,SON,LGBMRegressor,val,44,0.5616467681548281,2.359891803310197,0.15149413886297675,-2.8258482959847764,4.869782484343393
full_s44,ctrl__perm_static,SON,CatBoostRegressor,val,44,0.5785043313559167,2.3140702736596057,0.17479650392466697,-2.7929322984586746,4.7808070441677355
full_s44,ctrl__perm_static,SON,ExtraTreesRegressor,test,44,0.6294929285210518,2.250740214112247,-0.015248715019988788,-3.073763380281692,4.757175648650434
full_s44,ctrl__perm_static,SON,HistGradientBoostingRegressor,test,44,0.6118738803827654,2.3036343993669393,0.014498788524394726,-3.0838616719085175,4.783545277039445
full_s44,ctrl__perm_static,SON,RandomForestRegressor,test,44,0.6178208235962523,2.2859179083893015,-0.029386350656767826,-3.1096507042253534,4.870157081655581
full_s44,ctrl__perm_static,SON,LGBMRegressor,test,44,0.6140597843476392,2.2971382718291635,-0.024373274083395638,-3.089634175145488,4.816295161117049
full_s44,ctrl__perm_static,SON,CatBoostRegressor,test,44,0.6312393159029822,2.2454295097238557,0.030076170419948315,-2.954345365607756,4.680222508677483
full_s44,drop_grp__grupo1,SON,ExtraTreesRegressor,val,44,0.5000142132504171,2.5203381582722595,0.11212421242124193,-3.4116842105263174,5.069121339827519
full_s44,drop_grp__grupo1,SON,HistGradientBoostingRegressor,val,44,0.47873148158758183,2.573420367229105,0.07068884552717385,-3.337695484860607,5.055718873612704
full_s44,drop_grp__grupo1,SON,RandomForestRegressor,val,44,0.4636087706604589,2.6104826998454937,0.09226282628262811,-3.5317894736842113,5.096303966877076
full_s44,drop_grp__grupo1,SON,LGBMRegressor,val,44,0.47064015916204704,2.593316247337137,0.11187824319652123,-3.189680029426821,4.986543945221238
full_s44,drop_grp__grupo1,SON,CatBoostRegressor,val,44,0.4981361008474462,2.5250673342614927,0.10135131534568147,-3.263456643342231,4.947922528892941
full_s44,drop_grp__grupo1,SON,ExtraTreesRegressor,test,44,0.5837036643798359,2.385769125122859,-0.10385808109651651,-3.6632309859154932,4.976901268805382
full_s44,drop_grp__grupo1,SON,HistGradientBoostingRegressor,test,44,0.5691639819057235,2.427074579480244,-0.08837844928177759,-3.3718086523804067,4.865052131626533
full_s44,drop_grp__grupo1,SON,RandomForestRegressor,test,44,0.572035769510637,2.4189720808726007,-0.09236207881210767,-3.6414732394366203,4.955208987505891
full_s44,drop_grp__grupo1,SON,LGBMRegressor,test,44,0.5743215606948269,2.4125034702886237,-0.08099106498572703,-3.291431013204504,4.783935296201742
full_s44,drop_grp__grupo1,SON,CatBoostRegressor,test,44,0.5905696922608747,2.366012930798454,-0.06049987059278048,-3.259767161584227,4.7243602939227545
full_s44,drop_grp__grupo2,SON,ExtraTreesRegressor,val,44,0.5648447603242681,2.351267787369357,0.2121215121512147,-2.753561403508772,4.850248537672372
full_s44,drop_grp__grupo2,SON,HistGradientBoostingRegressor,val,44,0.5422519226572816,2.411533225107661,0.2389852871631829,-2.8165104957084264,4.9103028629456436
full_s44,drop_grp__grupo2,SON,RandomForestRegressor,val,44,0.524719304307816,2.4572824162247424,0.23268226822682225,-2.733447368421053,4.9554659357472
full_s44,drop_grp__grupo2,SON,LGBMRegressor,val,44,0.5457079446040505,2.4024123757209987,0.24179189661019798,-2.6860628197999374,4.928424480912372
full_s44,drop_grp__grupo2,SON,CatBoostRegressor,val,44,0.5628556624235522,2.356635491852375,0.24563521103395197,-2.7420595121515636,4.874571195548832
full_s44,drop_grp__grupo2,SON,ExtraTreesRegressor,test,44,0.6422676408570429,2.211598227563024,-0.03595545402627098,-3.062326760563381,4.731998307001471
full_s44,drop_grp__grupo2,SON,HistGradientBoostingRegressor,test,44,0.6208511255819456,2.2768373411878295,0.026380865934852126,-2.946912587568988,4.656935456580368
full_s44,drop_grp__grupo2,SON,RandomForestRegressor,test,44,0.6211086909578143,2.276063853339234,-0.03463420902341544,-3.0900676056338034,4.848494859813075
full_s44,drop_grp__grupo2,SON,LGBMRegressor,test,44,0.625370946764717,2.2632256019989443,0.013628562135399645,-2.8674098491689115,4.6742606341946304
full_s44,drop_grp__grupo2,SON,CatBoostRegressor,test,44,0.6474535142200681,2.195509470891568,0.01950801327514067,-2.8768510236897566,4.5610228620133375
full_s44,drop_grp__grupo3,SON,ExtraTreesRegressor,val,44,0.581321676846434,2.306323496044482,0.19969936993699336,-2.7236666666666682,4.690654688154819
full_s44,drop_grp__grupo3,SON,HistGradientBoostingRegressor,val,44,0.5423386050374152,2.4113048818909375,0.1928827234922678,-2.7361429165087445,4.907241445467465
full_s44,drop_grp__grupo3,SON,RandomForestRegressor,val,44,0.5647053528110835,2.35164438647344,0.2068325832583256,-2.730491228070176,4.6973836222664245
full_s44,drop_grp__grupo3,SON,LGBMRegressor,val,44,0.5630907525737073,2.356001723723234,0.1691279062032904,-2.6816326211444537,4.778385840269025
full_s44,drop_grp__grupo3,SON,CatBoostRegressor,val,44,0.5703270571008556,2.3364096354672026,0.14322925368358486,-2.78951138994036,4.777602021837552
full_s44,drop_grp__grupo3,SON,ExtraTreesRegressor,test,44,0.6368495283842762,2.228283406322468,-0.04041062250142807,-3.005236619718311,4.716396281538167
full_s44,drop_grp__grupo3,SON,HistGradientBoostingRegressor,test,44,0.615123563361706,2.293970250479152,0.004671388912424247,-2.9848643866486704,4.7094333036915925
full_s44,drop_grp__grupo3,SON,RandomForestRegressor,test,44,0.6202414522723216,2.2786671888681362,-0.022976013706453774,-3.0662816901408463,4.862099709292129
full_s44,drop_grp__grupo3,SON,LGBMRegressor,test,44,0.6198609329305933,2.2798085191280637,0.00045366894841183416,-2.9382975346736484,4.668791378929998
full_s44,drop_grp__grupo3,SON,CatBoostRegressor,test,44,0.6468821689294201,2.197287798337022,0.006891791372334754,-2.9012895593643875,4.5945426613936915
full_s44,drop_grp__grupo4,SON,ExtraTreesRegressor,val,44,0.5683708205664249,2.3417222569538154,0.20596219621962167,-2.8445350877192985,4.799663845137052
full_s44,drop_grp__grupo4,SON,HistGradientBoostingRegressor,val,44,0.5494198764463301,2.392577423000718,0.20480576596657538,-2.685023109779835,4.875493950660967
full_s44,drop_grp__grupo4,SON,RandomForestRegressor,val,44,0.5307220966515309,2.4417153760210772,0.2146111611161113,-2.855596491228071,4.819365998923401
full_s44,drop_grp__grupo4,SON,LGBMRegressor,val,44,0.5583768052042073,2.368677436158993,0.19178082194814347,-2.667799333266541,4.821794958267939
full_s44,drop_grp__grupo4,SON,CatBoostRegressor,val,44,0.5698520092354236,2.3377008498883542,0.17090891329758398,-2.820463821319763,4.827784563625334
full_s44,drop_grp__grupo4,SON,ExtraTreesRegressor,test,44,0.6367755527879697,2.2285103510917113,-0.028636778983438232,-3.120557746478874,4.761658579546523
full_s44,drop_grp__grupo4,SON,HistGradientBoostingRegressor,test,44,0.6256491515211455,2.2623850944886272,-0.011979122182075908,-2.9433445656357,4.633637736773368
full_s44,drop_grp__grupo4,SON,RandomForestRegressor,test,44,0.6247315026865922,2.265156297407477,-0.03440234151913227,-3.119859154929578,4.78566673530538
full_s44,drop_grp__grupo4,SON,LGBMRegressor,test,44,0.625103107591505,2.2640344983740186,-0.007150799193886189,-2.8901590295525597,4.634791894128103
full_s44,drop_grp__grupo4,SON,CatBoostRegressor,test,44,0.6490573252586471,2.1905098520342334,0.008422373255453483,-2.862197422232842,4.539635786739519
full_s44,full,SON,ExtraTreesRegressor,val,44,0.5757506488783347,2.321617019074922,0.20459855985598538,-2.705245614035089,4.721341498330707
full_s44,full,SON,HistGradientBoostingRegressor,val,44,0.5621448925213142,2.3585505861530014,0.21490305871628035,-2.648984606396018,4.76942467462946
full_s44,full,SON,RandomForestRegressor,val,44,0.5439508480000708,2.407053879712289,0.21840684068406802,-2.667219298245615,4.8724872903617555
full_s44,full,SON,LGBMRegressor,val,44,0.5606250580196368,2.362640410911844,0.18307363551728092,-2.6344191175883513,4.877999159686647
full_s44,full,SON,CatBoostRegressor,val,44,0.5708644034886473,2.3349482285267844,0.17142313066518539,-2.7027530156208432,4.752289751637678
full_s44,full,SON,ExtraTreesRegressor,test,44,0.6456631431034465,2.2010772456697,-0.05217675613934917,-3.001377464788733,4.689704137639341
full_s44,full,SON,HistGradientBoostingRegressor,test,44,0.625344194831849,2.2633064080362866,0.011062001046349008,-2.8684425916630736,4.60935497155517
full_s44,full,SON,RandomForestRegressor,test,44,0.6247014646076734,2.26524695194229,-0.037996002284409164,-3.024836619718311,4.837863045007943
full_s44,full,SON,LGBMRegressor,test,44,0.621193924410024,2.2758078330949076,0.012644125548644096,-2.887148436695312,4.646871350976511
full_s44,full,SON,CatBoostRegressor,test,44,0.6484744352306469,2.192328235351465,0.003507636107261884,-2.873204586061934,4.531820404361173
full_s45,add_grp__grupo2,DJF,HistGradientBoostingRegressor,val,45,0.49761260542593044,2.250361153666989,0.21786765015341078,-2.317878701983548,4.415196481957779
full_s45,add_grp__grupo2,DJF,MLPRegressor,val,45,0.43064252657129654,2.395661029085697,0.19084470053850594,-2.2215789484977724,4.412562244978655
full_s45,add_grp__grupo2,DJF,RandomForestRegressor,val,45,0.5130367885929414,2.2155468177619073,0.238635593220338,-2.484966666666669,4.33308086123488
full_s45,add_grp__grupo2,DJF,LGBMRegressor,val,45,0.5033168264210246,2.237549125423184,0.19082317714823338,-2.439033866258364,4.289030696765352
full_s45,add_grp__grupo2,DJF,CatBoostRegressor,val,45,0.5052752225273502,2.2331334981456425,0.22739676471072803,-2.45582985328107,4.387296009004389
full_s45,add_grp__grupo2,DJF,HistGradientBoostingRegressor,test,45,0.4107611585833365,2.49540008050494,-0.009234607565702357,-4.045174261226454,5.606256747942077
full_s45,add_grp__grupo2,DJF,MLPRegressor,test,45,0.31845891188022724,2.6837405175357345,-0.0961493038049693,-3.9363527086663876,5.778579452731141
full_s45,add_grp__grupo2,DJF,RandomForestRegressor,test,45,0.3923722060943722,2.534039129612281,0.047637414764304116,-4.2596734693877565,5.762040152847955
full_s45,add_grp__grupo2,DJF,LGBMRegressor,test,45,0.39589712612566585,2.526678309882101,-0.05073166867120586,-4.216476195961383,5.789929159446423
full_s45,add_grp__grupo2,DJF,CatBoostRegressor,test,45,0.4106891357163468,2.4955525826516074,0.029051074633921797,-4.061560975916942,5.632716756860453
full_s45,add_grp__grupo3,DJF,HistGradientBoostingRegressor,val,45,0.4896165145189132,2.2681990387461743,0.21914147507813858,-2.4064314357491394,4.430588660505265
full_s45,add_grp__grupo3,DJF,MLPRegressor,val,45,0.425422848076525,2.406617284257782,0.22141793525825113,-2.3251860586802167,4.549945200649499
full_s45,add_grp__grupo3,DJF,RandomForestRegressor,val,45,0.4874519118203494,2.273003813183287,0.2551415254237282,-2.570316666666668,4.4587739869460385
full_s45,add_grp__grupo3,DJF,LGBMRegressor,val,45,0.49592526775606605,2.2541370607076647,0.2129977909680226,-2.40041328563486,4.455277680123506
full_s45,add_grp__grupo3,DJF,CatBoostRegressor,val,45,0.5192118817767829,2.2014545237602183,0.20244134309992334,-2.4770593271030874,4.382979887329164
full_s45,add_grp__grupo3,DJF,HistGradientBoostingRegressor,test,45,0.39339898456816547,2.5318971958768497,0.03846379351980642,-4.095176605701052,5.627036497474177
full_s45,add_grp__grupo3,DJF,MLPRegressor,test,45,0.2895748687385845,2.7400195366335747,0.07790705768213121,-3.871860870884042,5.693504508421355
full_s45,add_grp__grupo3,DJF,RandomForestRegressor,test,45,0.38202185913940157,2.555530437981235,0.05080017788318953,-4.318005830903791,5.842311387614857
full_s45,add_grp__grupo3,DJF,LGBMRegressor,test,45,0.3937277283229572,2.5312110297054713,0.022936954079850386,-4.0631901204000735,5.648312045661451
full_s45,add_grp__grupo3,DJF,CatBoostRegressor,test,45,0.4116750232175592,2.493464241748243,0.05572894644549274,-4.064788578005656,5.575426664530878
full_s45,add_grp__grupo4,DJF,HistGradientBoostingRegressor,val,45,0.46000571178302907,2.333068222326014,0.20691870049008174,-2.5087458727269483,4.546974637098296
full_s45,add_grp__grupo4,DJF,MLPRegressor,val,45,0.5143998288267252,2.2124439184547215,0.1948080970473209,-2.4587516911824547,4.321674320731234
full_s45,add_grp__grupo4,DJF,RandomForestRegressor,val,45,0.4840335228164361,2.280571004546813,0.24549999999999922,-2.415808333333335,4.430243827939948
full_s45,add_grp__grupo4,DJF,LGBMRegressor,val,45,0.468842180720335,2.3139003135478804,0.19641398764108944,-2.454543909705189,4.4995538242544635
full_s45,add_grp__grupo4,DJF,CatBoostRegressor,val,45,0.48719306884582625,2.2735776879272627,0.19697622486936733,-2.5620131634166228,4.464363787819991
full_s45,add_grp__grupo4,DJF,HistGradientBoostingRegressor,test,45,0.37685479685564416,2.5661918976617595,0.043575651098168106,-4.173461790847927,5.705136826400491
full_s45,add_grp__grupo4,DJF,MLPRegressor,test,45,0.36506112316452366,2.5903620032889947,-0.005045769259161313,-4.130144258004236,5.822621042842641
full_s45,add_grp__grupo4,DJF,RandomForestRegressor,test,45,0.377009775772275,2.565872766286749,0.06312392528905969,-4.310763848396502,5.83802666998164
full_s45,add_grp__grupo4,DJF,LGBMRegressor,test,45,0.3813528708668503,2.5569133003722357,0.055268542545470464,-4.077346790397806,5.6536596650799105
full_s45,add_grp__grupo4,DJF,CatBoostRegressor,test,45,0.3897300244147571,2.53954260487021,0.06302965763808581,-4.119142451665031,5.66474062502239
full_s45,base,DJF,HistGradientBoostingRegressor,val,45,0.4634626282400115,2.3255883549407046,0.21279242203861268,-2.5103285877398998,4.529378935806313
full_s45,base,DJF,MLPRegressor,val,45,0.48423634548230676,2.280122722558885,0.26542679398746816,-2.235537311236064,4.356731791415955
full_s45,base,DJF,RandomForestRegressor,val,45,0.47545788144634393,2.299445064040968,0.23135508474576197,-2.515291666666669,4.546248093208289
full_s45,base,DJF,LGBMRegressor,val,45,0.4713796874401235,2.3083665844715853,0.21441509039819287,-2.4457992482995374,4.525899875791992
full_s45,base,DJF,CatBoostRegressor,val,45,0.4882782209670051,2.2711708520560405,0.20624695055366088,-2.5233858464900765,4.497759727532183
full_s45,base,DJF,HistGradientBoostingRegressor,test,45,0.38555438729515723,2.548215922702711,0.05100108920013241,-4.150834371743463,5.656584579923411
full_s45,base,DJF,MLPRegressor,test,45,0.35702593459150667,2.60670106409147,-0.0005585366528146835,-4.0952554622127435,5.783203909175103
full_s45,base,DJF,RandomForestRegressor,test,45,0.36665500209387325,2.587108684036696,0.05677438482063384,-4.376448979591839,5.885738867592813
full_s45,base,DJF,LGBMRegressor,test,45,0.38852178368154244,2.5420553137643163,0.05046660941436769,-4.153401395614971,5.667127304488221
full_s45,base,DJF,CatBoostRegressor,test,45,0.3985946742958363,2.5210307102718894,0.037160328628857604,-4.136345650735218,5.661690493956581
full_s45,ctrl__noise,DJF,HistGradientBoostingRegressor,val,45,0.46026977219666143,2.3324977104638753,0.20860970397115822,-2.5218844965988367,4.611776753863836
full_s45,ctrl__noise,DJF,MLPRegressor,val,45,0.4631272807903526,2.3263150128982053,0.2746235834695812,-2.5307264982622524,4.422331179112289
full_s45,ctrl__noise,DJF,RandomForestRegressor,val,45,0.47888407646761577,2.291923023339845,0.22732966101694846,-2.5148166666666687,4.524227464440753
full_s45,ctrl__noise,DJF,LGBMRegressor,val,45,0.472685261162194,2.3055142481153,0.21083084670707053,-2.5519168423187937,4.500943141558897
full_s45,ctrl__noise,DJF,CatBoostRegressor,val,45,0.49212043971053143,2.2626283416587447,0.2023600361467438,-2.5233462204665558,4.4666612819109615
full_s45,ctrl__noise,DJF,HistGradientBoostingRegressor,test,45,0.3897010255603488,2.539602941241305,0.04534845450712982,-4.103430047314529,5.630738066649061
full_s45,ctrl__noise,DJF,MLPRegressor,test,45,0.35096308668530896,2.618962018299409,-0.033921768970817535,-4.214158643677099,5.702483638451281
full_s45,ctrl__noise,DJF,RandomForestRegressor,test,45,0.3675757047401249,2.585227541751919,0.05589327008597634,-4.393154518950438,5.882341811189952
full_s45,ctrl__noise,DJF,LGBMRegressor,test,45,0.38594210807671425,2.5474118220984017,0.04088256344011591,-4.172758614185047,5.6565732455581506
full_s45,ctrl__noise,DJF,CatBoostRegressor,test,45,0.39321119701445395,2.5322890695936024,0.061191985440602004,-4.14264201647078,5.642813343222173
full_s45,ctrl__perm_static,DJF,HistGradientBoostingRegressor,val,45,0.48384317890076556,2.280991625659347,0.2139827263002553,-2.4383583771441266,4.4716639209200455
full_s45,ctrl__perm_static,DJF,MLPRegressor,val,45,0.5087259153716561,2.2253318453463002,0.18761936389793787,-2.499347925980886,4.300918750509838
full_s45,ctrl__perm_static,DJF,RandomForestRegressor,val,45,0.47433475529399927,2.3019054822369536,0.23808135593220256,-2.4697000000000022,4.528221059827653
full_s45,ctrl__perm_static,DJF,LGBMRegressor,val,45,0.4653220834973467,2.3215550099327835,0.21580839296130358,-2.448469542288737,4.518345492402842
full_s45,ctrl__perm_static,DJF,CatBoostRegressor,val,45,0.4862901001814829,2.2755785057233004,0.21710771430885636,-2.545565128446317,4.467942982973691
full_s45,ctrl__perm_static,DJF,HistGradientBoostingRegressor,test,45,0.37706935888534776,2.5657500626416203,0.03354397046032697,-4.168251525790349,5.7165786593489125
full_s45,ctrl__perm_static,DJF,MLPRegressor,test,45,0.35454268519264287,2.611729922377367,-0.033784122902457116,-4.2875628273966715,5.8975486537188555
full_s45,ctrl__perm_static,DJF,RandomForestRegressor,test,45,0.3722900524453854,2.5755738491137006,0.06728431663207765,-4.329839650145773,5.855973919442395
full_s45,ctrl__perm_static,DJF,LGBMRegressor,test,45,0.3765696448446417,2.566778976790926,0.049998218141529834,-4.136879702799161,5.690287542720274
full_s45,ctrl__perm_static,DJF,CatBoostRegressor,test,45,0.3884731915004569,2.5421563161834744,0.07823473534754637,-4.110977321790321,5.644761293480774
full_s45,drop_grp__grupo1,DJF,HistGradientBoostingRegressor,val,45,0.45026063528229354,2.354026098510321,0.09331619454323105,-3.085833857204366,4.580946430054944
full_s45,drop_grp__grupo1,DJF,MLPRegressor,val,45,0.3457877207681187,2.5679833348230146,0.0957541654069545,-2.9108838367462155,4.9305904378463286
full_s45,drop_grp__grupo1,DJF,RandomForestRegressor,val,45,0.4513580767556956,2.3516752604278666,0.16355593220338924,-3.1697250000000015,4.495318278498198
full_s45,drop_grp__grupo1,DJF,LGBMRegressor,val,45,0.4413085003429015,2.3731155615902386,0.13167597130469838,-3.078383333340605,4.5271335960811205
full_s45,drop_grp__grupo1,DJF,CatBoostRegressor,val,45,0.49472210313890297,2.256825631813761,0.10671051734281921,-2.9881898743983775,4.334067838077795
full_s45,drop_grp__grupo1,DJF,HistGradientBoostingRegressor,test,45,0.34380327174724457,2.6333678655211576,-0.04993967255663042,-4.390124664311566,5.853517665072653
full_s45,drop_grp__grupo1,DJF,MLPRegressor,test,45,0.2158141861427465,2.8787502723798912,0.06383490814075532,-4.2490686964363125,6.019033227749721
full_s45,drop_grp__grupo1,DJF,RandomForestRegressor,test,45,0.34780836809883364,2.6253191858235647,-0.010369700563297262,-4.552119533527697,5.854427235816945
full_s45,drop_grp__grupo1,DJF,LGBMRegressor,test,45,0.3456413111439516,2.629677182633641,-0.03929440746274939,-4.407788266540431,5.854397477642897
full_s45,drop_grp__grupo1,DJF,CatBoostRegressor,test,45,0.3692845935237048,2.581732376538704,-0.04460976582734849,-4.347654043079478,5.767005457236941
full_s45,drop_grp__grupo2,DJF,HistGradientBoostingRegressor,val,45,0.500693360134425,2.2434506779021057,0.1913755208609729,-2.3715370680448444,4.373645358596252
full_s45,drop_grp__grupo2,DJF,MLPRegressor,val,45,0.4246173923181875,2.408303519854667,0.25442483651435976,-2.1873320627212527,4.604143791120777
full_s45,drop_grp__grupo2,DJF,RandomForestRegressor,val,45,0.5039715523243672,2.236073874647561,0.24155254237288062,-2.491983333333335,4.356170263737021
full_s45,drop_grp__grupo2,DJF,LGBMRegressor,val,45,0.5011853235368624,2.2423451772533007,0.18433859947578,-2.504959547344922,4.381204816925806
full_s45,drop_grp__grupo2,DJF,CatBoostRegressor,val,45,0.5044160179423303,2.235071834646392,0.21337131835009923,-2.4955957062133605,4.403630362410397
full_s45,drop_grp__grupo2,DJF,HistGradientBoostingRegressor,test,45,0.38701286413712965,2.54518984368216,0.04466819399463213,-4.085803585193064,5.644377420381167
full_s45,drop_grp__grupo2,DJF,MLPRegressor,test,45,0.30683939619524003,2.706521223309574,0.07069372117183628,-4.044422825015321,5.801171224949786
full_s45,drop_grp__grupo2,DJF,RandomForestRegressor,test,45,0.3851354830827459,2.5490844100729277,0.058213756300029076,-4.296787172011663,5.836150503018026
full_s45,drop_grp__grupo2,DJF,LGBMRegressor,test,45,0.3962425270092146,2.5259558818488106,0.023001487718638393,-4.130663266062462,5.65463359834523
full_s45,drop_grp__grupo2,DJF,CatBoostRegressor,test,45,0.40448025988901515,2.508664488946055,0.05871004610359382,-3.9942544480622635,5.565848160177895
full_s45,drop_grp__grupo3,DJF,HistGradientBoostingRegressor,val,45,0.4914450957494222,2.2641321871256954,0.21870505327695638,-2.3480309689793355,4.384371284366548
full_s45,drop_grp__grupo3,DJF,MLPRegressor,val,45,0.42023055334620785,2.4174667956064178,0.13180140907481566,-1.8788385160764058,4.587542020589255
full_s45,drop_grp__grupo3,DJF,RandomForestRegressor,val,45,0.5210300691542942,2.1972879813263795,0.2482169491525416,-2.4254333333333347,4.255837953133711
full_s45,drop_grp__grupo3,DJF,LGBMRegressor,val,45,0.502473572119933,2.2394477429474215,0.23032562315952085,-2.2634520136481644,4.265345506498256
full_s45,drop_grp__grupo3,DJF,CatBoostRegressor,val,45,0.5047844874156435,2.2342407859159397,0.22347480055133892,-2.442261183411561,4.30587200479534
full_s45,drop_grp__grupo3,DJF,HistGradientBoostingRegressor,test,45,0.3926846409968343,2.5333875596249236,-0.0025851622231284604,-4.137905562016144,5.675718902247455
full_s45,drop_grp__grupo3,DJF,MLPRegressor,test,45,0.2665182203498987,2.7841277966690403,-0.1569067844749381,-3.9747357741041713,5.993511890907774
full_s45,drop_grp__grupo3,DJF,RandomForestRegressor,test,45,0.4012754965671177,2.515405565786826,0.058470204565668045,-4.1998309037900885,5.710280464179657
full_s45,drop_grp__grupo3,DJF,LGBMRegressor,test,45,0.39984511863826366,2.5184084779896074,-0.0447606148836899,-4.185044734778583,5.737860231778321
full_s45,drop_grp__grupo3,DJF,CatBoostRegressor,test,45,0.41763694516240346,2.4807980339681217,0.0021859261482735635,-4.092029237134236,5.6306710038073575
full_s45,drop_grp__grupo4,DJF,HistGradientBoostingRegressor,val,45,0.502679315312656,2.238984653203384,0.2169758685995799,-2.3081919240562336,4.406069943786881
full_s45,drop_grp__grupo4,DJF,MLPRegressor,val,45,0.290344011473058,2.6745873815784695,0.15526159015752503,-2.1774624236424764,4.877604260840093
full_s45,drop_grp__grupo4,DJF,RandomForestRegressor,val,45,0.5069341621921652,2.229386218070353,0.27462288135593144,-2.444683333333335,4.327204615376229
full_s45,drop_grp__grupo4,DJF,LGBMRegressor,val,45,0.5056828830139253,2.232213241121158,0.21001342581935808,-2.3544742464047634,4.331150890329644
full_s45,drop_grp__grupo4,DJF,CatBoostRegressor,val,45,0.5145986380278258,2.2119909745892383,0.18968035670101174,-2.4819464077347457,4.358787829470194
full_s45,drop_grp__grupo4,DJF,HistGradientBoostingRegressor,test,45,0.40209800459880585,2.5136771812641365,0.011730482049223435,-4.033703517477787,5.618572220909987
full_s45,drop_grp__grupo4,DJF,MLPRegressor,test,45,0.21950321648839155,2.8719710651973234,-0.003021597678464152,-3.7818928940303125,5.82946662642363
full_s45,drop_grp__grupo4,DJF,RandomForestRegressor,test,45,0.400325564888259,2.5174002364521177,0.05967477023421233,-4.193209912536443,5.7350552438617175
full_s45,drop_grp__grupo4,DJF,LGBMRegressor,test,45,0.4053611425252722,2.5068084154747794,0.004112640934419205,-4.028445641868766,5.6269364874305685
full_s45,drop_grp__grupo4,DJF,CatBoostRegressor,test,45,0.41959670841606345,2.476620335979221,0.020129150946327536,-4.093511101409154,5.61179047743593
full_s45,full,DJF,HistGradientBoostingRegressor,val,45,0.5253969631544329,2.1872484213000636,0.18501001088292626,-2.2562981879374795,4.24919275973213
full_s45,full,DJF,MLPRegressor,val,45,0.3267520710292734,2.6050758233289106,0.0504268470861144,-1.8176271605491638,4.6331672784687274
full_s45,full,DJF,RandomForestRegressor,val,45,0.5198532188645171,2.1999857420570335,0.2493042372881348,-2.4008166666666684,4.259649240254413
full_s45,full,DJF,LGBMRegressor,val,45,0.5051212654749445,2.233480943758725,0.21129958217904035,-2.4152334892547227,4.277136002097799
full_s45,full,DJF,CatBoostRegressor,val,45,0.5201054150076232,2.199407897098427,0.23671474006401594,-2.3636503738624914,4.210493523866177
full_s45,full,DJF,HistGradientBoostingRegressor,test,45,0.4065727620588835,2.5042532117896448,0.0007102115080078688,-4.036811680291998,5.604849911680274
full_s45,full,DJF,MLPRegressor,test,45,0.20334897200115443,2.9015399980937415,-0.21055800939503955,-4.214062889254823,6.148611838208452
full_s45,full,DJF,RandomForestRegressor,test,45,0.4038484419979952,2.5099949225282705,0.06292439964423308,-4.15797667638484,5.690850313833658
full_s45,full,DJF,LGBMRegressor,test,45,0.4036608552090657,2.5103897926314622,0.013428539404022116,-4.063485436779947,5.644448969619418
full_s45,full,DJF,CatBoostRegressor,test,45,0.4157459018032186,2.484822580508974,0.030968692121260927,-4.037213069292565,5.578344384903036
full_s45,add_grp__grupo2,JJA,BayesianRidge,val,45,0.7255903627317359,2.1219681566575352,0.09799311608765325,-1.7737822197579045,3.425974998741612
full_s45,add_grp__grupo2,JJA,LinearRegression,val,45,0.7247105574305284,2.1253671349674628,0.11277530222000841,-1.740695795282587,3.391134812127176
full_s45,add_grp__grupo2,JJA,SGDRegressor,val,45,0.7236688932452453,2.1293844130233133,0.11621391853958869,-1.485410659526209,3.404294401363826
full_s45,add_grp__grupo2,JJA,LGBMRegressor,val,45,0.7475158466587404,2.035430347285181,0.0958516885849912,-2.053263641330313,3.4520618996908454
full_s45,add_grp__grupo2,JJA,CatBoostRegressor,val,45,0.7677343523977938,1.9522331066399718,0.10402860147430998,-1.9278517580787204,3.256167476836406
full_s45,add_grp__grupo2,JJA,BayesianRidge,test,45,0.6688224714055298,2.2837372729227132,0.07335381972498498,-2.5146797103222234,4.896704591536499
full_s45,add_grp__grupo2,JJA,LinearRegression,test,45,0.6691616311693078,2.282567582750745,0.08029951104564739,-2.4717829050179514,4.883606841335822
full_s45,add_grp__grupo2,JJA,SGDRegressor,test,45,0.6674486553302965,2.288469157939921,0.11889526106304167,-2.30564389198522,4.899960223735797
full_s45,add_grp__grupo2,JJA,LGBMRegressor,test,45,0.6973806572447361,2.183051853297575,0.07236644881720915,-2.6500625549165577,4.842127978659427
full_s45,add_grp__grupo2,JJA,CatBoostRegressor,test,45,0.7010330613194025,2.169837906026991,-0.06374301274894889,-2.764051837389897,4.872578424785096
full_s45,add_grp__grupo3,JJA,BayesianRidge,val,45,0.7381877817541587,2.072688976670264,0.07069606525163534,-1.8933268761849615,3.4544429031565063
full_s45,add_grp__grupo3,JJA,LinearRegression,val,45,0.7364425437394228,2.0795857658000156,0.08113165131109273,-1.862891069188848,3.4376432160748878
full_s45,add_grp__grupo3,JJA,SGDRegressor,val,45,0.7288154331334715,2.109461811599006,0.021532677311744422,-1.8946704524738034,3.5825661426199398
full_s45,add_grp__grupo3,JJA,LGBMRegressor,val,45,0.7581600774758867,1.9920635088550342,0.060006344904085046,-2.0272558121311115,3.510493423692988
full_s45,add_grp__grupo3,JJA,CatBoostRegressor,val,45,0.773762381066867,1.9267332545837719,0.0933755937842636,-1.928756684721376,3.319651547050793
full_s45,add_grp__grupo3,JJA,BayesianRidge,test,45,0.6726600991211533,2.2704669417759216,0.04705848893173168,-2.540422577816746,4.889794733827658
full_s45,add_grp__grupo3,JJA,LinearRegression,test,45,0.6729514694118321,2.2694562280044117,0.05070729753990049,-2.4935756672356244,4.878410427161077
full_s45,add_grp__grupo3,JJA,SGDRegressor,test,45,0.6604393914677849,2.3124607029051005,0.027287427666186866,-2.4929884661646367,4.98732188958208
full_s45,add_grp__grupo3,JJA,LGBMRegressor,test,45,0.6954483026741696,2.1900106244725155,-0.024996174642136784,-2.8200961440847703,4.9699292407889955
full_s45,add_grp__grupo3,JJA,CatBoostRegressor,test,45,0.7042614209740234,2.1580907364299207,-0.04121353291132796,-2.7528149039440715,4.874746525614803
full_s45,add_grp__grupo4,JJA,BayesianRidge,val,45,0.7549285080139682,2.00532874829629,0.0609486504906752,-1.920221003111418,3.3485162527052483
full_s45,add_grp__grupo4,JJA,LinearRegression,val,45,0.7533873009788921,2.0116244273259154,0.09325237238881325,-1.8642681663100782,3.3174221342509345
full_s45,add_grp__grupo4,JJA,SGDRegressor,val,45,0.7479023963856817,2.0338716426925436,0.043690580353930024,-1.9732175887086787,3.4372171949716033
full_s45,add_grp__grupo4,JJA,LGBMRegressor,val,45,0.7650132157353886,1.963635620120742,0.010915801480076037,-2.077334387366792,3.4700621805301592
full_s45,add_grp__grupo4,JJA,CatBoostRegressor,val,45,0.7708070978114567,1.9392766328025681,0.01318796291743157,-2.073765230750637,3.4750512313752644
full_s45,add_grp__grupo4,JJA,BayesianRidge,test,45,0.6942397603681256,2.19435159513102,0.06427934835825311,-2.5549774109458374,4.816156841461081
full_s45,add_grp__grupo4,JJA,LinearRegression,test,45,0.6935157939703156,2.1969479064701645,0.07971465349688682,-2.5005890087710334,4.8028739529689615
full_s45,add_grp__grupo4,JJA,SGDRegressor,test,45,0.6922049746607271,2.2016410179790777,0.03664513911933161,-2.6078648299202842,4.848914047109397
full_s45,add_grp__grupo4,JJA,LGBMRegressor,test,45,0.7025103861193422,2.1644702135533382,-0.026347683968167224,-2.8016713601460257,4.87748160991215
full_s45,add_grp__grupo4,JJA,CatBoostRegressor,test,45,0.7062334459178319,2.150883480772586,-0.051398768803762374,-2.774535799899406,4.8691365869783745
full_s45,base,JJA,BayesianRidge,val,45,0.7388296994700467,2.070146482054185,0.02680754092531441,-1.8785614245646705,3.454633625664953
full_s45,base,JJA,LinearRegression,val,45,0.7377058907422134,2.0745955932056055,0.04616473433488391,-1.8437996005152795,3.429994758231138
full_s45,base,JJA,SGDRegressor,val,45,0.737521470270964,2.075324794997401,-0.008832803323601352,-1.8959762933632653,3.455800160452309
full_s45,base,JJA,LGBMRegressor,val,45,0.7663029182925934,1.9582395926134493,0.020764966497023658,-2.0893054322785676,3.4870014563472704
full_s45,base,JJA,CatBoostRegressor,val,45,0.7715512354502022,1.9361258764486224,0.02119756262266913,-2.054848227685565,3.4037312143354055
full_s45,base,JJA,BayesianRidge,test,45,0.6726435677842915,2.2705242726724535,0.05000486839930032,-2.5082608129517836,4.892087194177627
full_s45,base,JJA,LinearRegression,test,45,0.6728869203621999,2.2696801764425283,0.05490848177982001,-2.477447937957148,4.879895460503077
full_s45,base,JJA,SGDRegressor,test,45,0.6695024864867885,2.2813914407578717,-0.010160794633183128,-2.5807107460932985,4.960488579394056
full_s45,base,JJA,LGBMRegressor,test,45,0.7034499373951342,2.161049524421987,-0.024169263201349787,-2.7282897614326815,4.875412742933986
full_s45,base,JJA,CatBoostRegressor,test,45,0.7088473627169176,2.1412928842543404,-0.0801548187259946,-2.8019965352699034,4.859630736910761
full_s45,ctrl__noise,JJA,BayesianRidge,val,45,0.7388165813321899,2.070198471361321,0.02654349259943154,-1.8792038964278241,3.455325781135852
full_s45,ctrl__noise,JJA,LinearRegression,val,45,0.7377107300182415,2.0745764551718575,0.04614412565906667,-1.8438156990688563,3.4299716062760846
full_s45,ctrl__noise,JJA,SGDRegressor,val,45,0.7376153255905891,2.0749537214331517,-0.008822377627547357,-1.8964408105040786,3.4555498387855863
full_s45,ctrl__noise,JJA,LGBMRegressor,val,45,0.7626234839143167,1.973595100183129,0.018259120360836933,-2.0118416141849873,3.542772822831412
full_s45,ctrl__noise,JJA,CatBoostRegressor,val,45,0.7695257244711777,1.944690137816755,0.03839766572930808,-1.9920314431046533,3.408501045043747
full_s45,ctrl__noise,JJA,BayesianRidge,test,45,0.6726203821918566,2.270604678177143,0.049919061631007615,-2.5090005728657157,4.8922904236991664
full_s45,ctrl__noise,JJA,LinearRegression,test,45,0.6728846077243644,2.2696881995686273,0.05494264181020679,-2.4774226787782383,4.879893905505406
full_s45,ctrl__noise,JJA,SGDRegressor,test,45,0.669439087576845,2.2816102484475405,-0.009030108659816485,-2.579596867224409,4.960525965578217
full_s45,ctrl__noise,JJA,LGBMRegressor,test,45,0.6968797826291991,2.1848577246229093,-0.01083424038923053,-2.7813477225554712,4.9155305222141
full_s45,ctrl__noise,JJA,CatBoostRegressor,test,45,0.7063582791692156,2.1504264336634265,-0.05945416912777974,-2.819930695757112,4.8801062720164055
full_s45,ctrl__perm_static,JJA,BayesianRidge,val,45,0.7547026848179559,2.0062524491127465,0.057480958785093225,-1.928175914180171,3.354262403792064
full_s45,ctrl__perm_static,JJA,LinearRegression,val,45,0.753387366314869,2.0116241608525014,0.09325233754132434,-1.8642665510779026,3.317421539535972
full_s45,ctrl__perm_static,JJA,SGDRegressor,val,45,0.7547515305866315,2.006052687810933,0.03491225050393521,-2.052798386766278,3.3987115040276072
full_s45,ctrl__perm_static,JJA,LGBMRegressor,val,45,0.764661748833448,1.9651035644980384,0.034473002794118766,-2.0464463390261787,3.4617921305994543
full_s45,ctrl__perm_static,JJA,CatBoostRegressor,val,45,0.7758992554707194,1.9176124126089282,0.026090797556013897,-1.9647763377236291,3.3578560216522657
full_s45,ctrl__perm_static,JJA,BayesianRidge,test,45,0.6943133822287006,2.1940873979723046,0.061563378514561326,-2.5623858938299615,4.817955554162949
full_s45,ctrl__perm_static,JJA,LinearRegression,test,45,0.6935157453049282,2.1969480808923936,0.07971306689388442,-2.5005900517664315,4.80287573064305
full_s45,ctrl__perm_static,JJA,SGDRegressor,test,45,0.6914238715531009,2.2044328418216925,0.025036332898235408,-2.710498276988588,4.909897744538684
full_s45,ctrl__perm_static,JJA,LGBMRegressor,test,45,0.7022639485395765,2.1653665412812066,-0.03391995911176442,-2.7266567176243464,4.885106352616202
full_s45,ctrl__perm_static,JJA,CatBoostRegressor,test,45,0.7070144604830312,2.148022383540666,-0.07242883398703932,-2.7628772743799894,4.866748433924992
full_s45,drop_grp__grupo1,JJA,BayesianRidge,val,45,0.6495159879090203,2.3981331271727435,0.046127477075963194,-2.8719459018191777,3.9262966732416453
full_s45,drop_grp__grupo1,JJA,LinearRegression,val,45,0.6454142024905898,2.412125227140549,0.051334857323123394,-2.8677140794358813,3.931018161948045
full_s45,drop_grp__grupo1,JJA,SGDRegressor,val,45,0.6391763509961117,2.4332497062083633,0.06550297187358212,-2.572700479221881,3.781082028356924
full_s45,drop_grp__grupo1,JJA,LGBMRegressor,val,45,0.6795793570233768,2.292975562759274,0.05119140301429428,-2.619529348345178,3.6445847487315697
full_s45,drop_grp__grupo1,JJA,CatBoostRegressor,val,45,0.6835038169517982,2.2788903054968803,0.059249535798084584,-2.554274551639838,3.5987214730255164
full_s45,drop_grp__grupo1,JJA,BayesianRidge,test,45,0.5879670480073406,2.547309319554576,0.05753815083564082,-3.495522367988609,5.388944291936373
full_s45,drop_grp__grupo1,JJA,LinearRegression,test,45,0.5859570604343213,2.5535149288884513,0.05028942002595997,-3.499113432749548,5.415357069221482
full_s45,drop_grp__grupo1,JJA,SGDRegressor,test,45,0.5849809030967918,2.556523270117704,0.023116970617279544,-3.2617555343256766,5.305313886848408
full_s45,drop_grp__grupo1,JJA,LGBMRegressor,test,45,0.6107323114199944,2.475938698236931,0.13293080616760444,-3.2061520637320533,5.2021422231159695
full_s45,drop_grp__grupo1,JJA,CatBoostRegressor,test,45,0.6179574434994197,2.4528533348001584,0.11248337108586882,-3.1439753748717787,5.170685510467025
full_s45,drop_grp__grupo2,JJA,BayesianRidge,val,45,0.7537494558270434,2.010146832702367,0.10070408089749797,-1.927609655019399,3.3520584539151974
full_s45,drop_grp__grupo2,JJA,LinearRegression,val,45,0.750875802485313,2.02184165046393,0.12172334910982961,-1.8899587820242114,3.332470478608956
full_s45,drop_grp__grupo2,JJA,SGDRegressor,val,45,0.7487045371904003,2.030633311096945,0.07064977996138899,-1.9612544217062648,3.447830272324908
full_s45,drop_grp__grupo2,JJA,LGBMRegressor,val,45,0.7626850012545535,1.9733393499717853,0.07216091062167015,-1.9964660926935685,3.3936968734396618
full_s45,drop_grp__grupo2,JJA,CatBoostRegressor,val,45,0.7689768424952479,1.9470044321202162,0.08630640023477665,-1.8787218579454819,3.2854937648743805
full_s45,drop_grp__grupo2,JJA,BayesianRidge,test,45,0.694109938611549,2.194817392035961,0.060247878281551474,-2.589976612497819,4.822701732993545
full_s45,drop_grp__grupo2,JJA,LinearRegression,test,45,0.6930123859104753,2.1987514374379273,0.07824422203515394,-2.5216952519045783,4.807200678013594
full_s45,drop_grp__grupo2,JJA,SGDRegressor,test,45,0.6951625965692255,2.191037630288397,0.08516760068548246,-2.5015166823757404,4.758774003066397
full_s45,drop_grp__grupo2,JJA,LGBMRegressor,test,45,0.693476578675208,2.1970884540140103,-0.002340951208734914,-2.7419897309070307,4.926419496267138
full_s45,drop_grp__grupo2,JJA,CatBoostRegressor,test,45,0.7053503613485277,2.154113914399494,-0.07636146900865838,-2.7437400624984494,4.872142427851404
full_s45,drop_grp__grupo3,JJA,BayesianRidge,val,45,0.7414091578231441,2.059898174793858,0.12669954229349564,-1.8225852657008812,3.310235002872468
full_s45,drop_grp__grupo3,JJA,LinearRegression,val,45,0.7396846144823963,2.06675549542111,0.15088594614852918,-1.778050255990243,3.2758597090836656
full_s45,drop_grp__grupo3,JJA,SGDRegressor,val,45,0.7095311740167501,2.1831769992666445,0.1610345337608174,-1.4667845150235514,3.483465986700058
full_s45,drop_grp__grupo3,JJA,LGBMRegressor,val,45,0.7592967718375743,1.9873764531625195,0.08306578356247839,-2.029876558198144,3.367452581599905
full_s45,drop_grp__grupo3,JJA,CatBoostRegressor,val,45,0.7684825433382166,1.949086232963567,0.10170149773469991,-1.947341050878793,3.2806791183155886
full_s45,drop_grp__grupo3,JJA,BayesianRidge,test,45,0.6913677618181304,2.204633253501089,0.08361259836079549,-2.5619215423847823,4.8164547556459265
full_s45,drop_grp__grupo3,JJA,LinearRegression,test,45,0.6903500665725278,2.208265081251201,0.10401198311626891,-2.4987106963605634,4.80530644633389
full_s45,drop_grp__grupo3,JJA,SGDRegressor,test,45,0.6864081216613598,2.2222765977829497,0.13999555155162405,-2.1836200835014883,4.663594928488602
full_s45,drop_grp__grupo3,JJA,LGBMRegressor,test,45,0.6959961212700629,2.188040074725678,0.03253857599884086,-2.689210181679747,4.865527933333428
full_s45,drop_grp__grupo3,JJA,CatBoostRegressor,test,45,0.7053673197134407,2.1540519242073026,-0.012949325111268383,-2.690851548466081,4.839875191315008
full_s45,drop_grp__grupo4,JJA,BayesianRidge,val,45,0.7283162116160895,2.111402564586031,0.10791412030624967,-1.8062256615441121,3.4159462794063447
full_s45,drop_grp__grupo4,JJA,LinearRegression,val,45,0.727014774416644,2.116453611197383,0.11411479381804769,-1.784479747806583,3.3854105811149133
full_s45,drop_grp__grupo4,JJA,SGDRegressor,val,45,0.7274644032018066,2.1147099076045666,0.14469066643638,-1.348806774588852,3.2919866261566035
full_s45,drop_grp__grupo4,JJA,LGBMRegressor,val,45,0.7566198201965961,1.9983970793549681,0.07477765559957177,-2.040471548435989,3.4226955114217543
full_s45,drop_grp__grupo4,JJA,CatBoostRegressor,val,45,0.7662019129835702,1.9586627284664375,0.11562571342811435,-1.9722688543027758,3.2236698521870477
full_s45,drop_grp__grupo4,JJA,BayesianRidge,test,45,0.6696890088004551,2.2807475774178725,0.0467362997354323,-2.5601895530216976,4.9114452759595855
full_s45,drop_grp__grupo4,JJA,LinearRegression,test,45,0.6699003654299729,2.2800177678278524,0.051584849443230774,-2.509725098788566,4.903030690173819
full_s45,drop_grp__grupo4,JJA,SGDRegressor,test,45,0.6657224291077286,2.2944010272376847,0.0954912484264337,-2.2725237907648137,4.900699758326128
full_s45,drop_grp__grupo4,JJA,LGBMRegressor,test,45,0.6916682840571189,2.2035596412840732,0.021324187502821584,-2.7589945008578334,4.921863792991856
full_s45,drop_grp__grupo4,JJA,CatBoostRegressor,test,45,0.7012968224814273,2.168880533856202,-0.055803412177564495,-2.753946802400869,4.878739300422069
full_s45,full,JJA,BayesianRidge,val,45,0.744702880239873,2.046737468767811,0.13373760537457177,-1.8391056456007395,3.305754047503963
full_s45,full,JJA,LinearRegression,val,45,0.7420451461276472,2.0573635188126724,0.15100732701007796,-1.8186022835808828,3.2764244836649414
full_s45,full,JJA,SGDRegressor,val,45,0.7171778900450824,2.1542488088083873,0.18056914514879496,-1.3932073612054463,3.3805426275969452
full_s45,full,JJA,LGBMRegressor,val,45,0.750934515566376,2.02160338467326,0.11397680417508219,-1.845810159813533,3.257974645543572
full_s45,full,JJA,CatBoostRegressor,val,45,0.7697782097111312,1.9436246390682108,0.07869209485028975,-1.9879937516223931,3.292667675944006
full_s45,full,JJA,BayesianRidge,test,45,0.691993039041612,2.202398869503243,0.054629082015798046,-2.6096119504153554,4.848344342427076
full_s45,full,JJA,LinearRegression,test,45,0.6904262841253044,2.2079932922075267,0.07587412673303369,-2.5433338349422048,4.838058035025019
full_s45,full,JJA,SGDRegressor,test,45,0.6849058292965735,2.227593253891061,0.11020530884940498,-2.2320221476685167,4.710603199606185
full_s45,full,JJA,LGBMRegressor,test,45,0.689965053071196,2.2096375145354528,0.011478751811287902,-2.700586706803507,4.901060770225329
full_s45,full,JJA,CatBoostRegressor,test,45,0.7036593521280725,2.1602863555854017,-0.054852992902134884,-2.755429878033987,4.862487296849697
full_s45,add_grp__grupo2,MAM,BaggingRegressor,val,45,0.7057521898139036,1.8076933839482763,0.12875925925925924,-1.8571559633027521,3.046619272378104
full_s45,add_grp__grupo2,MAM,ExtraTreesRegressor,val,45,0.7474290800177849,1.6747879282552849,0.09969537037037007,-1.9623944954128438,3.0064880163839924
full_s45,add_grp__grupo2,MAM,MLPRegressor,val,45,0.6960676196265589,1.8372008366399295,0.08696352331726641,-1.7130096995502437,3.0346394090690803
full_s45,add_grp__grupo2,MAM,RandomForestRegressor,val,45,0.7357212021974816,1.7131654611339273,0.11350277777777748,-1.924669724770642,3.030249484082097
full_s45,add_grp__grupo2,MAM,CatBoostRegressor,val,45,0.7324695288664967,1.7236725919275087,0.10164955033787698,-1.8336687046839835,3.1006818701329144
full_s45,add_grp__grupo2,MAM,BaggingRegressor,test,45,0.6108661742553527,2.1917533447567705,-0.05955300513440057,-2.855748502994012,4.71249562016347
full_s45,add_grp__grupo2,MAM,ExtraTreesRegressor,test,45,0.6378334590249743,2.1144447844770586,-0.04204349139232897,-2.8669820359281446,4.672807504066467
full_s45,add_grp__grupo2,MAM,MLPRegressor,test,45,0.5798374835183894,2.2774604239213208,-0.031608320953117996,-2.5917271242884103,4.713670010617223
full_s45,add_grp__grupo2,MAM,RandomForestRegressor,test,45,0.6357447804700136,2.1205332075363907,-0.053858048927816586,-2.875017964071856,4.64220535165627
full_s45,add_grp__grupo2,MAM,CatBoostRegressor,test,45,0.6331580097420815,2.1280494060590396,-0.0036373364335608653,-2.6409070065553433,4.610515342298721
full_s45,add_grp__grupo3,MAM,BaggingRegressor,val,45,0.7005481399848121,1.8236087035610749,0.13231481481481475,-1.8900000000000003,3.041710196161231
full_s45,add_grp__grupo3,MAM,ExtraTreesRegressor,val,45,0.7454834865155625,1.6812261307681897,0.1406824074074071,-1.9393211009174314,2.9530996186715694
full_s45,add_grp__grupo3,MAM,MLPRegressor,val,45,0.6796006579344266,1.8863138634208396,0.23693850062511584,-1.4078890651737876,2.9600930495558195
full_s45,add_grp__grupo3,MAM,RandomForestRegressor,val,45,0.7363941281752728,1.7109829774355072,0.1581861111111109,-1.8974954128440362,3.025941332041011
full_s45,add_grp__grupo3,MAM,CatBoostRegressor,val,45,0.7373257340553787,1.707956920798102,0.15106960147718457,-1.7682569963593155,3.0218387268656715
full_s45,add_grp__grupo3,MAM,BaggingRegressor,test,45,0.6045542319138377,2.2094575004717374,-0.02368468740561766,-2.802694610778443,4.736154608861699
full_s45,add_grp__grupo3,MAM,ExtraTreesRegressor,test,45,0.6435976311223714,2.097550748721277,0.017617034128661717,-2.81811377245509,4.6604624992147325
full_s45,add_grp__grupo3,MAM,MLPRegressor,test,45,0.5656709861644362,2.315536371009775,0.12160718796729177,-2.1950071017899204,4.642496799186875
full_s45,add_grp__grupo3,MAM,RandomForestRegressor,test,45,0.6382682613886715,2.1131751452501923,-0.0035949864089400837,-2.8036556886227544,4.655233605219149
full_s45,add_grp__grupo3,MAM,CatBoostRegressor,test,45,0.6411316303950576,2.1047948715358458,0.03569965759367568,-2.5966694996065907,4.595154712788398
full_s45,add_grp__grupo4,MAM,BaggingRegressor,val,45,0.6959821483793412,1.8374591454263987,0.15188888888888882,-1.909449541284404,3.208749077475806
full_s45,add_grp__grupo4,MAM,ExtraTreesRegressor,val,45,0.7479948643572251,1.672911029601683,0.1323314814814811,-1.8948807339449547,2.9938227779359403
full_s45,add_grp__grupo4,MAM,MLPRegressor,val,45,0.7191646813133451,1.7660134681951793,0.1719201268973174,-1.750479799673098,3.031790146648165
full_s45,add_grp__grupo4,MAM,RandomForestRegressor,val,45,0.7364778523064247,1.7107112423286488,0.15676018518518478,-1.8292110091743115,2.981305224903464
full_s45,add_grp__grupo4,MAM,CatBoostRegressor,val,45,0.7433358780053473,1.6883043177109234,0.14430737500831145,-1.671944737698398,2.939221066353036
full_s45,add_grp__grupo4,MAM,BaggingRegressor,test,45,0.6098215406807794,2.1946932647012516,0.021220175173663546,-2.750808383233533,4.750820950172591
full_s45,add_grp__grupo4,MAM,ExtraTreesRegressor,test,45,0.6397010832265468,2.108985842222287,0.031511627906976404,-2.7645628742514963,4.65975691329687
full_s45,add_grp__grupo4,MAM,MLPRegressor,test,45,0.6245158223395814,2.152970140709791,0.003981580758735649,-2.8046893062705767,4.6173032077928235
full_s45,add_grp__grupo4,MAM,RandomForestRegressor,test,45,0.6400981117791522,2.1078235317680662,0.017964965267290498,-2.7055119760479043,4.622814640519216
full_s45,add_grp__grupo4,MAM,CatBoostRegressor,test,45,0.6380420497163655,2.113835786993379,0.060637205962077945,-2.5953069872391827,4.595251209060768
full_s45,base,MAM,BaggingRegressor,val,45,0.6917062628251309,1.85033558017438,0.17786111111111114,-1.8625688073394497,3.075827031321089
full_s45,base,MAM,ExtraTreesRegressor,val,45,0.7496660468832319,1.6673548132140763,0.1459731481481478,-1.8205137614678901,2.9069925440867834
full_s45,base,MAM,MLPRegressor,val,45,0.7157721293032326,1.7766483609328367,0.16479170675630922,-1.7216336801511432,2.9986349290900436
full_s45,base,MAM,RandomForestRegressor,val,45,0.7339362354007887,1.7189411749571197,0.16539629629629593,-1.8204220183486246,2.9825248739705783
full_s45,base,MAM,CatBoostRegressor,val,45,0.7402545268098283,1.6984084525188852,0.1406068876419817,-1.6574146881364817,2.9858513923127057
full_s45,base,MAM,BaggingRegressor,test,45,0.6069485243356196,2.202758580493647,-0.007571730594986458,-2.785988023952096,4.72175256715017
full_s45,base,MAM,ExtraTreesRegressor,test,45,0.6356313224940436,2.1208634329675027,0.0318106312292357,-2.8250898203592816,4.706269308951968
full_s45,base,MAM,MLPRegressor,test,45,0.613758622927215,2.1835924523772907,-0.027019932967807855,-2.568008678687547,4.6429119462951025
full_s45,base,MAM,RandomForestRegressor,test,45,0.6392250327117586,2.1103786473845774,0.008713681667169824,-2.7680688622754492,4.632128178717841
full_s45,base,MAM,CatBoostRegressor,test,45,0.6380678284825909,2.1137605116073575,0.05021288892285801,-2.6611571284844833,4.605149094753446
full_s45,ctrl__noise,MAM,BaggingRegressor,val,45,0.6870543524710397,1.8642433675175925,0.15488888888888885,-1.9322935779816515,3.163941914821916
full_s45,ctrl__noise,MAM,ExtraTreesRegressor,val,45,0.7468687878915692,1.6766445367989535,0.14675648148148132,-1.8620642201834854,2.9439552203539954
full_s45,ctrl__noise,MAM,MLPRegressor,val,45,0.7123626484548573,1.7872725671787901,0.23551689520545305,-1.4098124299070416,2.9233053924213794
full_s45,ctrl__noise,MAM,RandomForestRegressor,val,45,0.7339114009220875,1.7190213963505838,0.1603277777777776,-1.834440366972477,2.994774546966092
full_s45,ctrl__noise,MAM,CatBoostRegressor,val,45,0.7349265197687824,1.7157392593202963,0.13459653462779425,-1.761081688537717,3.055716485784005
full_s45,ctrl__noise,MAM,BaggingRegressor,test,45,0.6061223272672964,2.2050724724778306,-0.006704922983992791,-2.7965868263473057,4.7392700744232075
full_s45,ctrl__noise,MAM,ExtraTreesRegressor,test,45,0.638270030058173,2.113169979111034,0.03781787979462373,-2.784781437125748,4.670509485408783
full_s45,ctrl__noise,MAM,MLPRegressor,test,45,0.6126747025888075,2.1866542450841084,0.08711786583807109,-2.3898296011626483,4.5521540703749315
full_s45,ctrl__noise,MAM,RandomForestRegressor,test,45,0.6375001027701465,2.1154176811852876,0.006260042283297927,-2.788428143712575,4.653618990590101
full_s45,ctrl__noise,MAM,CatBoostRegressor,test,45,0.6377038906921662,2.114822981460437,0.051922699730689345,-2.635408094088193,4.619841060547401
full_s45,ctrl__perm_static,MAM,BaggingRegressor,val,45,0.6969271545632192,1.8346011525366732,0.16169444444444445,-1.9529357798165141,3.14364700845395
full_s45,ctrl__perm_static,MAM,ExtraTreesRegressor,val,45,0.743610065262436,1.6874022920958625,0.14503981481481443,-1.8313944954128443,2.974364223176121
full_s45,ctrl__perm_static,MAM,MLPRegressor,val,45,0.7072094120417114,1.803211650554581,0.23117075562477113,-1.7767587198029964,3.028910380522802
full_s45,ctrl__perm_static,MAM,RandomForestRegressor,val,45,0.7392414930134623,1.7017172124933966,0.16030648148148102,-1.8179449541284407,2.9115837709133277
full_s45,ctrl__perm_static,MAM,CatBoostRegressor,val,45,0.7427687796547657,1.6901684394040815,0.13473057057144272,-1.6972943376550298,2.938774024604211
full_s45,ctrl__perm_static,MAM,BaggingRegressor,test,45,0.6118255084023707,2.1890500057135163,0.01341286620356386,-2.822634730538922,4.699410716020075
full_s45,ctrl__perm_static,MAM,ExtraTreesRegressor,test,45,0.6413318483984931,2.1042076414290163,0.02545092117185116,-2.73322754491018,4.634890685944889
full_s45,ctrl__perm_static,MAM,MLPRegressor,test,45,0.6212549530041152,2.1622986000219293,0.07833258246626604,-2.551732878770657,4.536372314764335
full_s45,ctrl__perm_static,MAM,RandomForestRegressor,test,45,0.6421378154469799,2.101842118008997,0.029652974932044322,-2.724026946107784,4.608892004157619
full_s45,ctrl__perm_static,MAM,CatBoostRegressor,test,45,0.6367375783846503,2.117641420002295,0.05977597882045132,-2.629675703342701,4.612305815620882
full_s45,drop_grp__grupo1,MAM,BaggingRegressor,val,45,0.5748189287694365,2.17297690073114,0.091212962962963,-2.760091743119266,3.8327917580466675
full_s45,drop_grp__grupo1,MAM,ExtraTreesRegressor,val,45,0.6329107710697399,2.0190820583456563,0.056032407407407274,-2.665577981651376,3.7008018372417757
full_s45,drop_grp__grupo1,MAM,MLPRegressor,val,45,0.6129753525952573,2.0731821485322524,-0.1424827253376996,-2.6717565002791375,3.814272980263765
full_s45,drop_grp__grupo1,MAM,RandomForestRegressor,val,45,0.620243539093106,2.0536230700615166,0.08677685185185155,-2.6694862385321096,3.7244262288230314
full_s45,drop_grp__grupo1,MAM,CatBoostRegressor,val,45,0.6365465465744631,2.009058342250877,0.028429070961956505,-2.4917618146506273,3.5947351155619924
full_s45,drop_grp__grupo1,MAM,BaggingRegressor,test,45,0.5117206740081907,2.4551405215116446,-0.08318030806402908,-3.531017964071856,5.078452307968578
full_s45,drop_grp__grupo1,MAM,ExtraTreesRegressor,test,45,0.5605779675192937,2.3290729974571738,-0.08342736333434031,-3.4096347305389223,4.891104380391022
full_s45,drop_grp__grupo1,MAM,MLPRegressor,test,45,0.5171637947759316,2.4414177632159704,-0.2560706675502693,-3.444889214509975,5.112581994062122
full_s45,drop_grp__grupo1,MAM,RandomForestRegressor,test,45,0.557541795987698,2.3371054714964883,-0.06440108728480842,-3.4349461077844308,4.863995563147992
full_s45,drop_grp__grupo1,MAM,CatBoostRegressor,test,45,0.5704330138860816,2.302807495897102,-0.06144265149494354,-3.2954756205216413,4.840313543782703
full_s45,drop_grp__grupo2,MAM,BaggingRegressor,val,45,0.7273469272175968,1.7400965543666016,0.14041666666666663,-1.8054128440366974,2.8985885524389756
full_s45,drop_grp__grupo2,MAM,ExtraTreesRegressor,val,45,0.747184395761331,1.6755989777566882,0.14727499999999966,-1.8801651376146777,2.9876797938297734
full_s45,drop_grp__grupo2,MAM,MLPRegressor,val,45,0.6836905516211096,1.8742358088617694,-0.032530553031850734,-1.9206169819613115,3.3512519222662287
full_s45,drop_grp__grupo2,MAM,RandomForestRegressor,val,45,0.7432005264810397,1.6887494216902812,0.14891851851851834,-1.8707706422018346,2.968817943500641
full_s45,drop_grp__grupo2,MAM,CatBoostRegressor,val,45,0.7430165831205375,1.6893541321149907,0.14444027441197624,-1.7192343001362491,2.971095329562613
full_s45,drop_grp__grupo2,MAM,BaggingRegressor,test,45,0.6089469652708392,2.1971515633768672,-0.027414678344910993,-2.7467065868263476,4.771663050077306
full_s45,drop_grp__grupo2,MAM,ExtraTreesRegressor,test,45,0.6445164867826298,2.0948451126294714,0.02650860767139809,-2.7279580838323354,4.624272509866713
full_s45,drop_grp__grupo2,MAM,MLPRegressor,test,45,0.5758040034339116,2.2883659068132136,-0.1516921026870154,-2.765258318221498,4.839761554180507
full_s45,drop_grp__grupo2,MAM,RandomForestRegressor,test,45,0.6413060860385864,2.104283210420763,-0.004254303835699352,-2.755311377245509,4.651001563632309
full_s45,drop_grp__grupo2,MAM,CatBoostRegressor,test,45,0.642640247893546,2.1003661243904657,0.041632071083417564,-2.510512386214362,4.558585452197506
full_s45,drop_grp__grupo3,MAM,BaggingRegressor,val,45,0.7021994641492202,1.8185736168766993,0.1383333333333333,-1.8566055045871557,3.121463576975602
full_s45,drop_grp__grupo3,MAM,ExtraTreesRegressor,val,45,0.7473206047003432,1.6751475374492308,0.09573518518518485,-1.9431376146788992,3.003494005076772
full_s45,drop_grp__grupo3,MAM,MLPRegressor,val,45,0.704935388540647,1.8102006294664081,0.0660226148587686,-1.5850869633735867,3.032528282626714
full_s45,drop_grp__grupo3,MAM,RandomForestRegressor,val,45,0.7363708227251315,1.711058609944927,0.11948333333333291,-1.914752293577981,3.062414850342183
full_s45,drop_grp__grupo3,MAM,CatBoostRegressor,val,45,0.7313073612499028,1.7274124008397735,0.07295317675677974,-1.8533723310030337,3.0908060616859214
full_s45,drop_grp__grupo3,MAM,BaggingRegressor,test,45,0.6103986751641453,2.1930695180967414,-0.06096043491392334,-2.8646706586826345,4.730730026837967
full_s45,drop_grp__grupo3,MAM,ExtraTreesRegressor,test,45,0.6420698084507723,2.102041822231458,-0.04337903956508631,-2.823116766467066,4.642180523092789
full_s45,drop_grp__grupo3,MAM,MLPRegressor,test,45,0.5766483549288346,2.2860873048937727,-0.08326630613228521,-2.3964999567248864,4.695628993782264
full_s45,drop_grp__grupo3,MAM,RandomForestRegressor,test,45,0.6386334187820681,2.112108282322407,-0.038113258834189305,-2.816095808383234,4.637173724984716
full_s45,drop_grp__grupo3,MAM,CatBoostRegressor,test,45,0.6311020942626888,2.1340042545372198,0.006135411935979461,-2.6429418022322615,4.611334322756341
full_s45,drop_grp__grupo4,MAM,BaggingRegressor,val,45,0.7130695490437976,1.7850750062049994,0.10616666666666662,-1.916788990825688,2.9795561827009673
full_s45,drop_grp__grupo4,MAM,ExtraTreesRegressor,val,45,0.7454431350524976,1.6813593976524095,0.12680185185185142,-1.9348899082568807,2.985881621070379
full_s45,drop_grp__grupo4,MAM,MLPRegressor,val,45,0.6700316256111507,1.9142749109618666,0.23216870824495953,-1.4303614292669733,2.8479639107306234
full_s45,drop_grp__grupo4,MAM,RandomForestRegressor,val,45,0.7343125365914038,1.717725172311506,0.13336944444444407,-1.9278715596330276,3.037006801429099
full_s45,drop_grp__grupo4,MAM,CatBoostRegressor,val,45,0.734978910101097,1.7155696976730932,0.13092771876561796,-1.8246293006791743,3.0543247164518026
full_s45,drop_grp__grupo4,MAM,BaggingRegressor,test,45,0.6017792224457303,2.2171962944299333,-0.0704802174569617,-2.903502994011976,4.794493379541478
full_s45,drop_grp__grupo4,MAM,ExtraTreesRegressor,test,45,0.6384877733307274,2.112533872278075,-0.03773180308064062,-2.8931317365269464,4.670402846490118
full_s45,drop_grp__grupo4,MAM,MLPRegressor,test,45,0.5357716434337143,2.3939111007721254,0.10083102003680512,-2.16830558434218,4.663693555128285
full_s45,drop_grp__grupo4,MAM,RandomForestRegressor,test,45,0.635256452856203,2.1219541454397257,-0.04848323769254028,-2.88108383233533,4.653177146518949
full_s45,drop_grp__grupo4,MAM,CatBoostRegressor,test,45,0.6372404733086827,2.1161750971892337,-0.013362929652025627,-2.6541781598545904,4.59990434290654
full_s45,full,MAM,BaggingRegressor,val,45,0.7183771015750114,1.7684880548084003,0.12209259259259256,-1.966697247706422,2.976795734348714
full_s45,full,MAM,ExtraTreesRegressor,val,45,0.7455174286317449,1.6811140235525919,0.11175648148148128,-2.0047614678899066,3.035033583539234
full_s45,full,MAM,MLPRegressor,val,45,0.6340688025144596,2.0158948122322182,0.03387316479175181,-2.138765744987978,3.6328139105246473
full_s45,full,MAM,RandomForestRegressor,val,45,0.7398676701040432,1.6996727598984283,0.12316666666666641,-1.9080733944954125,2.9856339329615373
full_s45,full,MAM,CatBoostRegressor,val,45,0.738050841262855,1.7055979007183082,0.10232058847960433,-1.8637894672475792,3.021653127492285
full_s45,full,MAM,BaggingRegressor,test,45,0.6057535225374134,2.206104583377624,-0.08603443068559352,-2.8921556886227537,4.812385094669918
full_s45,full,MAM,ExtraTreesRegressor,test,45,0.6434809369548684,2.0978941133101623,-0.04102627604953213,-2.83022754491018,4.65534039867601
full_s45,full,MAM,MLPRegressor,test,45,0.5510377783776648,2.354220218995203,-0.048531531781741265,-2.7343940252315497,4.810456418644104
full_s45,full,MAM,RandomForestRegressor,test,45,0.6393110680166068,2.110126997585165,-0.04567230443974658,-2.8027245508982035,4.63973782103086
full_s45,full,MAM,CatBoostRegressor,test,45,0.6421941459143876,2.1016766878328026,0.0031923635519344826,-2.611446250712878,4.553334617596407
full_s45,add_grp__grupo2,SON,ExtraTreesRegressor,val,45,0.5736559968402701,2.3273412377053075,0.20378577857785757,-2.9020438596491234,4.778477591921011
full_s45,add_grp__grupo2,SON,HistGradientBoostingRegressor,val,45,0.5475173816255219,2.397623219711228,0.18023633728825889,-2.7859419693029595,4.919554670502105
full_s45,add_grp__grupo2,SON,RandomForestRegressor,val,45,0.5530282309755613,2.382977996607025,0.2094572457245719,-2.8701666666666683,4.768996491410715
full_s45,add_grp__grupo2,SON,LGBMRegressor,val,45,0.5369646084680781,2.425420695277976,0.19680387683332715,-2.7527980647551145,4.836732512783939
full_s45,add_grp__grupo2,SON,CatBoostRegressor,val,45,0.5790178266139276,2.3126602636313778,0.16617490970179585,-2.6951047639105226,4.688803618888412
full_s45,add_grp__grupo2,SON,ExtraTreesRegressor,test,45,0.6318123931647089,2.243684062089405,-0.023173900628212694,-3.1131126760563386,4.774023156183331
full_s45,add_grp__grupo2,SON,HistGradientBoostingRegressor,test,45,0.6272116766986265,2.257658605720391,-0.019891513397772093,-2.8714117889486306,4.631070290800777
full_s45,add_grp__grupo2,SON,RandomForestRegressor,test,45,0.6161153668401448,2.291012632018543,-0.006462021701885026,-3.0790507042253537,4.760458701711866
full_s45,add_grp__grupo2,SON,LGBMRegressor,test,45,0.6248473576812628,2.264806614539797,-0.01543114375666529,-2.8962691367745945,4.59722319118114
full_s45,add_grp__grupo2,SON,CatBoostRegressor,test,45,0.6431865077931911,2.20875605930205,-0.007550881413342671,-2.9489476126751577,4.60956137481102
full_s45,add_grp__grupo3,SON,ExtraTreesRegressor,val,45,0.5572173162738849,2.3717848985227317,0.23909900990098984,-2.866578947368421,4.833206120527944
full_s45,add_grp__grupo3,SON,HistGradientBoostingRegressor,val,45,0.5549782560814502,2.3777741486173833,0.2518851676635142,-2.738916682646491,4.8874334899669485
full_s45,add_grp__grupo3,SON,RandomForestRegressor,val,45,0.52631752577102,2.4531473980614495,0.24116831683168263,-2.842807017543861,4.891012491599511
full_s45,add_grp__grupo3,SON,LGBMRegressor,val,45,0.5540372900431918,2.3802866362570145,0.2144090187236044,-2.7438050035806776,4.8937937187555525
full_s45,add_grp__grupo3,SON,CatBoostRegressor,val,45,0.5648781690985456,2.35117752707213,0.198417326214849,-2.7931974380187605,4.868475781894068
full_s45,add_grp__grupo3,SON,ExtraTreesRegressor,test,45,0.6357163720736685,2.2317572098181064,-0.034914049114791776,-3.189994366197184,4.761385443423487
full_s45,add_grp__grupo3,SON,HistGradientBoostingRegressor,test,45,0.6264013036736162,2.2601111402085037,-0.0035308145842546652,-2.8796803139668072,4.642091245803323
full_s45,add_grp__grupo3,SON,RandomForestRegressor,test,45,0.6173324322101903,2.2873780431112314,-0.030225870930896938,-3.193138028169015,4.823699327863814
full_s45,add_grp__grupo3,SON,LGBMRegressor,test,45,0.6211771930677499,2.2758580921876375,0.019641228188111585,-2.952562661944423,4.702150919136388
full_s45,add_grp__grupo3,SON,CatBoostRegressor,test,45,0.6412449727966618,2.2147571768256147,0.009942004279730327,-2.917979014380858,4.594242591417708
full_s45,add_grp__grupo4,SON,ExtraTreesRegressor,val,45,0.5557565599623638,2.3756939798064414,0.22288118811881152,-2.8256052631578954,4.893353954196715
full_s45,add_grp__grupo4,SON,HistGradientBoostingRegressor,val,45,0.5563406560009296,2.3741316721432533,0.17821124663257987,-2.917776764760719,4.872065414624484
full_s45,add_grp__grupo4,SON,RandomForestRegressor,val,45,0.5360216703186858,2.427889036347683,0.22500180018001767,-2.864342105263158,4.947090792275551
full_s45,add_grp__grupo4,SON,LGBMRegressor,val,45,0.5520432679848597,2.38560215953675,0.17131264454836556,-2.868389553914616,4.86787268252896
full_s45,add_grp__grupo4,SON,CatBoostRegressor,val,45,0.5732084885123387,2.328562354244821,0.17259508468283427,-2.8254818708869043,4.829828256631389
full_s45,add_grp__grupo4,SON,ExtraTreesRegressor,test,45,0.6278168561506797,2.2558253353809183,-0.006015134209023727,-3.0782253521126774,4.759771390533463
full_s45,add_grp__grupo4,SON,HistGradientBoostingRegressor,test,45,0.6206638273452783,2.2773996466502,0.0014006386122251714,-2.9829427821902814,4.7384554499659215
full_s45,add_grp__grupo4,SON,RandomForestRegressor,test,45,0.6178650569881232,2.285785618569803,-0.0073155339805828406,-3.081574647887325,4.8105479594763985
full_s45,add_grp__grupo4,SON,LGBMRegressor,test,45,0.6150679658065314,2.2941359329161974,-0.02277331213544017,-3.0848610253779474,4.833897596508461
full_s45,add_grp__grupo4,SON,CatBoostRegressor,test,45,0.6361826547414157,2.2303284289996927,0.018137218495031023,-2.9799026129889707,4.682991412740299
full_s45,base,SON,ExtraTreesRegressor,val,45,0.5567370335273215,2.373070877710791,0.2178478847884783,-2.9729473684210537,4.927645717357273
full_s45,base,SON,HistGradientBoostingRegressor,val,45,0.5652625028958845,2.350138925292141,0.1744015691434725,-2.8723625788340192,4.7831795423808
full_s45,base,SON,RandomForestRegressor,val,45,0.5332696944833827,2.4350786111508285,0.2146201620162013,-2.944298245614036,4.936812831151751
full_s45,base,SON,LGBMRegressor,val,45,0.5639053667289988,2.3538043248365734,0.1755997754353844,-2.862423253964069,4.851060611841478
full_s45,base,SON,CatBoostRegressor,val,45,0.5807201579580848,2.30797965919038,0.14892356502844148,-2.8637068330066198,4.834247260668434
full_s45,base,SON,ExtraTreesRegressor,test,45,0.628741221375821,2.253022276108676,-0.002914620217019088,-3.1324394366197197,4.777498010406349
full_s45,base,SON,HistGradientBoostingRegressor,test,45,0.6216580357717915,2.2744132514601367,0.0006022094883840586,-2.9599308008654,4.714788479295389
full_s45,base,SON,RandomForestRegressor,test,45,0.6107616074120679,2.3069328596683745,-0.02415276984580264,-3.174726760563381,4.827073685598469
full_s45,base,SON,LGBMRegressor,test,45,0.6203947261758367,2.278207297359203,0.01002838848206027,-2.9528940614783594,4.700087401640376
full_s45,base,SON,CatBoostRegressor,test,45,0.6389774794014487,2.2217452837878624,0.015036008570746438,-2.9373499821715203,4.668379743853812
full_s45,ctrl__noise,SON,ExtraTreesRegressor,val,45,0.5623423505238864,2.3580187124840304,0.20455265526552643,-2.928263157894738,4.877491823799202
full_s45,ctrl__noise,SON,HistGradientBoostingRegressor,val,45,0.5658289149575134,2.3486074483577526,0.14710568224277668,-2.92579630754965,4.865338407517368
full_s45,ctrl__noise,SON,RandomForestRegressor,val,45,0.5402016571383415,2.4169278511415606,0.20709990999099875,-2.9463859649122814,4.918894500318457
full_s45,ctrl__noise,SON,LGBMRegressor,val,45,0.5676048074861495,2.34379926519321,0.15220184831781877,-2.9073809087144253,4.8697719865556985
full_s45,ctrl__noise,SON,CatBoostRegressor,val,45,0.5759940449398828,2.3209509561716493,0.16137816775327002,-2.888624432273514,4.8863088729389625
full_s45,ctrl__noise,SON,ExtraTreesRegressor,test,45,0.6288956789667356,2.2525535564237744,-0.010798115362650173,-3.1704929577464798,4.816223128692452
full_s45,ctrl__noise,SON,HistGradientBoostingRegressor,test,45,0.6227617899981619,2.271093203629023,0.004312227874742133,-2.9817914405415027,4.701240294281637
full_s45,ctrl__noise,SON,RandomForestRegressor,test,45,0.6133094657916227,2.2993701570996277,-0.023903483723586815,-3.173371830985917,4.816126403574898
full_s45,ctrl__noise,SON,LGBMRegressor,test,45,0.6183963859919286,2.2841959619837313,-0.010649397507109857,-3.0090226213843807,4.728168634652471
full_s45,ctrl__noise,SON,CatBoostRegressor,test,45,0.6326777183725074,2.241045925395327,0.02641104771619585,-2.994110429524701,4.642172093149273
full_s45,ctrl__perm_static,SON,ExtraTreesRegressor,val,45,0.5644464095825048,2.352343742484988,0.20504680468046785,-2.822315789473684,4.837228679548406
full_s45,ctrl__perm_static,SON,HistGradientBoostingRegressor,val,45,0.5564679819798379,2.373790971181017,0.18418025310110658,-2.881927438504656,4.873732935420868
full_s45,ctrl__perm_static,SON,RandomForestRegressor,val,45,0.536860453443895,2.42569346659453,0.23089468946894648,-2.8546315789473695,4.91430404131921
full_s45,ctrl__perm_static,SON,LGBMRegressor,val,45,0.5616467681548281,2.359891803310197,0.15149413886297675,-2.8258482959847764,4.869782484343393
full_s45,ctrl__perm_static,SON,CatBoostRegressor,val,45,0.5785043313559167,2.3140702736596057,0.17479650392466697,-2.7929322984586746,4.7808070441677355
full_s45,ctrl__perm_static,SON,ExtraTreesRegressor,test,45,0.6313541239605192,2.245079942267768,-0.007537692747002052,-3.0632140845070435,4.7575738334030815
full_s45,ctrl__perm_static,SON,HistGradientBoostingRegressor,test,45,0.6118738803827654,2.3036343993669393,0.014498788524394726,-3.0838616719085175,4.783545277039445
full_s45,ctrl__perm_static,SON,RandomForestRegressor,test,45,0.6199043365577306,2.2796783630980957,-0.0108058252427188,-3.1020056338028184,4.800395822881487
full_s45,ctrl__perm_static,SON,LGBMRegressor,test,45,0.6140597843476392,2.2971382718291635,-0.024373274083395638,-3.089634175145488,4.816295161117049
full_s45,ctrl__perm_static,SON,CatBoostRegressor,test,45,0.6312393159029822,2.2454295097238557,0.030076170419948315,-2.954345365607756,4.680222508677483
full_s45,drop_grp__grupo1,SON,ExtraTreesRegressor,val,45,0.49400277301962847,2.5354441810695683,0.10137893789378903,-3.543526315789475,5.082679083580496
full_s45,drop_grp__grupo1,SON,HistGradientBoostingRegressor,val,45,0.47873148158758183,2.573420367229105,0.07068884552717385,-3.337695484860607,5.055718873612704
full_s45,drop_grp__grupo1,SON,RandomForestRegressor,val,45,0.4711090605259636,2.592167426787253,0.09881818181818139,-3.5449122807017552,5.131569234358778
full_s45,drop_grp__grupo1,SON,LGBMRegressor,val,45,0.47064015916204704,2.593316247337137,0.11187824319652123,-3.189680029426821,4.986543945221238
full_s45,drop_grp__grupo1,SON,CatBoostRegressor,val,45,0.4981361008474462,2.5250673342614927,0.10135131534568147,-3.263456643342231,4.947922528892941
full_s45,drop_grp__grupo1,SON,ExtraTreesRegressor,test,45,0.5861180703771527,2.378840657322334,-0.10539548829240462,-3.649585915492958,4.969034397370733
full_s45,drop_grp__grupo1,SON,HistGradientBoostingRegressor,test,45,0.5691639819057235,2.427074579480244,-0.08837844928177759,-3.3718086523804067,4.865052131626533
full_s45,drop_grp__grupo1,SON,RandomForestRegressor,test,45,0.5675980764743379,2.431481270199907,-0.08827127355796713,-3.6700507042253525,4.993643832589641
full_s45,drop_grp__grupo1,SON,LGBMRegressor,test,45,0.5743215606948269,2.4125034702886237,-0.08099106498572703,-3.291431013204504,4.783935296201742
full_s45,drop_grp__grupo1,SON,CatBoostRegressor,test,45,0.5905696922608747,2.366012930798454,-0.06049987059278048,-3.259767161584227,4.7243602939227545
full_s45,drop_grp__grupo2,SON,ExtraTreesRegressor,val,45,0.5619884927264654,2.3589717801588805,0.21491629162916254,-2.718333333333334,4.880986738750645
full_s45,drop_grp__grupo2,SON,HistGradientBoostingRegressor,val,45,0.5422519226572816,2.411533225107661,0.2389852871631829,-2.8165104957084264,4.9103028629456436
full_s45,drop_grp__grupo2,SON,RandomForestRegressor,val,45,0.521266336469415,2.4661924792551115,0.22939333933393288,-2.715464912280703,5.035876469472765
full_s45,drop_grp__grupo2,SON,LGBMRegressor,val,45,0.5457079446040505,2.4024123757209987,0.24179189661019798,-2.6860628197999374,4.928424480912372
full_s45,drop_grp__grupo2,SON,CatBoostRegressor,val,45,0.5628556624235522,2.356635491852375,0.24563521103395197,-2.7420595121515636,4.874571195548832
full_s45,drop_grp__grupo2,SON,ExtraTreesRegressor,test,45,0.6425542168157523,2.210712205026961,-0.03708680753854975,-3.0813042253521137,4.730757293097712
full_s45,drop_grp__grupo2,SON,HistGradientBoostingRegressor,test,45,0.6208511255819456,2.2768373411878295,0.026380865934852126,-2.946912587568988,4.656935456580368
full_s45,drop_grp__grupo2,SON,RandomForestRegressor,test,45,0.6244393243475719,2.266037933938183,-0.027373215305539916,-3.0839830985915495,4.805016300774039
full_s45,drop_grp__grupo2,SON,LGBMRegressor,test,45,0.625370946764717,2.2632256019989443,0.013628562135399645,-2.8674098491689115,4.6742606341946304
full_s45,drop_grp__grupo2,SON,CatBoostRegressor,test,45,0.6474535142200681,2.195509470891568,0.01950801327514067,-2.8768510236897566,4.5610228620133375
full_s45,drop_grp__grupo3,SON,ExtraTreesRegressor,val,45,0.5807275821021369,2.3079592255234207,0.20692079207920766,-2.6916140350877193,4.6934779421003405
full_s45,drop_grp__grupo3,SON,HistGradientBoostingRegressor,val,45,0.5423386050374152,2.4113048818909375,0.1928827234922678,-2.7361429165087445,4.907241445467465
full_s45,drop_grp__grupo3,SON,RandomForestRegressor,val,45,0.5566125523566355,2.3734040680817583,0.20800810081008062,-2.795736842105264,4.786696623079795
full_s45,drop_grp__grupo3,SON,LGBMRegressor,val,45,0.5630907525737073,2.356001723723234,0.1691279062032904,-2.6816326211444537,4.778385840269025
full_s45,drop_grp__grupo3,SON,CatBoostRegressor,val,45,0.5703270571008556,2.3364096354672026,0.14322925368358486,-2.78951138994036,4.777602021837552
full_s45,drop_grp__grupo3,SON,ExtraTreesRegressor,test,45,0.6338575807631808,2.237443839941732,-0.027618218161051138,-2.973864788732395,4.7105878631972695
full_s45,drop_grp__grupo3,SON,HistGradientBoostingRegressor,test,45,0.615123563361706,2.293970250479152,0.004671388912424247,-2.9848643866486704,4.7094333036915925
full_s45,drop_grp__grupo3,SON,RandomForestRegressor,test,45,0.6229810126311821,2.2704332129763145,-0.006643346659052413,-3.039915492957748,4.789920669165765
full_s45,drop_grp__grupo3,SON,LGBMRegressor,test,45,0.6198609329305933,2.2798085191280637,0.00045366894841183416,-2.9382975346736484,4.668791378929998
full_s45,drop_grp__grupo3,SON,CatBoostRegressor,test,45,0.6468821689294201,2.197287798337022,0.006891791372334754,-2.9012895593643875,4.5945426613936915
full_s45,drop_grp__grupo4,SON,ExtraTreesRegressor,val,45,0.5725800397991583,2.330276122754732,0.19938253825382513,-2.867850877192983,4.832976075423303
full_s45,drop_grp__grupo4,SON,HistGradientBoostingRegressor,val,45,0.5494198764463301,2.392577423000718,0.20480576596657538,-2.685023109779835,4.875493950660967
full_s45,drop_grp__grupo4,SON,RandomForestRegressor,val,45,0.5455077909515156,2.402941549249359,0.2302601260126009,-2.7825614035087725,4.742909514914517
full_s45,drop_grp__grupo4,SON,LGBMRegressor,val,45,0.5583768052042073,2.368677436158993,0.19178082194814347,-2.667799333266541,4.821794958267939
full_s45,drop_grp__grupo4,SON,CatBoostRegressor,val,45,0.5698520092354236,2.3377008498883542,0.17090891329758398,-2.820463821319763,4.827784563625334
full_s45,drop_grp__grupo4,SON,ExtraTreesRegressor,test,45,0.63742660095709,2.2265122500321257,-0.036740148486579444,-3.101808450704226,4.770853070439114
full_s45,drop_grp__grupo4,SON,HistGradientBoostingRegressor,test,45,0.6256491515211455,2.2623850944886272,-0.011979122182075908,-2.9433445656357,4.633637736773368
full_s45,drop_grp__grupo4,SON,RandomForestRegressor,test,45,0.6226796598232048,2.2713404149745466,-0.02811050828098256,-3.104909859154931,4.750007054998468
full_s45,drop_grp__grupo4,SON,LGBMRegressor,test,45,0.625103107591505,2.2640344983740186,-0.007150799193886189,-2.8901590295525597,4.634791894128103
full_s45,drop_grp__grupo4,SON,CatBoostRegressor,test,45,0.6490573252586471,2.1905098520342334,0.008422373255453483,-2.862197422232842,4.539635786739519
full_s45,full,SON,ExtraTreesRegressor,val,45,0.5750437062322813,2.3235505128140765,0.20770387038703833,-2.642649122807018,4.713805647691737
full_s45,full,SON,HistGradientBoostingRegressor,val,45,0.5621448925213142,2.3585505861530014,0.21490305871628035,-2.648984606396018,4.76942467462946
full_s45,full,SON,RandomForestRegressor,val,45,0.5352541900542949,2.4298962281480163,0.2294599459945991,-2.6547631578947373,4.944192441997862
full_s45,full,SON,LGBMRegressor,val,45,0.5606250580196368,2.362640410911844,0.18307363551728092,-2.6344191175883513,4.877999159686647
full_s45,full,SON,CatBoostRegressor,val,45,0.5708644034886473,2.3349482285267844,0.17142313066518539,-2.7027530156208432,4.752289751637678
full_s45,full,SON,ExtraTreesRegressor,test,45,0.6491329583395552,2.1902737964786123,-0.05110765276984606,-2.988000000000001,4.666718439887187
full_s45,full,SON,HistGradientBoostingRegressor,test,45,0.625344194831849,2.2633064080362866,0.011062001046349008,-2.8684425916630736,4.60935497155517
full_s45,full,SON,RandomForestRegressor,test,45,0.6259116840557728,2.261591649159939,-0.029779554540263,-3.0149661971831003,4.785379208780741
full_s45,full,SON,LGBMRegressor,test,45,0.621193924410024,2.2758078330949076,0.012644125548644096,-2.887148436695312,4.646871350976511
full_s45,full,SON,CatBoostRegressor,test,45,0.6484744352306469,2.192328235351465,0.003507636107261884,-2.873204586061934,4.531820404361173
full_s46,add_grp__grupo2,DJF,HistGradientBoostingRegressor,val,46,0.49761260542593044,2.250361153666989,0.21786765015341078,-2.317878701983548,4.415196481957779
full_s46,add_grp__grupo2,DJF,MLPRegressor,val,46,0.4326781422019499,2.3913746080552563,0.04602021407272857,-2.2735626069704695,4.562090724203393
full_s46,add_grp__grupo2,DJF,RandomForestRegressor,val,46,0.5161011600937007,2.208564798380176,0.2626720338983043,-2.4242333333333352,4.27902655207155
full_s46,add_grp__grupo2,DJF,LGBMRegressor,val,46,0.5033168264210246,2.237549125423184,0.19082317714823338,-2.439033866258364,4.289030696765352
full_s46,add_grp__grupo2,DJF,CatBoostRegressor,val,46,0.5052752225273502,2.2331334981456425,0.22739676471072803,-2.45582985328107,4.387296009004389
full_s46,add_grp__grupo2,DJF,HistGradientBoostingRegressor,test,46,0.4107611585833365,2.49540008050494,-0.009234607565702357,-4.045174261226454,5.606256747942077
full_s46,add_grp__grupo2,DJF,MLPRegressor,test,46,0.29718349043330583,2.7253072947810493,-0.269899980936353,-4.188697920318248,6.05842463205916
full_s46,add_grp__grupo2,DJF,RandomForestRegressor,test,46,0.3971854229378,2.52398270202209,0.05496353394604142,-4.191991253644316,5.73527026593548
full_s46,add_grp__grupo2,DJF,LGBMRegressor,test,46,0.39589712612566585,2.526678309882101,-0.05073166867120586,-4.216476195961383,5.789929159446423
full_s46,add_grp__grupo2,DJF,CatBoostRegressor,test,46,0.4106891357163468,2.4955525826516074,0.029051074633921797,-4.061560975916942,5.632716756860453
full_s46,add_grp__grupo3,DJF,HistGradientBoostingRegressor,val,46,0.4896165145189132,2.2681990387461743,0.21914147507813858,-2.4064314357491394,4.430588660505265
full_s46,add_grp__grupo3,DJF,MLPRegressor,val,46,0.43145239572584415,2.3939565969038785,0.14114816031213534,-2.0841154781977336,4.52222260220198
full_s46,add_grp__grupo3,DJF,RandomForestRegressor,val,46,0.4920099403491105,2.2628744683084023,0.25937627118643997,-2.4830166666666686,4.412184708282282
full_s46,add_grp__grupo3,DJF,LGBMRegressor,val,46,0.49592526775606605,2.2541370607076647,0.2129977909680226,-2.40041328563486,4.455277680123506
full_s46,add_grp__grupo3,DJF,CatBoostRegressor,val,46,0.5192118817767829,2.2014545237602183,0.20244134309992334,-2.4770593271030874,4.382979887329164
full_s46,add_grp__grupo3,DJF,HistGradientBoostingRegressor,test,46,0.39339898456816547,2.5318971958768497,0.03846379351980642,-4.095176605701052,5.627036497474177
full_s46,add_grp__grupo3,DJF,MLPRegressor,test,46,0.3193711575757352,2.681943816963847,0.014541422165079842,-3.9701423405905856,5.657625901655074
full_s46,add_grp__grupo3,DJF,RandomForestRegressor,test,46,0.38516607918634327,2.549020987140881,0.05681411206640907,-4.269673469387756,5.821324740278491
full_s46,add_grp__grupo3,DJF,LGBMRegressor,test,46,0.3937277283229572,2.5312110297054713,0.022936954079850386,-4.0631901204000735,5.648312045661451
full_s46,add_grp__grupo3,DJF,CatBoostRegressor,test,46,0.4116750232175592,2.493464241748243,0.05572894644549274,-4.064788578005656,5.575426664530878
full_s46,add_grp__grupo4,DJF,HistGradientBoostingRegressor,val,46,0.46000571178302907,2.333068222326014,0.20691870049008174,-2.5087458727269483,4.546974637098296
full_s46,add_grp__grupo4,DJF,MLPRegressor,val,46,0.4991407021331611,2.246936119130765,0.16327683020446263,-2.3228904136021935,4.254772896416008
full_s46,add_grp__grupo4,DJF,RandomForestRegressor,val,46,0.4825806346559458,2.2837796290508847,0.2274279661016942,-2.462450000000002,4.468288001759362
full_s46,add_grp__grupo4,DJF,LGBMRegressor,val,46,0.468842180720335,2.3139003135478804,0.19641398764108944,-2.454543909705189,4.4995538242544635
full_s46,add_grp__grupo4,DJF,CatBoostRegressor,val,46,0.48719306884582625,2.2735776879272627,0.19697622486936733,-2.5620131634166228,4.464363787819991
full_s46,add_grp__grupo4,DJF,HistGradientBoostingRegressor,test,46,0.37685479685564416,2.5661918976617595,0.043575651098168106,-4.173461790847927,5.705136826400491
full_s46,add_grp__grupo4,DJF,MLPRegressor,test,46,0.3606337680412177,2.599377461513262,-0.05861689126212344,-4.168104196498415,5.803843589953625
full_s46,add_grp__grupo4,DJF,RandomForestRegressor,test,46,0.3703937406387905,2.5794613197275034,0.05565757485917531,-4.318979591836737,5.861293552191042
full_s46,add_grp__grupo4,DJF,LGBMRegressor,test,46,0.3813528708668503,2.5569133003722357,0.055268542545470464,-4.077346790397806,5.6536596650799105
full_s46,add_grp__grupo4,DJF,CatBoostRegressor,test,46,0.3897300244147571,2.53954260487021,0.06302965763808581,-4.119142451665031,5.66474062502239
full_s46,base,DJF,HistGradientBoostingRegressor,val,46,0.4634626282400115,2.3255883549407046,0.21279242203861268,-2.5103285877398998,4.529378935806313
full_s46,base,DJF,MLPRegressor,val,46,0.48469748737210006,2.2791031710418723,0.059827886840044454,-2.4607494958241785,4.506147867031441
full_s46,base,DJF,RandomForestRegressor,val,46,0.4778835662193375,2.2941221433207466,0.2455525423728805,-2.5018000000000016,4.513786014349078
full_s46,base,DJF,LGBMRegressor,val,46,0.4713796874401235,2.3083665844715853,0.21441509039819287,-2.4457992482995374,4.525899875791992
full_s46,base,DJF,CatBoostRegressor,val,46,0.4882782209670051,2.2711708520560405,0.20624695055366088,-2.5233858464900765,4.497759727532183
full_s46,base,DJF,HistGradientBoostingRegressor,test,46,0.38555438729515723,2.548215922702711,0.05100108920013241,-4.150834371743463,5.656584579923411
full_s46,base,DJF,MLPRegressor,test,46,0.3558655318509669,2.609052216100943,-0.15006378503500303,-4.247793678361543,5.9448022739498425
full_s46,base,DJF,RandomForestRegressor,test,46,0.36621488485216025,2.5880074306907246,0.07576104358138099,-4.316078717201167,5.851922879761024
full_s46,base,DJF,LGBMRegressor,test,46,0.38852178368154244,2.5420553137643163,0.05046660941436769,-4.153401395614971,5.667127304488221
full_s46,base,DJF,CatBoostRegressor,test,46,0.3985946742958363,2.5210307102718894,0.037160328628857604,-4.136345650735218,5.661690493956581
full_s46,ctrl__noise,DJF,HistGradientBoostingRegressor,val,46,0.46026977219666143,2.3324977104638753,0.20860970397115822,-2.5218844965988367,4.611776753863836
full_s46,ctrl__noise,DJF,MLPRegressor,val,46,0.4810690602164085,2.287113081179535,0.2908101521830933,-1.9991160785348703,4.311202447871394
full_s46,ctrl__noise,DJF,RandomForestRegressor,val,46,0.48644818160777603,2.2752283524807355,0.2427237288135587,-2.499400000000002,4.491677192319146
full_s46,ctrl__noise,DJF,LGBMRegressor,val,46,0.472685261162194,2.3055142481153,0.21083084670707053,-2.5519168423187937,4.500943141558897
full_s46,ctrl__noise,DJF,CatBoostRegressor,val,46,0.49212043971053143,2.2626283416587447,0.2023600361467438,-2.5233462204665558,4.4666612819109615
full_s46,ctrl__noise,DJF,HistGradientBoostingRegressor,test,46,0.3897010255603488,2.539602941241305,0.04534845450712982,-4.103430047314529,5.630738066649061
full_s46,ctrl__noise,DJF,MLPRegressor,test,46,0.35504015590040894,2.610723264351443,0.06397967497263843,-3.8208855985999075,5.691928983102155
full_s46,ctrl__noise,DJF,RandomForestRegressor,test,46,0.3663158960808788,2.5878011871066358,0.07594337385117056,-4.319583090379011,5.8532190647390845
full_s46,ctrl__noise,DJF,LGBMRegressor,test,46,0.38594210807671425,2.5474118220984017,0.04088256344011591,-4.172758614185047,5.6565732455581506
full_s46,ctrl__noise,DJF,CatBoostRegressor,test,46,0.39321119701445395,2.5322890695936024,0.061191985440602004,-4.14264201647078,5.642813343222173
full_s46,ctrl__perm_static,DJF,HistGradientBoostingRegressor,val,46,0.48384317890076556,2.280991625659347,0.2139827263002553,-2.4383583771441266,4.4716639209200455
full_s46,ctrl__perm_static,DJF,MLPRegressor,val,46,0.5054688207210181,2.2326965148623357,0.09981469202849828,-2.4106767066319787,4.342740598010266
full_s46,ctrl__perm_static,DJF,RandomForestRegressor,val,46,0.475181801287327,2.3000501133081452,0.23048983050847377,-2.508383333333335,4.531366491835916
full_s46,ctrl__perm_static,DJF,LGBMRegressor,val,46,0.4653220834973467,2.3215550099327835,0.21580839296130358,-2.448469542288737,4.518345492402842
full_s46,ctrl__perm_static,DJF,CatBoostRegressor,val,46,0.4862901001814829,2.2755785057233004,0.21710771430885636,-2.545565128446317,4.467942982973691
full_s46,ctrl__perm_static,DJF,HistGradientBoostingRegressor,test,46,0.37706935888534776,2.5657500626416203,0.03354397046032697,-4.168251525790349,5.7165786593489125
full_s46,ctrl__perm_static,DJF,MLPRegressor,test,46,0.34582660352565653,2.629304838187605,-0.09851004710509875,-4.198166662054924,5.91527408509055
full_s46,ctrl__perm_static,DJF,RandomForestRegressor,test,46,0.37448653721654657,2.5710636717879596,0.06022591165134839,-4.308720116618077,5.834074903495141
full_s46,ctrl__perm_static,DJF,LGBMRegressor,test,46,0.3765696448446417,2.566778976790926,0.049998218141529834,-4.136879702799161,5.690287542720274
full_s46,ctrl__perm_static,DJF,CatBoostRegressor,test,46,0.3884731915004569,2.5421563161834744,0.07823473534754637,-4.110977321790321,5.644761293480774
full_s46,drop_grp__grupo1,DJF,HistGradientBoostingRegressor,val,46,0.45026063528229354,2.354026098510321,0.09331619454323105,-3.085833857204366,4.580946430054944
full_s46,drop_grp__grupo1,DJF,MLPRegressor,val,46,0.3227846299457158,2.612740386698039,0.004015552431850119,-2.470092178185781,4.660647318386107
full_s46,drop_grp__grupo1,DJF,RandomForestRegressor,val,46,0.4601458710641656,2.332765420617152,0.19548559322033832,-3.0401000000000007,4.424463312086563
full_s46,drop_grp__grupo1,DJF,LGBMRegressor,val,46,0.4413085003429015,2.3731155615902386,0.13167597130469838,-3.078383333340605,4.5271335960811205
full_s46,drop_grp__grupo1,DJF,CatBoostRegressor,val,46,0.49472210313890297,2.256825631813761,0.10671051734281921,-2.9881898743983775,4.334067838077795
full_s46,drop_grp__grupo1,DJF,HistGradientBoostingRegressor,test,46,0.34380327174724457,2.6333678655211576,-0.04993967255663042,-4.390124664311566,5.853517665072653
full_s46,drop_grp__grupo1,DJF,MLPRegressor,test,46,0.20773015187241617,2.8935504932504124,-0.13557850446186467,-4.132049411691661,5.973560702874356
full_s46,drop_grp__grupo1,DJF,RandomForestRegressor,test,46,0.3478946157463665,2.625145590304185,-0.0036359324043882812,-4.544478134110788,5.845578134448939
full_s46,drop_grp__grupo1,DJF,LGBMRegressor,test,46,0.3456413111439516,2.629677182633641,-0.03929440746274939,-4.407788266540431,5.854397477642897
full_s46,drop_grp__grupo1,DJF,CatBoostRegressor,test,46,0.3692845935237048,2.581732376538704,-0.04460976582734849,-4.347654043079478,5.767005457236941
full_s46,drop_grp__grupo2,DJF,HistGradientBoostingRegressor,val,46,0.500693360134425,2.2434506779021057,0.1913755208609729,-2.3715370680448444,4.373645358596252
full_s46,drop_grp__grupo2,DJF,MLPRegressor,val,46,0.4326086681863578,2.391521026978239,0.07835951603065104,-1.9044158665339153,4.538606409729583
full_s46,drop_grp__grupo2,DJF,RandomForestRegressor,val,46,0.5008751221696948,2.2430423003182414,0.25374745762711787,-2.449041666666668,4.380094973285397
full_s46,drop_grp__grupo2,DJF,LGBMRegressor,val,46,0.5011853235368624,2.2423451772533007,0.18433859947578,-2.504959547344922,4.381204816925806
full_s46,drop_grp__grupo2,DJF,CatBoostRegressor,val,46,0.5044160179423303,2.235071834646392,0.21337131835009923,-2.4955957062133605,4.403630362410397
full_s46,drop_grp__grupo2,DJF,HistGradientBoostingRegressor,test,46,0.38701286413712965,2.54518984368216,0.04466819399463213,-4.085803585193064,5.644377420381167
full_s46,drop_grp__grupo2,DJF,MLPRegressor,test,46,0.2960887472908812,2.727429008284937,-0.06089640960048718,-3.7337993377151713,5.796751657850846
full_s46,drop_grp__grupo2,DJF,RandomForestRegressor,test,46,0.3847338989798168,2.5499167110561576,0.053541654313666726,-4.29156559766764,5.8382781101575825
full_s46,drop_grp__grupo2,DJF,LGBMRegressor,test,46,0.3962425270092146,2.5259558818488106,0.023001487718638393,-4.130663266062462,5.65463359834523
full_s46,drop_grp__grupo2,DJF,CatBoostRegressor,test,46,0.40448025988901515,2.508664488946055,0.05871004610359382,-3.9942544480622635,5.565848160177895
full_s46,drop_grp__grupo3,DJF,HistGradientBoostingRegressor,val,46,0.4914450957494222,2.2641321871256954,0.21870505327695638,-2.3480309689793355,4.384371284366548
full_s46,drop_grp__grupo3,DJF,MLPRegressor,val,46,0.4266475338974012,2.404051116888394,0.2091274486153813,-1.8711675214767456,4.435098817254286
full_s46,drop_grp__grupo3,DJF,RandomForestRegressor,val,46,0.5178187907760022,2.204641591033621,0.24506864406779588,-2.400208333333335,4.275404576372471
full_s46,drop_grp__grupo3,DJF,LGBMRegressor,val,46,0.502473572119933,2.2394477429474215,0.23032562315952085,-2.2634520136481644,4.265345506498256
full_s46,drop_grp__grupo3,DJF,CatBoostRegressor,val,46,0.5047844874156435,2.2342407859159397,0.22347480055133892,-2.442261183411561,4.30587200479534
full_s46,drop_grp__grupo3,DJF,HistGradientBoostingRegressor,test,46,0.3926846409968343,2.5333875596249236,-0.0025851622231284604,-4.137905562016144,5.675718902247455
full_s46,drop_grp__grupo3,DJF,MLPRegressor,test,46,0.28148329948713013,2.755579433872209,-0.025299200162030886,-3.806512651638109,5.896260258593156
full_s46,drop_grp__grupo3,DJF,RandomForestRegressor,test,46,0.40144022284235037,2.5150595118912356,0.052854135784167894,-4.18299416909621,5.730149823012406
full_s46,drop_grp__grupo3,DJF,LGBMRegressor,test,46,0.39984511863826366,2.5184084779896074,-0.0447606148836899,-4.185044734778583,5.737860231778321
full_s46,drop_grp__grupo3,DJF,CatBoostRegressor,test,46,0.41763694516240346,2.4807980339681217,0.0021859261482735635,-4.092029237134236,5.6306710038073575
full_s46,drop_grp__grupo4,DJF,HistGradientBoostingRegressor,val,46,0.502679315312656,2.238984653203384,0.2169758685995799,-2.3081919240562336,4.406069943786881
full_s46,drop_grp__grupo4,DJF,MLPRegressor,val,46,0.349009541372182,2.5616522146833147,0.18451419709092481,-2.278841146628062,4.674569800492761
full_s46,drop_grp__grupo4,DJF,RandomForestRegressor,val,46,0.5141074647216626,2.2131098385817,0.270689830508474,-2.4213750000000016,4.260180362965869
full_s46,drop_grp__grupo4,DJF,LGBMRegressor,val,46,0.5056828830139253,2.232213241121158,0.21001342581935808,-2.3544742464047634,4.331150890329644
full_s46,drop_grp__grupo4,DJF,CatBoostRegressor,val,46,0.5145986380278258,2.2119909745892383,0.18968035670101174,-2.4819464077347457,4.358787829470194
full_s46,drop_grp__grupo4,DJF,HistGradientBoostingRegressor,test,46,0.40209800459880585,2.5136771812641365,0.011730482049223435,-4.033703517477787,5.618572220909987
full_s46,drop_grp__grupo4,DJF,MLPRegressor,test,46,0.2566582215840638,2.8027784684006165,-0.06817016072842971,-4.049954840879747,5.892770251707699
full_s46,drop_grp__grupo4,DJF,RandomForestRegressor,test,46,0.39703011472405647,2.524307818579383,0.06988230062259063,-4.163673469387756,5.734570745791177
full_s46,drop_grp__grupo4,DJF,LGBMRegressor,test,46,0.4053611425252722,2.5068084154747794,0.004112640934419205,-4.028445641868766,5.6269364874305685
full_s46,drop_grp__grupo4,DJF,CatBoostRegressor,test,46,0.41959670841606345,2.476620335979221,0.020129150946327536,-4.093511101409154,5.61179047743593
full_s46,full,DJF,HistGradientBoostingRegressor,val,46,0.5253969631544329,2.1872484213000636,0.18501001088292626,-2.2562981879374795,4.24919275973213
full_s46,full,DJF,MLPRegressor,val,46,0.3601882934638536,2.539562738794595,0.11478984945911473,-2.2050719149907434,4.343777518324848
full_s46,full,DJF,RandomForestRegressor,val,46,0.5230870685199398,2.1925646334906292,0.27508728813559236,-2.3924833333333355,4.2386865084205825
full_s46,full,DJF,LGBMRegressor,val,46,0.5051212654749445,2.233480943758725,0.21129958217904035,-2.4152334892547227,4.277136002097799
full_s46,full,DJF,CatBoostRegressor,val,46,0.5201054150076232,2.199407897098427,0.23671474006401594,-2.3636503738624914,4.210493523866177
full_s46,full,DJF,HistGradientBoostingRegressor,test,46,0.4065727620588835,2.5042532117896448,0.0007102115080078688,-4.036811680291998,5.604849911680274
full_s46,full,DJF,MLPRegressor,test,46,0.225525753007478,2.8608691320262905,-0.09300955278457113,-3.9850127228494987,6.034237555225713
full_s46,full,DJF,RandomForestRegressor,test,46,0.40081587515273454,2.516370878264169,0.07461814408538334,-4.1530291545189515,5.709563095159677
full_s46,full,DJF,LGBMRegressor,test,46,0.4036608552090657,2.5103897926314622,0.013428539404022116,-4.063485436779947,5.644448969619418
full_s46,full,DJF,CatBoostRegressor,test,46,0.4157459018032186,2.484822580508974,0.030968692121260927,-4.037213069292565,5.578344384903036
full_s46,add_grp__grupo2,JJA,BayesianRidge,val,46,0.7255905335762411,2.121967496100093,0.09799349720449384,-1.7737847843685663,3.425976222324299
full_s46,add_grp__grupo2,JJA,LinearRegression,val,46,0.7247105760940393,2.125367062921813,0.11277493213085417,-1.7407041377849404,3.3911377173801824
full_s46,add_grp__grupo2,JJA,SGDRegressor,val,46,0.7281402929931173,2.112086033640574,0.040500861088236535,-1.613257643587938,3.446246017919697
full_s46,add_grp__grupo2,JJA,LGBMRegressor,val,46,0.7475158466587404,2.035430347285181,0.0958516885849912,-2.053263641330313,3.4520618996908454
full_s46,add_grp__grupo2,JJA,CatBoostRegressor,val,46,0.7677343523977938,1.9522331066399718,0.10402860147430998,-1.9278517580787204,3.256167476836406
full_s46,add_grp__grupo2,JJA,BayesianRidge,test,46,0.668822456317206,2.2837373249458186,0.07335887529374854,-2.514673203624978,4.896701072121938
full_s46,add_grp__grupo2,JJA,LinearRegression,test,46,0.6691616425382351,2.2825675435316772,0.08029859288496095,-2.4717914468616846,4.883609544485732
full_s46,add_grp__grupo2,JJA,SGDRegressor,test,46,0.6665253234778665,2.291643933551137,0.04647515357194823,-2.342043695043656,4.941318610804033
full_s46,add_grp__grupo2,JJA,LGBMRegressor,test,46,0.6973806572447361,2.183051853297575,0.07236644881720915,-2.6500625549165577,4.842127978659427
full_s46,add_grp__grupo2,JJA,CatBoostRegressor,test,46,0.7010330613194025,2.169837906026991,-0.06374301274894889,-2.764051837389897,4.872578424785096
full_s46,add_grp__grupo3,JJA,BayesianRidge,val,46,0.7381879742912152,2.072688214540997,0.07069601408317064,-1.893323435224928,3.454443448161759
full_s46,add_grp__grupo3,JJA,LinearRegression,val,46,0.7364424746304784,2.0795860384501794,0.0811317986409825,-1.8628859528550155,3.4376417461296156
full_s46,add_grp__grupo3,JJA,SGDRegressor,val,46,0.7223560112968238,2.134436898177362,0.058820088342599615,-2.3809068779572256,3.6026284496868812
full_s46,add_grp__grupo3,JJA,LGBMRegressor,val,46,0.7581600774758867,1.9920635088550342,0.060006344904085046,-2.0272558121311115,3.510493423692988
full_s46,add_grp__grupo3,JJA,CatBoostRegressor,val,46,0.773762381066867,1.9267332545837719,0.0933755937842636,-1.928756684721376,3.319651547050793
full_s46,add_grp__grupo3,JJA,BayesianRidge,test,46,0.6726598814023417,2.270467696837069,0.04706110374556241,-2.540419808863219,4.889795588502898
full_s46,add_grp__grupo3,JJA,LinearRegression,test,46,0.6729514864224954,2.269456168984186,0.05070686056784471,-2.4935718071907327,4.878408885642222
full_s46,add_grp__grupo3,JJA,SGDRegressor,test,46,0.6601497471565987,2.313446754141589,0.028568098958928145,-2.9690434496884612,5.025284377771469
full_s46,add_grp__grupo3,JJA,LGBMRegressor,test,46,0.6954483026741696,2.1900106244725155,-0.024996174642136784,-2.8200961440847703,4.9699292407889955
full_s46,add_grp__grupo3,JJA,CatBoostRegressor,test,46,0.7042614209740234,2.1580907364299207,-0.04121353291132796,-2.7528149039440715,4.874746525614803
full_s46,add_grp__grupo4,JJA,BayesianRidge,val,46,0.7549285097556931,2.0053287411703464,0.06094787458266292,-1.920221170648798,3.3485182150061172
full_s46,add_grp__grupo4,JJA,LinearRegression,val,46,0.7533872997500664,2.011624432337693,0.09325266043198097,-1.864265902407534,3.317422498686529
full_s46,add_grp__grupo4,JJA,SGDRegressor,val,46,0.7417840004565586,2.0584046615904774,0.032321689839810486,-2.2735263525039584,3.481597043434913
full_s46,add_grp__grupo4,JJA,LGBMRegressor,val,46,0.7650132157353886,1.963635620120742,0.010915801480076037,-2.077334387366792,3.4700621805301592
full_s46,add_grp__grupo4,JJA,CatBoostRegressor,val,46,0.7708070978114567,1.9392766328025681,0.01318796291743157,-2.073765230750637,3.4750512313752644
full_s46,add_grp__grupo4,JJA,BayesianRidge,test,46,0.6942396465125065,2.194352003685181,0.06428072988057017,-2.554976780201585,4.816157849531933
full_s46,add_grp__grupo4,JJA,LinearRegression,test,46,0.693515856821165,2.196947681205622,0.0797123827301196,-2.5005893715520418,4.802874641622519
full_s46,add_grp__grupo4,JJA,SGDRegressor,test,46,0.6851802203132933,2.2266231237504517,0.04986720824879946,-2.814131082285439,4.871615135563612
full_s46,add_grp__grupo4,JJA,LGBMRegressor,test,46,0.7025103861193422,2.1644702135533382,-0.026347683968167224,-2.8016713601460257,4.87748160991215
full_s46,add_grp__grupo4,JJA,CatBoostRegressor,test,46,0.7062334459178319,2.150883480772586,-0.051398768803762374,-2.774535799899406,4.8691365869783745
full_s46,base,JJA,BayesianRidge,val,46,0.7388296890896251,2.0701465231939946,0.026806627832883807,-1.878564848341383,3.454634613852723
full_s46,base,JJA,LinearRegression,val,46,0.7377059129916833,2.074595505215346,0.04616477271123244,-1.843798526557716,3.4299945504968306
full_s46,base,JJA,SGDRegressor,val,46,0.736480786205169,2.0794348852791797,0.03451336407609868,-2.107724109334789,3.5103269561585013
full_s46,base,JJA,LGBMRegressor,val,46,0.7663029182925934,1.9582395926134493,0.020764966497023658,-2.0893054322785676,3.4870014563472704
full_s46,base,JJA,CatBoostRegressor,val,46,0.7715512354502022,1.9361258764486224,0.02119756262266913,-2.054848227685565,3.4037312143354055
full_s46,base,JJA,BayesianRidge,test,46,0.6726434954788503,2.2705245234255074,0.050013956098581815,-2.5082583889150483,4.892083298182758
full_s46,base,JJA,LinearRegression,test,46,0.672886904641862,2.269680230980456,0.054908628326182436,-2.477446965044445,4.879895465701632
full_s46,base,JJA,SGDRegressor,test,46,0.668716661189779,2.284102067352824,0.08536139266656297,-2.6779722553182723,4.94098588870126
full_s46,base,JJA,LGBMRegressor,test,46,0.7034499373951342,2.161049524421987,-0.024169263201349787,-2.7282897614326815,4.875412742933986
full_s46,base,JJA,CatBoostRegressor,test,46,0.7088473627169176,2.1412928842543404,-0.0801548187259946,-2.8019965352699034,4.859630736910761
full_s46,ctrl__noise,JJA,BayesianRidge,val,46,0.7388165813321899,2.070198471361321,0.02654349259943154,-1.8792038964278241,3.455325781135852
full_s46,ctrl__noise,JJA,LinearRegression,val,46,0.7377107300182415,2.0745764551718575,0.04614412565906667,-1.8438156990688563,3.4299716062760846
full_s46,ctrl__noise,JJA,SGDRegressor,val,46,0.736329987114746,2.080029779360054,0.03516304306682078,-2.1065020428184984,3.5108156687957934
full_s46,ctrl__noise,JJA,LGBMRegressor,val,46,0.7626234839143167,1.973595100183129,0.018259120360836933,-2.0118416141849873,3.542772822831412
full_s46,ctrl__noise,JJA,CatBoostRegressor,val,46,0.7695257244711777,1.944690137816755,0.03839766572930808,-1.9920314431046533,3.408501045043747
full_s46,ctrl__noise,JJA,BayesianRidge,test,46,0.6726203821918566,2.270604678177143,0.049919061631007615,-2.5090005728657157,4.8922904236991664
full_s46,ctrl__noise,JJA,LinearRegression,test,46,0.6728846077243644,2.2696881995686273,0.05494264181020679,-2.4774226787782383,4.879893905505406
full_s46,ctrl__noise,JJA,SGDRegressor,test,46,0.6687549895058909,2.2839699322464906,0.08590485918374503,-2.67653207133656,4.940059909160304
full_s46,ctrl__noise,JJA,LGBMRegressor,test,46,0.6968797826291991,2.1848577246229093,-0.01083424038923053,-2.7813477225554712,4.9155305222141
full_s46,ctrl__noise,JJA,CatBoostRegressor,test,46,0.7063582791692156,2.1504264336634265,-0.05945416912777974,-2.819930695757112,4.8801062720164055
full_s46,ctrl__perm_static,JJA,BayesianRidge,val,46,0.7547028455242222,2.006251791915596,0.057481910694979814,-1.9281718932830532,3.354260858341664
full_s46,ctrl__perm_static,JJA,LinearRegression,val,46,0.7533873426142103,2.011624257515871,0.09325240017858287,-1.864267809756167,3.3174203125809183
full_s46,ctrl__perm_static,JJA,SGDRegressor,val,46,0.7436966052087316,2.050767195580413,0.09602104960137008,-1.4269758299755708,3.314950823155929
full_s46,ctrl__perm_static,JJA,LGBMRegressor,val,46,0.764661748833448,1.9651035644980384,0.034473002794118766,-2.0464463390261787,3.4617921305994543
full_s46,ctrl__perm_static,JJA,CatBoostRegressor,val,46,0.7758992554707194,1.9176124126089282,0.026090797556013897,-1.9647763377236291,3.3578560216522657
full_s46,ctrl__perm_static,JJA,BayesianRidge,test,46,0.6943132872585298,2.194087738799849,0.061561769592716364,-2.5623821945630167,4.817955978288613
full_s46,ctrl__perm_static,JJA,LinearRegression,test,46,0.6935157623407463,2.1969480198341045,0.07971253657572613,-2.5005912541656055,4.802875805187441
full_s46,ctrl__perm_static,JJA,SGDRegressor,test,46,0.6902788428886059,2.2085190321067434,0.11661306313840838,-2.0397842636082504,4.677264356512169
full_s46,ctrl__perm_static,JJA,LGBMRegressor,test,46,0.7022639485395765,2.1653665412812066,-0.03391995911176442,-2.7266567176243464,4.885106352616202
full_s46,ctrl__perm_static,JJA,CatBoostRegressor,test,46,0.7070144604830312,2.148022383540666,-0.07242883398703932,-2.7628772743799894,4.866748433924992
full_s46,drop_grp__grupo1,JJA,BayesianRidge,val,46,0.6495159879090203,2.3981331271727435,0.046127477075963194,-2.8719459018191777,3.9262966732416453
full_s46,drop_grp__grupo1,JJA,LinearRegression,val,46,0.6454142024905898,2.412125227140549,0.051334857323123394,-2.8677140794358813,3.931018161948045
full_s46,drop_grp__grupo1,JJA,SGDRegressor,val,46,0.6457633193081189,2.4109374738914435,0.04354759766099936,-2.8723283746510306,4.024474960327623
full_s46,drop_grp__grupo1,JJA,LGBMRegressor,val,46,0.6795793570233768,2.292975562759274,0.05119140301429428,-2.619529348345178,3.6445847487315697
full_s46,drop_grp__grupo1,JJA,CatBoostRegressor,val,46,0.6835038169517982,2.2788903054968803,0.059249535798084584,-2.554274551639838,3.5987214730255164
full_s46,drop_grp__grupo1,JJA,BayesianRidge,test,46,0.5879670480073406,2.547309319554576,0.05753815083564082,-3.495522367988609,5.388944291936373
full_s46,drop_grp__grupo1,JJA,LinearRegression,test,46,0.5859570604343213,2.5535149288884513,0.05028942002595997,-3.499113432749548,5.415357069221482
full_s46,drop_grp__grupo1,JJA,SGDRegressor,test,46,0.5865036279386584,2.5518289573993527,0.06855108949063476,-3.389677035733924,5.328170748134425
full_s46,drop_grp__grupo1,JJA,LGBMRegressor,test,46,0.6107323114199944,2.475938698236931,0.13293080616760444,-3.2061520637320533,5.2021422231159695
full_s46,drop_grp__grupo1,JJA,CatBoostRegressor,test,46,0.6179574434994197,2.4528533348001584,0.11248337108586882,-3.1439753748717787,5.170685510467025
full_s46,drop_grp__grupo2,JJA,BayesianRidge,val,46,0.7537494558270434,2.010146832702367,0.10070408089749797,-1.927609655019399,3.3520584539151974
full_s46,drop_grp__grupo2,JJA,LinearRegression,val,46,0.750875802485313,2.02184165046393,0.12172334910982961,-1.8899587820242114,3.332470478608956
full_s46,drop_grp__grupo2,JJA,SGDRegressor,val,46,0.7344422420336011,2.0874624845955103,0.07057524026205585,-2.3545012977484827,3.521479505989074
full_s46,drop_grp__grupo2,JJA,LGBMRegressor,val,46,0.7626850012545535,1.9733393499717853,0.07216091062167015,-1.9964660926935685,3.3936968734396618
full_s46,drop_grp__grupo2,JJA,CatBoostRegressor,val,46,0.7689768424952479,1.9470044321202162,0.08630640023477665,-1.8787218579454819,3.2854937648743805
full_s46,drop_grp__grupo2,JJA,BayesianRidge,test,46,0.694109938611549,2.194817392035961,0.060247878281551474,-2.589976612497819,4.822701732993545
full_s46,drop_grp__grupo2,JJA,LinearRegression,test,46,0.6930123859104753,2.1987514374379273,0.07824422203515394,-2.5216952519045783,4.807200678013594
full_s46,drop_grp__grupo2,JJA,SGDRegressor,test,46,0.6812424288901087,2.2405052406022614,0.02785641524591058,-2.942771300378785,4.926176750608313
full_s46,drop_grp__grupo2,JJA,LGBMRegressor,test,46,0.693476578675208,2.1970884540140103,-0.002340951208734914,-2.7419897309070307,4.926419496267138
full_s46,drop_grp__grupo2,JJA,CatBoostRegressor,test,46,0.7053503613485277,2.154113914399494,-0.07636146900865838,-2.7437400624984494,4.872142427851404
full_s46,drop_grp__grupo3,JJA,BayesianRidge,val,46,0.7414091578231441,2.059898174793858,0.12669954229349564,-1.8225852657008812,3.310235002872468
full_s46,drop_grp__grupo3,JJA,LinearRegression,val,46,0.7396846144823963,2.06675549542111,0.15088594614852918,-1.778050255990243,3.2758597090836656
full_s46,drop_grp__grupo3,JJA,SGDRegressor,val,46,0.7396801696245968,2.0667731401620286,0.09186912761926665,-1.6135501852694196,3.3255152876254743
full_s46,drop_grp__grupo3,JJA,LGBMRegressor,val,46,0.7592967718375743,1.9873764531625195,0.08306578356247839,-2.029876558198144,3.367452581599905
full_s46,drop_grp__grupo3,JJA,CatBoostRegressor,val,46,0.7684825433382166,1.949086232963567,0.10170149773469991,-1.947341050878793,3.2806791183155886
full_s46,drop_grp__grupo3,JJA,BayesianRidge,test,46,0.6913677618181304,2.204633253501089,0.08361259836079549,-2.5619215423847823,4.8164547556459265
full_s46,drop_grp__grupo3,JJA,LinearRegression,test,46,0.6903500665725278,2.208265081251201,0.10401198311626891,-2.4987106963605634,4.80530644633389
full_s46,drop_grp__grupo3,JJA,SGDRegressor,test,46,0.6866131290366493,2.221550084109511,0.06013215410625257,-2.3871806539994065,4.878409736868818
full_s46,drop_grp__grupo3,JJA,LGBMRegressor,test,46,0.6959961212700629,2.188040074725678,0.03253857599884086,-2.689210181679747,4.865527933333428
full_s46,drop_grp__grupo3,JJA,CatBoostRegressor,test,46,0.7053673197134407,2.1540519242073026,-0.012949325111268383,-2.690851548466081,4.839875191315008
full_s46,drop_grp__grupo4,JJA,BayesianRidge,val,46,0.7283162116160895,2.111402564586031,0.10791412030624967,-1.8062256615441121,3.4159462794063447
full_s46,drop_grp__grupo4,JJA,LinearRegression,val,46,0.727014774416644,2.116453611197383,0.11411479381804769,-1.784479747806583,3.3854105811149133
full_s46,drop_grp__grupo4,JJA,SGDRegressor,val,46,0.7229779647389996,2.132044869694485,0.09759164726762085,-1.4436672520442702,3.3394664343874614
full_s46,drop_grp__grupo4,JJA,LGBMRegressor,val,46,0.7566198201965961,1.9983970793549681,0.07477765559957177,-2.040471548435989,3.4226955114217543
full_s46,drop_grp__grupo4,JJA,CatBoostRegressor,val,46,0.7662019129835702,1.9586627284664375,0.11562571342811435,-1.9722688543027758,3.2236698521870477
full_s46,drop_grp__grupo4,JJA,BayesianRidge,test,46,0.6696890088004551,2.2807475774178725,0.0467362997354323,-2.5601895530216976,4.9114452759595855
full_s46,drop_grp__grupo4,JJA,LinearRegression,test,46,0.6699003654299729,2.2800177678278524,0.051584849443230774,-2.509725098788566,4.903030690173819
full_s46,drop_grp__grupo4,JJA,SGDRegressor,test,46,0.6648094444900323,2.2975321444149754,0.06600152786486217,-2.155676653268592,4.835531889304026
full_s46,drop_grp__grupo4,JJA,LGBMRegressor,test,46,0.6916682840571189,2.2035596412840732,0.021324187502821584,-2.7589945008578334,4.921863792991856
full_s46,drop_grp__grupo4,JJA,CatBoostRegressor,test,46,0.7012968224814273,2.168880533856202,-0.055803412177564495,-2.753946802400869,4.878739300422069
full_s46,full,JJA,BayesianRidge,val,46,0.7447026774362424,2.0467382817141297,0.13373743334266455,-1.8391058346172708,3.3057574737953677
full_s46,full,JJA,LinearRegression,val,46,0.7420450711511457,2.0573638178066727,0.15100741920153593,-1.8186021547059752,3.2764270941817797
full_s46,full,JJA,SGDRegressor,val,46,0.7222961371841632,2.1346670321463037,0.15713345883512095,-0.8403319832432843,3.184156166623779
full_s46,full,JJA,LGBMRegressor,val,46,0.750934515566376,2.02160338467326,0.11397680417508219,-1.845810159813533,3.257974645543572
full_s46,full,JJA,CatBoostRegressor,val,46,0.7697782097111312,1.9436246390682108,0.07869209485028975,-1.9879937516223931,3.292667675944006
full_s46,full,JJA,BayesianRidge,test,46,0.6919930936085703,2.202398674413151,0.05463278399589027,-2.6096084668931767,4.848343645288919
full_s46,full,JJA,LinearRegression,test,46,0.6904264364932328,2.207992748835483,0.07587309066148094,-2.5433330832709493,4.838056925265405
full_s46,full,JJA,SGDRegressor,test,46,0.6661522258101331,2.2929255420979286,0.09206426275423636,-1.6889135593539468,4.7622031207678885
full_s46,full,JJA,LGBMRegressor,test,46,0.689965053071196,2.2096375145354528,0.011478751811287902,-2.700586706803507,4.901060770225329
full_s46,full,JJA,CatBoostRegressor,test,46,0.7036593521280725,2.1602863555854017,-0.054852992902134884,-2.755429878033987,4.862487296849697
full_s46,add_grp__grupo2,MAM,BaggingRegressor,val,46,0.7016676683662757,1.820196646885532,0.12034259259259254,-1.918899082568808,3.218896329175833
full_s46,add_grp__grupo2,MAM,ExtraTreesRegressor,val,46,0.7449809823141467,1.6828849752180968,0.11615833333333299,-1.9503119266055038,2.9790718953724773
full_s46,add_grp__grupo2,MAM,MLPRegressor,val,46,0.7014313268992601,1.8209174919536808,0.038613299307999796,-1.7695772940959404,3.132811660205108
full_s46,add_grp__grupo2,MAM,RandomForestRegressor,val,46,0.7314248618112914,1.727034656732619,0.11535185185185136,-1.9915779816513763,3.0373353845981694
full_s46,add_grp__grupo2,MAM,CatBoostRegressor,val,46,0.7324695288664967,1.7236725919275087,0.10164955033787698,-1.8336687046839835,3.1006818701329144
full_s46,add_grp__grupo2,MAM,BaggingRegressor,test,46,0.5964155459991108,2.232078172665907,-0.09802778616732112,-3.010868263473054,4.7538700591120655
full_s46,add_grp__grupo2,MAM,ExtraTreesRegressor,test,46,0.6412221623135443,2.104529365917344,-0.038409543944428026,-2.8951257485029944,4.623259538515986
full_s46,add_grp__grupo2,MAM,MLPRegressor,test,46,0.5757080323111528,2.288624754877399,-0.1342977696262937,-2.7077334543902003,4.793153652855524
full_s46,add_grp__grupo2,MAM,RandomForestRegressor,test,46,0.6375304793727998,2.1153290459207184,-0.05471217154938113,-2.876715568862276,4.630336562242611
full_s46,add_grp__grupo2,MAM,CatBoostRegressor,test,46,0.6331580097420815,2.1280494060590396,-0.0036373364335608653,-2.6409070065553433,4.610515342298721
full_s46,add_grp__grupo3,MAM,BaggingRegressor,val,46,0.6966365065693423,1.835480636418338,0.1808981481481481,-1.96651376146789,3.127795336930595
full_s46,add_grp__grupo3,MAM,ExtraTreesRegressor,val,46,0.7415781125373102,1.694075633450836,0.1519888888888887,-1.934642201834862,2.9883210284049704
full_s46,add_grp__grupo3,MAM,MLPRegressor,val,46,0.6800105429814669,1.8851069020105358,0.3200551629066467,-1.5156288024482376,3.058094132347156
full_s46,add_grp__grupo3,MAM,RandomForestRegressor,val,46,0.7393464330307786,1.7013747573109268,0.14068148148148119,-1.9652477064220188,3.0331169936630715
full_s46,add_grp__grupo3,MAM,CatBoostRegressor,val,46,0.7373257340553787,1.707956920798102,0.15106960147718457,-1.7682569963593155,3.0218387268656715
full_s46,add_grp__grupo3,MAM,BaggingRegressor,test,46,0.6105032608497648,2.192775141436082,-0.03045001510117793,-2.8903293413173654,4.7355011938427625
full_s46,add_grp__grupo3,MAM,ExtraTreesRegressor,test,46,0.6403559641563475,2.107068319430676,0.02601479915433376,-2.787832335329341,4.684081813027792
full_s46,add_grp__grupo3,MAM,MLPRegressor,test,46,0.5787268232649159,2.2804685639436615,0.12624023741949938,-2.466268422646437,4.64002703728286
full_s46,add_grp__grupo3,MAM,RandomForestRegressor,test,46,0.6427803839738505,2.0999542622048843,-0.009152521896708305,-2.8256467065868267,4.623427894000075
full_s46,add_grp__grupo3,MAM,CatBoostRegressor,test,46,0.6411316303950576,2.1047948715358458,0.03569965759367568,-2.5966694996065907,4.595154712788398
full_s46,add_grp__grupo4,MAM,BaggingRegressor,val,46,0.7066775193120228,1.8048487932972854,0.15175000000000002,-1.85045871559633,3.1694863995129
full_s46,add_grp__grupo4,MAM,ExtraTreesRegressor,val,46,0.7426858431615212,1.690440889509576,0.14464907407407374,-1.8421743119266047,2.9602219247949466
full_s46,add_grp__grupo4,MAM,MLPRegressor,val,46,0.7359531254278782,1.7124135845565898,0.04552747011184693,-1.9806470398509173,3.1408540647642655
full_s46,add_grp__grupo4,MAM,RandomForestRegressor,val,46,0.7391877234680981,1.7018926542180859,0.144358333333333,-1.8980642201834863,2.959061627542815
full_s46,add_grp__grupo4,MAM,CatBoostRegressor,val,46,0.7433358780053473,1.6883043177109234,0.14430737500831145,-1.671944737698398,2.939221066353036
full_s46,add_grp__grupo4,MAM,BaggingRegressor,test,46,0.6035767687331703,2.2121864845860806,0.023289036544850476,-2.7175449101796407,4.691679474071641
full_s46,add_grp__grupo4,MAM,ExtraTreesRegressor,test,46,0.6418690760346015,2.1026311673073828,0.03268166717003883,-2.7543353293413175,4.628622565115825
full_s46,add_grp__grupo4,MAM,MLPRegressor,test,46,0.6262492583684254,2.1479947602896523,-0.04856381432162569,-2.87266310988786,4.7120863728094315
full_s46,add_grp__grupo4,MAM,RandomForestRegressor,test,46,0.6415488132480196,2.1035711085289877,0.013475083056478066,-2.723326347305389,4.6159381342562895
full_s46,add_grp__grupo4,MAM,CatBoostRegressor,test,46,0.6380420497163655,2.113835786993379,0.060637205962077945,-2.5953069872391827,4.595251209060768
full_s46,base,MAM,BaggingRegressor,val,46,0.7119783851051102,1.7884660041913427,0.18521296296296294,-1.7599082568807338,3.0104355197128245
full_s46,base,MAM,ExtraTreesRegressor,val,46,0.7442804519472548,1.6851948098727998,0.14684722222222182,-1.899366972477064,2.94944090643472
full_s46,base,MAM,MLPRegressor,val,46,0.7221171069184282,1.7567058787994916,0.18545985045256438,-1.5810139691064116,2.8643218929382606
full_s46,base,MAM,RandomForestRegressor,val,46,0.7351165523182543,1.7151241378784605,0.17227314814814784,-1.8456330275229353,2.9286702966401013
full_s46,base,MAM,CatBoostRegressor,val,46,0.7402545268098283,1.6984084525188852,0.1406068876419817,-1.6574146881364817,2.9858513923127057
full_s46,base,MAM,BaggingRegressor,test,46,0.6041135031176629,2.210688390336009,-0.026934460887949287,-2.832185628742515,4.784379429659202
full_s46,base,MAM,ExtraTreesRegressor,test,46,0.6375986951831805,2.115129986873428,0.026734521292660587,-2.8443502994011975,4.685853073555136
full_s46,base,MAM,MLPRegressor,test,46,0.6197832189502412,2.1664956753562152,0.006880823516730476,-2.5517396944011757,4.57896053834081
full_s46,base,MAM,RandomForestRegressor,test,46,0.6403355093462801,2.1071282384967107,0.013635155542132021,-2.7498203592814368,4.620131400262186
full_s46,base,MAM,CatBoostRegressor,test,46,0.6380678284825909,2.1137605116073575,0.05021288892285801,-2.6611571284844833,4.605149094753446
full_s46,ctrl__noise,MAM,BaggingRegressor,val,46,0.7016364941594739,1.8202917450334815,0.1943888888888889,-1.7850458715596327,3.1249324396366682
full_s46,ctrl__noise,MAM,ExtraTreesRegressor,val,46,0.7454134052478318,1.6814575781259058,0.14050185185185146,-1.8498256880733945,2.9692657248811742
full_s46,ctrl__noise,MAM,MLPRegressor,val,46,0.7074362883818417,1.8025128826315284,0.135761907710637,-1.4967121701914088,2.8938995933619793
full_s46,ctrl__noise,MAM,RandomForestRegressor,val,46,0.7356422470779769,1.7134213520408894,0.15725925925925907,-1.8698073394495405,2.960658978530956
full_s46,ctrl__noise,MAM,CatBoostRegressor,val,46,0.7349265197687824,1.7157392593202963,0.13459653462779425,-1.761081688537717,3.055716485784005
full_s46,ctrl__noise,MAM,BaggingRegressor,test,46,0.6069569918910125,2.2027348532188387,-0.013923286016309287,-2.8590119760479036,4.775319690210549
full_s46,ctrl__noise,MAM,ExtraTreesRegressor,test,46,0.6376532898505541,2.114970661884994,0.029375415282391668,-2.8001287425149703,4.700143041204644
full_s46,ctrl__noise,MAM,MLPRegressor,test,46,0.6138399551974687,2.183362536717969,-0.07421180797819148,-2.4245809944509893,4.54365178697337
full_s46,ctrl__noise,MAM,RandomForestRegressor,test,46,0.640373637737783,2.107016546153022,0.0165161582603441,-2.746679640718563,4.632799206529888
full_s46,ctrl__noise,MAM,CatBoostRegressor,test,46,0.6377038906921662,2.114822981460437,0.051922699730689345,-2.635408094088193,4.619841060547401
full_s46,ctrl__perm_static,MAM,BaggingRegressor,val,46,0.7018332526794826,1.81969144209793,0.1713796296296296,-1.8932110091743117,3.041399665714045
full_s46,ctrl__perm_static,MAM,ExtraTreesRegressor,val,46,0.7431485479309586,1.6889203221672802,0.13453796296296264,-1.8466972477064219,2.951321172043202
full_s46,ctrl__perm_static,MAM,MLPRegressor,val,46,0.712796003851816,1.7859257042734369,0.11313582305554991,-1.5437663638263668,3.1305714868348855
full_s46,ctrl__perm_static,MAM,RandomForestRegressor,val,46,0.7422646496123476,1.6918238520296065,0.1556685185185182,-1.8834128440366968,2.929834344191437
full_s46,ctrl__perm_static,MAM,CatBoostRegressor,val,46,0.7427687796547657,1.6901684394040815,0.13473057057144272,-1.6972943376550298,2.938774024604211
full_s46,ctrl__perm_static,MAM,BaggingRegressor,test,46,0.608019566113865,2.199755340449822,0.0419299305345817,-2.769760479041916,4.666398744804068
full_s46,ctrl__perm_static,MAM,ExtraTreesRegressor,test,46,0.6391897408412169,2.1104818660048053,0.02652461491996352,-2.7542155688622754,4.655004455962416
full_s46,ctrl__perm_static,MAM,MLPRegressor,test,46,0.6146759883756379,2.1809977755389447,-0.08214872487539687,-2.479340662071091,4.611301953851579
full_s46,ctrl__perm_static,MAM,RandomForestRegressor,test,46,0.6433363641991826,2.098319430807862,0.018869223799456204,-2.7141287425149696,4.601449054829534
full_s46,ctrl__perm_static,MAM,CatBoostRegressor,test,46,0.6367375783846503,2.117641420002295,0.05977597882045132,-2.629675703342701,4.612305815620882
full_s46,drop_grp__grupo1,MAM,BaggingRegressor,val,46,0.5886946524263962,2.137225399298681,0.05525925925925924,-2.6544954128440374,3.8378780930197265
full_s46,drop_grp__grupo1,MAM,ExtraTreesRegressor,val,46,0.6291200677301663,2.029480189103348,0.056130555555555475,-2.645394495412844,3.7032266689291227
full_s46,drop_grp__grupo1,MAM,MLPRegressor,val,46,0.6325777017844212,2.019997832620168,0.17353216299304255,-2.2764052784771,3.6313839772422205
full_s46,drop_grp__grupo1,MAM,RandomForestRegressor,val,46,0.6245459090494685,2.0419568909368397,0.08278333333333306,-2.6674678899082567,3.6840403303931546
full_s46,drop_grp__grupo1,MAM,CatBoostRegressor,val,46,0.6365465465744631,2.009058342250877,0.028429070961956505,-2.4917618146506273,3.5947351155619924
full_s46,drop_grp__grupo1,MAM,BaggingRegressor,test,46,0.5256658667635401,2.4198273162378245,-0.10738145575354884,-3.421556886227545,4.9607001630600935
full_s46,drop_grp__grupo1,MAM,ExtraTreesRegressor,test,46,0.5616686292912958,2.326180778939864,-0.08978888553307177,-3.412769461077845,4.891353900408548
full_s46,drop_grp__grupo1,MAM,MLPRegressor,test,46,0.5232548257162164,2.4259695137089454,0.0610879239053821,-3.199770750685366,4.939919992270714
full_s46,drop_grp__grupo1,MAM,RandomForestRegressor,test,46,0.55523333039911,2.3431943051089505,-0.07423950468136545,-3.478760479041916,4.9000773603816254
full_s46,drop_grp__grupo1,MAM,CatBoostRegressor,test,46,0.5704330138860816,2.302807495897102,-0.06144265149494354,-3.2954756205216413,4.840313543782703
full_s46,drop_grp__grupo2,MAM,BaggingRegressor,val,46,0.6986538587767562,1.8293675288349127,0.14477777777777776,-1.9068807339449543,3.066274223659537
full_s46,drop_grp__grupo2,MAM,ExtraTreesRegressor,val,46,0.7476938373284895,1.673909900391783,0.151808333333333,-1.862522935779816,2.961174966712747
full_s46,drop_grp__grupo2,MAM,MLPRegressor,val,46,0.682119265724489,1.8788852305724142,-0.03899645739131503,-1.8357935660475981,3.3775722102977657
full_s46,drop_grp__grupo2,MAM,RandomForestRegressor,val,46,0.741338431661841,1.6948610611689285,0.13602962962962942,-1.9218256880733946,2.9587504072626785
full_s46,drop_grp__grupo2,MAM,CatBoostRegressor,val,46,0.7430165831205375,1.6893541321149907,0.14444027441197624,-1.7192343001362491,2.971095329562613
full_s46,drop_grp__grupo2,MAM,BaggingRegressor,test,46,0.6075402745878142,2.2010997978612807,0.028659015403201413,-2.68434131736527,4.658626760474934
full_s46,drop_grp__grupo2,MAM,ExtraTreesRegressor,test,46,0.6457201431025921,2.09129556462706,0.015503473270914855,-2.7476886227544903,4.647604081094988
full_s46,drop_grp__grupo2,MAM,MLPRegressor,test,46,0.5570174142141184,2.338489978104741,-0.15013137900624093,-2.7630392779847104,4.992814737351911
full_s46,drop_grp__grupo2,MAM,RandomForestRegressor,test,46,0.6439915405759609,2.0963912818278243,-0.011939595288432836,-2.7700059880239523,4.616440082566668
full_s46,drop_grp__grupo2,MAM,CatBoostRegressor,test,46,0.642640247893546,2.1003661243904657,0.041632071083417564,-2.510512386214362,4.558585452197506
full_s46,drop_grp__grupo3,MAM,BaggingRegressor,val,46,0.7045732228338072,1.811311219347281,0.10059259259259253,-1.9544954128440368,3.1791228378829004
full_s46,drop_grp__grupo3,MAM,ExtraTreesRegressor,val,46,0.7453807430333577,1.6815654360567536,0.08836944444444425,-1.9941834862385313,3.031646592896372
full_s46,drop_grp__grupo3,MAM,MLPRegressor,val,46,0.6935005081438195,1.844943319271366,-0.0522498556861171,-2.0630205976853677,3.2495446753246218
full_s46,drop_grp__grupo3,MAM,RandomForestRegressor,val,46,0.7424323663446858,1.6912733001871476,0.11847407407407358,-1.9595963302752302,2.9855684781318748
full_s46,drop_grp__grupo3,MAM,CatBoostRegressor,val,46,0.7313073612499028,1.7274124008397735,0.07295317675677974,-1.8533723310030337,3.0908060616859214
full_s46,drop_grp__grupo3,MAM,BaggingRegressor,test,46,0.61029062514497,2.1933736043013528,-0.03990939293264878,-2.876946107784431,4.751579567179059
full_s46,drop_grp__grupo3,MAM,ExtraTreesRegressor,test,46,0.640996054339116,2.105192416799167,-0.04504167925098186,-2.8582754491017965,4.637989278222857
full_s46,drop_grp__grupo3,MAM,MLPRegressor,test,46,0.5802354636715141,2.276381557117008,-0.1334858476125521,-2.717415443009245,4.782892880779917
full_s46,drop_grp__grupo3,MAM,RandomForestRegressor,test,46,0.6368198636282217,2.1174015651501423,-0.04052672908486893,-2.8481317365269465,4.645812809259822
full_s46,drop_grp__grupo3,MAM,CatBoostRegressor,test,46,0.6311020942626888,2.1340042545372198,0.006135411935979461,-2.6429418022322615,4.611334322756341
full_s46,drop_grp__grupo4,MAM,BaggingRegressor,val,46,0.7105679002393576,1.7928398484589254,0.09950925925925926,-2.0029357798165135,3.0947229426465817
full_s46,drop_grp__grupo4,MAM,ExtraTreesRegressor,val,46,0.7445138062679979,1.684425730528558,0.11670648148148129,-1.9659449541284404,3.019993827079176
full_s46,drop_grp__grupo4,MAM,MLPRegressor,val,46,0.6540909147993637,1.9599686878228044,0.19561839324456673,-1.5549121261736667,3.221202067552282
full_s46,drop_grp__grupo4,MAM,RandomForestRegressor,val,46,0.7381488974291343,1.705278640205389,0.1184759259259256,-1.9616880733944948,3.01236494310678
full_s46,drop_grp__grupo4,MAM,CatBoostRegressor,val,46,0.734978910101097,1.7155696976730932,0.13092771876561796,-1.8246293006791743,3.0543247164518026
full_s46,drop_grp__grupo4,MAM,BaggingRegressor,test,46,0.6050920770380437,2.2079544495080476,-0.08169435215946848,-3.0134730538922154,4.732043462325903
full_s46,drop_grp__grupo4,MAM,ExtraTreesRegressor,test,46,0.6411426424268096,2.1047625780158117,-0.04847025067955328,-2.9180628742514974,4.6798075549638805
full_s46,drop_grp__grupo4,MAM,MLPRegressor,test,46,0.5383573901964467,2.387234761955993,0.03717517906069141,-2.1006814165743526,4.649163745437268
full_s46,drop_grp__grupo4,MAM,RandomForestRegressor,test,46,0.6392162083985133,2.1104044564484896,-0.05173029296285143,-2.8799820359281445,4.621199425013868
full_s46,drop_grp__grupo4,MAM,CatBoostRegressor,test,46,0.6372404733086827,2.1161750971892337,-0.013362929652025627,-2.6541781598545904,4.59990434290654
full_s46,full,MAM,BaggingRegressor,val,46,0.720313187402726,1.762398618045557,0.13140740740740747,-1.882201834862385,2.9351667192384103
full_s46,full,MAM,ExtraTreesRegressor,val,46,0.7433361803040615,1.6883033234691676,0.1189268518518515,-1.9778440366972483,3.0526617998429146
full_s46,full,MAM,MLPRegressor,val,46,0.6514860381548201,1.9673346420137494,0.06646672597637886,-1.6819766210853508,3.1567425571571377
full_s46,full,MAM,RandomForestRegressor,val,46,0.7443266492202576,1.6850425827128388,0.11105555555555538,-1.954954128440367,2.9600326089203066
full_s46,full,MAM,CatBoostRegressor,val,46,0.738050841262855,1.7055979007183082,0.10232058847960433,-1.8637894672475792,3.021653127492285
full_s46,full,MAM,BaggingRegressor,test,46,0.6143386499734936,2.1819522623152534,-0.05077016007248568,-2.8404790419161676,4.6843177661354
full_s46,full,MAM,ExtraTreesRegressor,test,46,0.64273274261048,2.1000942899974984,-0.04335215946843878,-2.833655688622755,4.64791222753295
full_s46,full,MAM,MLPRegressor,test,46,0.5476970779418511,2.362962790243336,-0.12105114174119587,-2.679107310814772,4.792290605860432
full_s46,full,MAM,RandomForestRegressor,test,46,0.6421210524763843,2.1018913446478455,-0.04454636061612831,-2.8430568862275445,4.6247540834443654
full_s46,full,MAM,CatBoostRegressor,test,46,0.6421941459143876,2.1016766878328026,0.0031923635519344826,-2.611446250712878,4.553334617596407
full_s46,add_grp__grupo2,SON,ExtraTreesRegressor,val,46,0.5744280735640104,2.3252329633680566,0.20042754275427538,-2.9072192982456144,4.739994508287587
full_s46,add_grp__grupo2,SON,HistGradientBoostingRegressor,val,46,0.5475173816255219,2.397623219711228,0.18023633728825889,-2.7859419693029595,4.919554670502105
full_s46,add_grp__grupo2,SON,RandomForestRegressor,val,46,0.5579881951041223,2.3697193759582755,0.2165238523852382,-2.863385964912281,4.77339315849994
full_s46,add_grp__grupo2,SON,LGBMRegressor,val,46,0.5369646084680781,2.425420695277976,0.19680387683332715,-2.7527980647551145,4.836732512783939
full_s46,add_grp__grupo2,SON,CatBoostRegressor,val,46,0.5790178266139276,2.3126602636313778,0.16617490970179585,-2.6951047639105226,4.688803618888412
full_s46,add_grp__grupo2,SON,ExtraTreesRegressor,test,46,0.6359820386847783,2.23094326778555,-0.03318389491719045,-3.1348676056338034,4.768871030066598
full_s46,add_grp__grupo2,SON,HistGradientBoostingRegressor,test,46,0.6272116766986265,2.257658605720391,-0.019891513397772093,-2.8714117889486306,4.631070290800777
full_s46,add_grp__grupo2,SON,RandomForestRegressor,test,46,0.6150726029304946,2.294122114600491,-0.018028840662479045,-3.1345014084507055,4.799492609919934
full_s46,add_grp__grupo2,SON,LGBMRegressor,test,46,0.6248473576812628,2.264806614539797,-0.01543114375666529,-2.8962691367745945,4.59722319118114
full_s46,add_grp__grupo2,SON,CatBoostRegressor,test,46,0.6431865077931911,2.20875605930205,-0.007550881413342671,-2.9489476126751577,4.60956137481102
full_s46,add_grp__grupo3,SON,ExtraTreesRegressor,val,46,0.5513066410053492,2.387562814381909,0.23027902790278995,-2.8929122807017547,4.839807396124246
full_s46,add_grp__grupo3,SON,HistGradientBoostingRegressor,val,46,0.5549782560814502,2.3777741486173833,0.2518851676635142,-2.738916682646491,4.8874334899669485
full_s46,add_grp__grupo3,SON,RandomForestRegressor,val,46,0.5095141750509893,2.4962795320737268,0.2630216021602158,-2.836421052631579,4.959263941564843
full_s46,add_grp__grupo3,SON,LGBMRegressor,val,46,0.5540372900431918,2.3802866362570145,0.2144090187236044,-2.7438050035806776,4.8937937187555525
full_s46,add_grp__grupo3,SON,CatBoostRegressor,val,46,0.5648781690985456,2.35117752707213,0.198417326214849,-2.7931974380187605,4.868475781894068
full_s46,add_grp__grupo3,SON,ExtraTreesRegressor,test,46,0.6344524573277035,2.2356254983632744,-0.032405482581382386,-3.1930957746478885,4.774364015754306
full_s46,add_grp__grupo3,SON,HistGradientBoostingRegressor,test,46,0.6264013036736162,2.2601111402085037,-0.0035308145842546652,-2.8796803139668072,4.642091245803323
full_s46,add_grp__grupo3,SON,RandomForestRegressor,test,46,0.6125183887735721,2.301720938120992,-0.020241576242147775,-3.174752112676057,4.8132810972481925
full_s46,add_grp__grupo3,SON,LGBMRegressor,test,46,0.6211771930677499,2.2758580921876375,0.019641228188111585,-2.952562661944423,4.702150919136388
full_s46,add_grp__grupo3,SON,CatBoostRegressor,test,46,0.6412449727966618,2.2147571768256147,0.009942004279730327,-2.917979014380858,4.594242591417708
full_s46,add_grp__grupo4,SON,ExtraTreesRegressor,val,46,0.5660042117752793,2.3481332747072896,0.2136921692169213,-2.7562017543859647,4.828597966756127
full_s46,add_grp__grupo4,SON,HistGradientBoostingRegressor,val,46,0.5563406560009296,2.3741316721432533,0.17821124663257987,-2.917776764760719,4.872065414624484
full_s46,add_grp__grupo4,SON,RandomForestRegressor,val,46,0.5339577907817616,2.4332829418067043,0.20329522952295204,-2.879263157894737,4.980048720962265
full_s46,add_grp__grupo4,SON,LGBMRegressor,val,46,0.5520432679848597,2.38560215953675,0.17131264454836556,-2.868389553914616,4.86787268252896
full_s46,add_grp__grupo4,SON,CatBoostRegressor,val,46,0.5732084885123387,2.328562354244821,0.17259508468283427,-2.8254818708869043,4.829828256631389
full_s46,add_grp__grupo4,SON,ExtraTreesRegressor,test,46,0.6280741995141346,2.255045313404018,-0.009569388920617079,-3.0930563380281706,4.761549472331963
full_s46,add_grp__grupo4,SON,HistGradientBoostingRegressor,test,46,0.6206638273452783,2.2773996466502,0.0014006386122251714,-2.9829427821902814,4.7384554499659215
full_s46,add_grp__grupo4,SON,RandomForestRegressor,test,46,0.6157463050352769,2.2921136426637334,-0.014235865219874726,-3.070543661971832,4.820213271828903
full_s46,add_grp__grupo4,SON,LGBMRegressor,test,46,0.6150679658065314,2.2941359329161974,-0.02277331213544017,-3.0848610253779474,4.833897596508461
full_s46,add_grp__grupo4,SON,CatBoostRegressor,test,46,0.6361826547414157,2.2303284289996927,0.018137218495031023,-2.9799026129889707,4.682991412740299
full_s46,base,SON,ExtraTreesRegressor,val,46,0.5586206395856627,2.368023434343199,0.2229765976597655,-2.939692982456141,4.826381341220065
full_s46,base,SON,HistGradientBoostingRegressor,val,46,0.5652625028958845,2.350138925292141,0.1744015691434725,-2.8723625788340192,4.7831795423808
full_s46,base,SON,RandomForestRegressor,val,46,0.5260911261661081,2.4537335768674287,0.21905850585058484,-2.9383508771929834,4.9734672874815535
full_s46,base,SON,LGBMRegressor,val,46,0.5639053667289988,2.3538043248365734,0.1755997754353844,-2.862423253964069,4.851060611841478
full_s46,base,SON,CatBoostRegressor,val,46,0.5807201579580848,2.30797965919038,0.14892356502844148,-2.8637068330066198,4.834247260668434
full_s46,base,SON,ExtraTreesRegressor,test,46,0.6263747739025883,2.2601913856258586,0.0013589377498569282,-3.1354056338028182,4.800738384815051
full_s46,base,SON,HistGradientBoostingRegressor,test,46,0.6216580357717915,2.2744132514601367,0.0006022094883840586,-2.9599308008654,4.714788479295389
full_s46,base,SON,RandomForestRegressor,test,46,0.6059025041942641,2.321287632479291,-0.03855825242718493,-3.184354929577466,4.866365440159946
full_s46,base,SON,LGBMRegressor,test,46,0.6203947261758367,2.278207297359203,0.01002838848206027,-2.9528940614783594,4.700087401640376
full_s46,base,SON,CatBoostRegressor,test,46,0.6389774794014487,2.2217452837878624,0.015036008570746438,-2.9373499821715203,4.668379743853812
full_s46,ctrl__noise,SON,ExtraTreesRegressor,val,46,0.5542902618701655,2.3796114330825624,0.20932133213321294,-3.003640350877193,4.932301924246915
full_s46,ctrl__noise,SON,HistGradientBoostingRegressor,val,46,0.5658289149575134,2.3486074483577526,0.14710568224277668,-2.92579630754965,4.865338407517368
full_s46,ctrl__noise,SON,RandomForestRegressor,val,46,0.5257247278236636,2.454681934516153,0.20501980198019754,-2.954333333333335,4.980377043078974
full_s46,ctrl__noise,SON,LGBMRegressor,val,46,0.5676048074861495,2.34379926519321,0.15220184831781877,-2.9073809087144253,4.8697719865556985
full_s46,ctrl__noise,SON,CatBoostRegressor,val,46,0.5759940449398828,2.3209509561716493,0.16137816775327002,-2.888624432273514,4.8863088729389625
full_s46,ctrl__noise,SON,ExtraTreesRegressor,test,46,0.6294354658828603,2.250914743110866,-0.019040262707024802,-3.1967183098591563,4.818763234175576
full_s46,ctrl__noise,SON,HistGradientBoostingRegressor,test,46,0.6227617899981619,2.271093203629023,0.004312227874742133,-2.9817914405415027,4.701240294281637
full_s46,ctrl__noise,SON,RandomForestRegressor,test,46,0.6056829256258052,2.32193421618341,-0.024643061107938673,-3.1572338028169025,4.8584053385656105
full_s46,ctrl__noise,SON,LGBMRegressor,test,46,0.6183963859919286,2.2841959619837313,-0.010649397507109857,-3.0090226213843807,4.728168634652471
full_s46,ctrl__noise,SON,CatBoostRegressor,test,46,0.6326777183725074,2.241045925395327,0.02641104771619585,-2.994110429524701,4.642172093149273
full_s46,ctrl__perm_static,SON,ExtraTreesRegressor,val,46,0.5611944182061038,2.3611091111855655,0.21223672367236684,-2.830894736842106,4.904786471736903
full_s46,ctrl__perm_static,SON,HistGradientBoostingRegressor,val,46,0.5564679819798379,2.373790971181017,0.18418025310110658,-2.881927438504656,4.873732935420868
full_s46,ctrl__perm_static,SON,RandomForestRegressor,val,46,0.5312695855594858,2.440290631530727,0.22071377137713738,-2.8458859649122816,4.908198534174956
full_s46,ctrl__perm_static,SON,LGBMRegressor,val,46,0.5616467681548281,2.359891803310197,0.15149413886297675,-2.8258482959847764,4.869782484343393
full_s46,ctrl__perm_static,SON,CatBoostRegressor,val,46,0.5785043313559167,2.3140702736596057,0.17479650392466697,-2.7929322984586746,4.7808070441677355
full_s46,ctrl__perm_static,SON,ExtraTreesRegressor,test,46,0.6279544550988287,2.25540829891241,-0.010915191319246493,-3.121591549295776,4.782307056252421
full_s46,ctrl__perm_static,SON,HistGradientBoostingRegressor,test,46,0.6118738803827654,2.3036343993669393,0.014498788524394726,-3.0838616719085175,4.783545277039445
full_s46,ctrl__perm_static,SON,RandomForestRegressor,test,46,0.6135996174311585,2.2985073337819606,-0.013182752712735953,-3.0958816901408466,4.830725762403544
full_s46,ctrl__perm_static,SON,LGBMRegressor,test,46,0.6140597843476392,2.2971382718291635,-0.024373274083395638,-3.089634175145488,4.816295161117049
full_s46,ctrl__perm_static,SON,CatBoostRegressor,test,46,0.6312393159029822,2.2454295097238557,0.030076170419948315,-2.954345365607756,4.680222508677483
full_s46,drop_grp__grupo1,SON,ExtraTreesRegressor,val,46,0.49553787014284345,2.5315952374826125,0.10218901890189003,-3.499429824561404,5.089622173444807
full_s46,drop_grp__grupo1,SON,HistGradientBoostingRegressor,val,46,0.47873148158758183,2.573420367229105,0.07068884552717385,-3.337695484860607,5.055718873612704
full_s46,drop_grp__grupo1,SON,RandomForestRegressor,val,46,0.46308572330004794,2.6117551604240776,0.10752565256525623,-3.5996403508771935,5.1677498284527745
full_s46,drop_grp__grupo1,SON,LGBMRegressor,val,46,0.47064015916204704,2.593316247337137,0.11187824319652123,-3.189680029426821,4.986543945221238
full_s46,drop_grp__grupo1,SON,CatBoostRegressor,val,46,0.4981361008474462,2.5250673342614927,0.10135131534568147,-3.263456643342231,4.947922528892941
full_s46,drop_grp__grupo1,SON,ExtraTreesRegressor,test,46,0.5882864616809542,2.3726009171838376,-0.09397344374643088,-3.599887323943662,4.937124806211878
full_s46,drop_grp__grupo1,SON,HistGradientBoostingRegressor,test,46,0.5691639819057235,2.427074579480244,-0.08837844928177759,-3.3718086523804067,4.865052131626533
full_s46,drop_grp__grupo1,SON,RandomForestRegressor,test,46,0.5698822539663561,2.4250505761680845,-0.07182981153626546,-3.6452140845070433,4.952119134099043
full_s46,drop_grp__grupo1,SON,LGBMRegressor,test,46,0.5743215606948269,2.4125034702886237,-0.08099106498572703,-3.291431013204504,4.783935296201742
full_s46,drop_grp__grupo1,SON,CatBoostRegressor,test,46,0.5905696922608747,2.366012930798454,-0.06049987059278048,-3.259767161584227,4.7243602939227545
full_s46,drop_grp__grupo2,SON,ExtraTreesRegressor,val,46,0.5699477449879538,2.337440690584084,0.21207290729072872,-2.6675350877192985,4.793499314221147
full_s46,drop_grp__grupo2,SON,HistGradientBoostingRegressor,val,46,0.5422519226572816,2.411533225107661,0.2389852871631829,-2.8165104957084264,4.9103028629456436
full_s46,drop_grp__grupo2,SON,RandomForestRegressor,val,46,0.5291149661565026,2.445892859343585,0.2352367236723669,-2.7209736842105277,5.0096001092288756
full_s46,drop_grp__grupo2,SON,LGBMRegressor,val,46,0.5457079446040505,2.4024123757209987,0.24179189661019798,-2.6860628197999374,4.928424480912372
full_s46,drop_grp__grupo2,SON,CatBoostRegressor,val,46,0.5628556624235522,2.356635491852375,0.24563521103395197,-2.7420595121515636,4.874571195548832
full_s46,drop_grp__grupo2,SON,ExtraTreesRegressor,test,46,0.6419431031808766,2.212601189999036,-0.0445279840091378,-3.1010112676056343,4.752878255909041
full_s46,drop_grp__grupo2,SON,HistGradientBoostingRegressor,test,46,0.6208511255819456,2.2768373411878295,0.026380865934852126,-2.946912587568988,4.656935456580368
full_s46,drop_grp__grupo2,SON,RandomForestRegressor,test,46,0.6160056755785657,2.291339925813138,-0.006978869217590313,-3.050954929577466,4.826356110966032
full_s46,drop_grp__grupo2,SON,LGBMRegressor,test,46,0.625370946764717,2.2632256019989443,0.013628562135399645,-2.8674098491689115,4.6742606341946304
full_s46,drop_grp__grupo2,SON,CatBoostRegressor,test,46,0.6474535142200681,2.195509470891568,0.01950801327514067,-2.8768510236897566,4.5610228620133375
full_s46,drop_grp__grupo3,SON,ExtraTreesRegressor,val,46,0.5728343432804217,2.329582793527457,0.20570207020702042,-2.73063157894737,4.747055604506935
full_s46,drop_grp__grupo3,SON,HistGradientBoostingRegressor,val,46,0.5423386050374152,2.4113048818909375,0.1928827234922678,-2.7361429165087445,4.907241445467465
full_s46,drop_grp__grupo3,SON,RandomForestRegressor,val,46,0.5543130068978477,2.379550715294941,0.21388568856885617,-2.8069473684210537,4.797016589287006
full_s46,drop_grp__grupo3,SON,LGBMRegressor,val,46,0.5630907525737073,2.356001723723234,0.1691279062032904,-2.6816326211444537,4.778385840269025
full_s46,drop_grp__grupo3,SON,CatBoostRegressor,val,46,0.5703270571008556,2.3364096354672026,0.14322925368358486,-2.78951138994036,4.777602021837552
full_s46,drop_grp__grupo3,SON,ExtraTreesRegressor,test,46,0.6370599908566994,2.227637616162795,-0.028150770988007168,-2.9945549295774656,4.721449348079346
full_s46,drop_grp__grupo3,SON,HistGradientBoostingRegressor,test,46,0.615123563361706,2.293970250479152,0.004671388912424247,-2.9848643866486704,4.7094333036915925
full_s46,drop_grp__grupo3,SON,RandomForestRegressor,test,46,0.6257656635344893,2.262032997576406,-0.005232438606510886,-3.0222140845070435,4.761454478930737
full_s46,drop_grp__grupo3,SON,LGBMRegressor,test,46,0.6198609329305933,2.2798085191280637,0.00045366894841183416,-2.9382975346736484,4.668791378929998
full_s46,drop_grp__grupo3,SON,CatBoostRegressor,test,46,0.6468821689294201,2.197287798337022,0.006891791372334754,-2.9012895593643875,4.5945426613936915
full_s46,drop_grp__grupo4,SON,ExtraTreesRegressor,val,46,0.5716104501466375,2.3329177070575784,0.18463546354635457,-2.9046403508771927,4.812607854339383
full_s46,drop_grp__grupo4,SON,HistGradientBoostingRegressor,val,46,0.5494198764463301,2.392577423000718,0.20480576596657538,-2.685023109779835,4.875493950660967
full_s46,drop_grp__grupo4,SON,RandomForestRegressor,val,46,0.538009161969462,2.4226834184421615,0.23400630063006253,-2.760622807017544,4.806407297975806
full_s46,drop_grp__grupo4,SON,LGBMRegressor,val,46,0.5583768052042073,2.368677436158993,0.19178082194814347,-2.667799333266541,4.821794958267939
full_s46,drop_grp__grupo4,SON,CatBoostRegressor,val,46,0.5698520092354236,2.3377008498883542,0.17090891329758398,-2.820463821319763,4.827784563625334
full_s46,drop_grp__grupo4,SON,ExtraTreesRegressor,test,46,0.6407952097438263,2.2161450374368608,-0.04126099371787577,-3.117766197183099,4.735276171430586
full_s46,drop_grp__grupo4,SON,HistGradientBoostingRegressor,test,46,0.6256491515211455,2.2623850944886272,-0.011979122182075908,-2.9433445656357,4.633637736773368
full_s46,drop_grp__grupo4,SON,RandomForestRegressor,test,46,0.6193653005116062,2.2812942634745665,-0.023546830382638936,-3.108405633802818,4.771156279968968
full_s46,drop_grp__grupo4,SON,LGBMRegressor,test,46,0.625103107591505,2.2640344983740186,-0.007150799193886189,-2.8901590295525597,4.634791894128103
full_s46,drop_grp__grupo4,SON,CatBoostRegressor,test,46,0.6490573252586471,2.1905098520342334,0.008422373255453483,-2.862197422232842,4.539635786739519
full_s46,full,SON,ExtraTreesRegressor,val,46,0.5762962666976091,2.320123648315828,0.22310801080107967,-2.701508771929825,4.671484004790933
full_s46,full,SON,HistGradientBoostingRegressor,val,46,0.5621448925213142,2.3585505861530014,0.21490305871628035,-2.648984606396018,4.76942467462946
full_s46,full,SON,RandomForestRegressor,val,46,0.5409847421122934,2.414868832824668,0.2219009900990094,-2.6707368421052635,4.925256796226154
full_s46,full,SON,LGBMRegressor,val,46,0.5606250580196368,2.362640410911844,0.18307363551728092,-2.6344191175883513,4.877999159686647
full_s46,full,SON,CatBoostRegressor,val,46,0.5708644034886473,2.3349482285267844,0.17142313066518539,-2.7027530156208432,4.752289751637678
full_s46,full,SON,ExtraTreesRegressor,test,46,0.6429732098361836,2.2094161419203453,-0.0404071958880643,-3.0302760563380295,4.714707905160819
full_s46,full,SON,HistGradientBoostingRegressor,test,46,0.625344194831849,2.2633064080362866,0.011062001046349008,-2.8684425916630736,4.60935497155517
full_s46,full,SON,RandomForestRegressor,test,46,0.6249950710261236,2.2643606959188634,-0.01858737864077702,-2.999557746478874,4.76985107010543
full_s46,full,SON,LGBMRegressor,test,46,0.621193924410024,2.2758078330949076,0.012644125548644096,-2.887148436695312,4.646871350976511
full_s46,full,SON,CatBoostRegressor,test,46,0.6484744352306469,2.192328235351465,0.003507636107261884,-2.873204586061934,4.531820404361173
