scheme,comparison,metric,effect,se_boot,se_rep,se,ci_lo,ci_hi,sesoi,n_models,n_units,verdict
mes (ano-mês),add_grp__grupo2,rmse,-0.007626693825179424,0.0061010556791703955,0.001724550885502536,0.00634010695154466,-0.020053303450206957,0.004799915799848109,0.02295685669583411,10,97,sem informação
mes (ano-mês),add_grp__grupo2,rmse_p90,0.014324229989125126,0.018158670860630124,0.0040852172467533265,0.018612531460762353,-0.022156331673969087,0.050804791652219336,0.04978016241737211,10,97,inconclusivo
mes (ano-mês),add_grp__grupo2,rmse_p95,0.029472625316532358,0.025339706653645964,0.006176399872599082,0.02608157680584269,-0.021647265222919314,0.08059251585598404,0.0643010653779092,10,97,inconclusivo
mes (ano-mês),add_grp__grupo2,rmse_p99,0.06720403853757012,0.05239509497319267,0.0121523176369304,0.053785916383368694,-0.038216357573832516,0.17262443464897276,0.11142938445422611,10,97,inconclusivo
mes (ano-mês),add_grp__grupo2,bias_p90,0.0420782938014575,0.02334016601236345,0.01074922916580727,0.025696483750578165,-0.008286814349675702,0.09244340195259071,0.030058755884130175,10,97,inconclusivo
mes (ano-mês),add_grp__grupo2,bias_p95,0.05665820085751303,0.030110037715627383,0.010118801290628535,0.031764831351602185,-0.005600868591627249,0.1189172703066533,0.04337803574170212,10,97,inconclusivo
mes (ano-mês),add_grp__grupo2,bias_p99,0.11042559724772198,0.05803157220144891,0.015281075180168123,0.060009787791942146,-0.007193586824484621,0.22804478131992859,0.09435688598456282,10,97,inconclusivo
mes (ano-mês),add_grp__grupo2,pinball_90,-0.009806625820348063,0.003409597980089131,0.0021583229916901704,0.004035308727010399,-0.017715830925288445,-0.0018974207154076796,0.007555421431906006,10,97,inconclusivo
mes (ano-mês),add_grp__grupo2,pinball_95,-0.010691199371202484,0.0037548885059932157,0.002423937541189253,0.00446930205916165,-0.019451031407159317,-0.0019313673352456505,0.0075451894562049305,10,97,inconclusivo
mes (ano-mês),add_grp__grupo2,pinball_99,-0.011398858211885961,0.0040429701146652165,0.0026380364142239445,0.0048275090337406516,-0.02086077591801764,-0.0019369405057542838,0.007537003875644068,10,97,inconclusivo
mes (ano-mês),add_grp__grupo3,rmse,-0.005992170078927277,0.004991679336923297,0.001300675203439347,0.005158354251843217,-0.01610254441253998,0.0041182042546854284,0.02295685669583411,10,97,sem informação
mes (ano-mês),add_grp__grupo3,rmse_p90,0.015236694942366357,0.015990831707980917,0.0018209944496919493,0.01609418278443416,-0.016307903315124595,0.04678129319985731,0.04978016241737211,10,97,sem informação
mes (ano-mês),add_grp__grupo3,rmse_p95,0.01727784876213228,0.02161798572551904,0.0021740381157782838,0.021727028065467256,-0.025307126246183538,0.0598628237704481,0.0643010653779092,10,97,sem informação
mes (ano-mês),add_grp__grupo3,rmse_p99,-0.057667688227045245,0.03982518545469793,0.006695076791955763,0.04038402468490812,-0.13682037660946517,0.02148500015537467,0.11142938445422611,10,97,inconclusivo
mes (ano-mês),add_grp__grupo3,bias_p90,0.018780819118376205,0.02178551980939043,0.009616673267321957,0.023813636389593412,-0.027893908205226883,0.06545554644197929,0.030058755884130175,10,97,inconclusivo
mes (ano-mês),add_grp__grupo3,bias_p95,0.003746804848875432,0.030212752081763664,0.01176862538354583,0.032423925298648744,-0.05980408873647611,0.06729769843422698,0.04337803574170212,10,97,inconclusivo
mes (ano-mês),add_grp__grupo3,bias_p99,-0.05760962597639537,0.045748421226221296,0.010879662390690183,0.047024303274234416,-0.14977726039389483,0.03455800844110408,0.09435688598456282,10,97,inconclusivo
mes (ano-mês),add_grp__grupo3,pinball_90,-0.004160941085661654,0.002582048321542475,0.0009283259232167693,0.0027438590624331597,-0.009538904848030647,0.0012170226767073394,0.007555421431906006,10,97,inconclusivo
mes (ano-mês),add_grp__grupo3,pinball_95,-0.004134604288183552,0.0028183925459644983,0.0010382504933843014,0.0030035480069679245,-0.010021558381840684,0.0017523498054735805,0.0075451894562049305,10,97,inconclusivo
mes (ano-mês),add_grp__grupo3,pinball_99,-0.004113534850201122,0.0030189503078851265,0.001133215260246574,0.003224629868300455,-0.010433809392070014,0.00220673969166777,0.007537003875644068,10,97,inconclusivo
mes (ano-mês),add_grp__grupo4,rmse,0.020910446211243095,0.003804787455198603,0.0018544715626854708,0.004232667286244662,0.012614418330203558,0.029206474092282633,0.02295685669583411,10,97,inconclusivo
mes (ano-mês),add_grp__grupo4,rmse_p90,0.019460965689588043,0.012284461907442331,0.007834282844212028,0.01456996884137082,-0.009096173239498764,0.04801810461867485,0.04978016241737211,10,97,sem informação
mes (ano-mês),add_grp__grupo4,rmse_p95,0.02113166727136697,0.019136075996781948,0.010780405108802385,0.02196375511756828,-0.021917292759066856,0.0641806273018008,0.0643010653779092,10,97,sem informação
mes (ano-mês),add_grp__grupo4,rmse_p99,0.01611488296361472,0.040950857935492614,0.02252902298246244,0.0467389520870678,-0.07549346312703817,0.1077232290542676,0.11142938445422611,10,97,sem informação
mes (ano-mês),add_grp__grupo4,bias_p90,0.001976746357279663,0.013717352681213128,0.011033626401976296,0.017604166443179674,-0.0325274198713525,0.03648091258591183,0.030058755884130175,10,97,inconclusivo
mes (ano-mês),add_grp__grupo4,bias_p95,-0.016776470285200212,0.01932891020206476,0.011790080531283364,0.02264095334860328,-0.06115273884846264,0.027599798278062214,0.04337803574170212,10,97,inconclusivo
mes (ano-mês),add_grp__grupo4,bias_p99,0.004119355908453902,0.04489900854194428,0.020401849861393633,0.049316898177160666,-0.092541764518781,0.1007804763356888,0.09435688598456282,10,97,inconclusivo
mes (ano-mês),add_grp__grupo4,pinball_90,0.014542241857919917,0.0034585972363468283,0.0010350991064499448,0.003610169664079431,0.0074663093163242315,0.0216181743995156,0.007555421431906006,10,97,inconclusivo
mes (ano-mês),add_grp__grupo4,pinball_95,0.014994448035936633,0.0038449700565590275,0.0011079705200531908,0.004001423922698327,0.007151657147447912,0.02283723892442535,0.0075451894562049305,10,97,inconclusivo
mes (ano-mês),add_grp__grupo4,pinball_99,0.015356212978349965,0.004159650668924324,0.0011670051608305152,0.004320254012542275,0.006888515113767105,0.023823910842932824,0.007537003875644068,10,97,inconclusivo
mes (ano-mês),drop_grp__grupo1,rmse,0.21621474117621067,0.014564691830610585,0.0017338985711728204,0.014667537365753321,0.18746636793933416,0.24496311441308719,0.02295685669583411,10,97,acrescenta
mes (ano-mês),drop_grp__grupo1,rmse_p90,0.3278427165815052,0.04837871064111041,0.007132223768641006,0.04890161816527401,0.23199554497756814,0.4236898881854423,0.04978016241737211,10,97,acrescenta
mes (ano-mês),drop_grp__grupo1,rmse_p95,0.34373971805709935,0.06632566619414218,0.009141902101829911,0.06695273235750888,0.21251236263638193,0.47496707347781675,0.0643010653779092,10,97,acrescenta
mes (ano-mês),drop_grp__grupo1,rmse_p99,0.24758762606923934,0.13503995488855142,0.023997690251742414,0.13715567269974865,-0.021237492422268023,0.5164127445607467,0.11142938445422611,10,97,inconclusivo
mes (ano-mês),drop_grp__grupo1,bias_p90,0.6673848125914305,0.04636833630768644,0.019957729240971358,0.05048102186365324,0.5684420097386701,0.7663276154441908,0.030058755884130175,10,97,acrescenta
mes (ano-mês),drop_grp__grupo1,bias_p95,0.7147519829773155,0.07195657121552541,0.0238479985295254,0.07580550886946955,0.5661731855931551,0.8633307803614758,0.04337803574170212,10,97,acrescenta
mes (ano-mês),drop_grp__grupo1,bias_p99,0.4335134401095223,0.12779041017807158,0.028207780109137538,0.1308666030435773,0.1770148981441108,0.6900119820749337,0.09435688598456282,10,97,acrescenta
mes (ano-mês),drop_grp__grupo1,pinball_90,0.1276072327042535,0.008291730631314033,0.0018375912641734771,0.008492911074327699,0.11096112699857122,0.1442533384099358,0.007555421431906006,10,97,acrescenta
mes (ano-mês),drop_grp__grupo1,pinball_95,0.12917707265036582,0.008934549441398796,0.0020908613543780077,0.009175940002203098,0.11119223024604775,0.1471619150546839,0.0075451894562049305,10,97,acrescenta
mes (ano-mês),drop_grp__grupo1,pinball_99,0.13043294460725557,0.009467665718070822,0.0022941137808390618,0.009741645250601625,0.11133931991607639,0.14952656929843475,0.007537003875644068,10,97,acrescenta
mes (ano-mês),drop_grp__grupo2,rmse,-0.011345466249182196,0.006204677779770311,0.0018130178487921259,0.006464136452057171,-0.024015173695214248,0.001324241196849858,0.02295685669583411,10,97,inconclusivo
mes (ano-mês),drop_grp__grupo2,rmse_p90,-0.0027382295387839055,0.01704632191921818,0.008556146211128463,0.019073141559790986,-0.04012158699597424,0.034645127918406425,0.04978016241737211,10,97,sem informação
mes (ano-mês),drop_grp__grupo2,rmse_p95,0.0014118539812486292,0.0223565033644151,0.010852929586484414,0.024851545692215853,-0.04729717557549444,0.0501208835379917,0.0643010653779092,10,97,sem informação
mes (ano-mês),drop_grp__grupo2,rmse_p99,0.0342003513667007,0.050574677828461916,0.021697032087683026,0.05503234720477279,-0.07366304915465396,0.14206375188805537,0.11142938445422611,10,97,inconclusivo
mes (ano-mês),drop_grp__grupo2,bias_p90,0.03047503662193122,0.024022745846204223,0.02755835392050486,0.03655892762102204,-0.04118046151527197,0.10213053475913442,0.030058755884130175,10,97,inconclusivo
mes (ano-mês),drop_grp__grupo2,bias_p95,0.04258346688845267,0.030900917920313423,0.03403179357040084,0.04596770281334846,-0.04751323062571031,0.13268016440261565,0.04337803574170212,10,97,inconclusivo
mes (ano-mês),drop_grp__grupo2,bias_p99,0.09361877424646395,0.06201340365774922,0.032214134125141326,0.06988141863651266,-0.043348806281100855,0.23058635477402875,0.09435688598456282,10,97,inconclusivo
mes (ano-mês),drop_grp__grupo2,pinball_90,-0.011082907711015182,0.002491095005417991,0.001712558159756032,0.0030229802805452483,-0.01700794906088387,-0.005157866361146495,0.007555421431906006,10,97,inconclusivo
mes (ano-mês),drop_grp__grupo2,pinball_95,-0.012149660445769544,0.002789309617915438,0.0018576512400619895,0.0033512857643446963,-0.01871818054388515,-0.0055811403476539395,0.0075451894562049305,10,97,inconclusivo
mes (ano-mês),drop_grp__grupo2,pinball_99,-0.013003062633573032,0.0030412100307941436,0.0019767153007273306,0.003627169947980444,-0.0201123157316147,-0.005893809535531361,0.007537003875644068,10,97,inconclusivo
mes (ano-mês),drop_grp__grupo3,rmse,-0.0065675766660283855,0.004204074327979867,0.001409806217299496,0.004434162212359363,-0.015258534602252736,0.002123381270195965,0.02295685669583411,10,97,sem informação
mes (ano-mês),drop_grp__grupo3,rmse_p90,8.717190192630425e-05,0.011461589195703677,0.006346635616151984,0.013101443070718588,-0.02559165651668213,0.02576600032053474,0.04978016241737211,10,97,sem informação
mes (ano-mês),drop_grp__grupo3,rmse_p95,-0.005184185357849636,0.015489109839775823,0.008715906883824143,0.017773000771848665,-0.04001926687067302,0.02965089615497375,0.0643010653779092,10,97,sem informação
mes (ano-mês),drop_grp__grupo3,rmse_p99,-0.056198011799979644,0.03147509479374844,0.019507043834643835,0.03702980355662403,-0.12877642677096274,0.016380403171003463,0.11142938445422611,10,97,inconclusivo
mes (ano-mês),drop_grp__grupo3,bias_p90,0.02203719636323869,0.014331991282103202,0.020072161460775357,0.024663690717686957,-0.026303637443427744,0.07037803016990513,0.030058755884130175,10,97,inconclusivo
mes (ano-mês),drop_grp__grupo3,bias_p95,0.011611100466016502,0.017632228543776173,0.024408945152342456,0.030111328214976127,-0.0474071028353367,0.0706293037673697,0.04337803574170212,10,97,inconclusivo
mes (ano-mês),drop_grp__grupo3,bias_p99,-0.06109091395507408,0.03579316300502812,0.026445921744046294,0.04450322791435172,-0.14831724066720345,0.026135412757055283,0.09435688598456282,10,97,inconclusivo
mes (ano-mês),drop_grp__grupo3,pinball_90,-0.003521741861754453,0.0021489392435713405,0.0019110709072777848,0.002875783699307808,-0.009158277912397757,0.002114794188888851,0.007555421431906006,10,97,inconclusivo
mes (ano-mês),drop_grp__grupo3,pinball_95,-0.0037180565016028443,0.0023606248547983315,0.002115799342317852,0.003170040466941124,-0.009931335816807448,0.002495222813601759,0.0075451894562049305,10,97,inconclusivo
mes (ano-mês),drop_grp__grupo3,pinball_99,-0.003875108213481613,0.0025360315511925606,0.0022806058622117575,0.003410662564282603,-0.010560006839475514,0.0028097904125122886,0.007537003875644068,10,97,inconclusivo
mes (ano-mês),drop_grp__grupo4,rmse,0.02126553224581535,0.004099381957796478,0.001680609514134202,0.004430505701938062,0.01258174107001675,0.029949323421613952,0.02295685669583411,10,97,inconclusivo
mes (ano-mês),drop_grp__grupo4,rmse_p90,0.021950432835314865,0.013413797674234208,0.006071050374095798,0.01472370947452101,-0.006908037734746315,0.05080890340537604,0.04978016241737211,10,97,inconclusivo
mes (ano-mês),drop_grp__grupo4,rmse_p95,0.024418633954876527,0.020876757354017797,0.007022505204911423,0.022026224755312566,-0.0187527665655361,0.06759003447528916,0.0643010653779092,10,97,inconclusivo
mes (ano-mês),drop_grp__grupo4,rmse_p99,0.02639336464307256,0.05048168794304081,0.014727858127022935,0.052586220843375574,-0.07667562820994357,0.1294623574960887,0.11142938445422611,10,97,inconclusivo
mes (ano-mês),drop_grp__grupo4,bias_p90,0.0341486303804996,0.014110941509052339,0.016305074435072398,0.021563258626774103,-0.008115356527977638,0.07641261728897684,0.030058755884130175,10,97,inconclusivo
mes (ano-mês),drop_grp__grupo4,bias_p95,0.04268114592536483,0.01918200101761144,0.013559363812231573,0.023490540862911212,-0.003360314165941146,0.08872260601667081,0.04337803574170212,10,97,inconclusivo
mes (ano-mês),drop_grp__grupo4,bias_p99,0.0735304107141844,0.052459870982396635,0.010271017257279197,0.053455887037715755,-0.031243127879738486,0.17830394930810728,0.09435688598456282,10,97,inconclusivo
mes (ano-mês),drop_grp__grupo4,pinball_90,0.014288009737850165,0.003417583616828601,0.001405876568428087,0.003695452164982033,0.007044923494485381,0.02153109598121495,0.007555421431906006,10,97,inconclusivo
mes (ano-mês),drop_grp__grupo4,pinball_95,0.014488058198740324,0.0037963886758149994,0.0016383799582540817,0.004134834442328376,0.006383782691776708,0.02259233370570394,0.0075451894562049305,10,97,inconclusivo
mes (ano-mês),drop_grp__grupo4,pinball_99,0.01464809696745234,0.004104739426198153,0.0018249802796444048,0.004492153022557948,0.005843477043238761,0.02345271689166592,0.007537003875644068,10,97,inconclusivo
mes (ano-mês),ctrl__noise,rmse,-0.0022928691514817775,0.0013032328616571338,0.0006356322896064246,0.0014499807927325615,-0.005134831505237598,0.0005490932022740431,0.02295685669583411,10,97,sem informação
mes (ano-mês),ctrl__noise,rmse_p90,0.009501917327073919,0.0043286807024431806,0.004762861695151426,0.006436018035310708,-0.0031126780221350688,0.022116512676282906,0.04978016241737211,10,97,sem informação
mes (ano-mês),ctrl__noise,rmse_p95,0.01442893453088102,0.006850551092737835,0.005351771048756246,0.008693187196449704,-0.0026097123741603973,0.03146758143592244,0.0643010653779092,10,97,sem informação
mes (ano-mês),ctrl__noise,rmse_p99,0.02888690952251146,0.012115875770168502,0.00983932817196714,0.015607909038491428,-0.0017045921929317379,0.05947841123795466,0.11142938445422611,10,97,sem informação
mes (ano-mês),ctrl__noise,bias_p90,0.006184958239856089,0.004508191307269827,0.009800295236191484,0.010787473085920572,-0.014958489008548232,0.02732840548826041,0.030058755884130175,10,97,sem informação
mes (ano-mês),ctrl__noise,bias_p95,0.011821828974067541,0.007551514437989806,0.00978574619939986,0.012360671461787069,-0.012405087091035112,0.036048745039170195,0.04337803574170212,10,97,sem informação
mes (ano-mês),ctrl__noise,bias_p99,0.03728903425796117,0.0146932892185841,0.012944224550825738,0.019581769513584812,-0.0010912339886650566,0.0756693025045874,0.09435688598456282,10,97,sem informação
mes (ano-mês),ctrl__noise,pinball_90,0.000230600568925048,0.0006426449820110763,0.0012489460851407667,0.0014045849552421041,-0.002522385943349476,0.0029835870811995716,0.007555421431906006,10,97,sem informação
mes (ano-mês),ctrl__noise,pinball_95,0.000445489112136741,0.0006935852009428995,0.0013826583686809512,0.0015468692884178907,-0.0025863746931623246,0.003477352917435807,0.0075451894562049305,10,97,sem informação
mes (ano-mês),ctrl__noise,pinball_99,0.0006173999467061763,0.000736496264698211,0.0014896960048539304,0.0016618125450219045,-0.0026397526415367564,0.003874552534949109,0.007537003875644068,10,97,sem informação
mes (ano-mês),ctrl__perm_static,rmse,0.01938010301860888,0.0035794313312024766,0.0012366453413500283,0.003787033186423993,0.011957517973217854,0.026802688063999908,0.02295685669583411,10,97,inconclusivo
mes (ano-mês),ctrl__perm_static,rmse_p90,0.032078318028536515,0.010406327980946128,0.005048455085379583,0.0115662682312022,0.0094084322953802,0.05474820376169283,0.04978016241737211,10,97,inconclusivo
mes (ano-mês),ctrl__perm_static,rmse_p95,0.040301738765162985,0.016582647163541134,0.007128770062084785,0.01805002907334432,0.004923681781408118,0.07567979574891785,0.0643010653779092,10,97,inconclusivo
mes (ano-mês),ctrl__perm_static,rmse_p99,0.056892708292399764,0.0356560870951038,0.011202033080655645,0.03737435072444378,-0.016361019127510056,0.13014643571230958,0.11142938445422611,10,97,inconclusivo
mes (ano-mês),ctrl__perm_static,bias_p90,0.037710563585326484,0.013676215430122846,0.017342090554739672,0.022085899875257997,-0.005577800170179191,0.08099892734083217,0.030058755884130175,10,97,inconclusivo
mes (ano-mês),ctrl__perm_static,bias_p95,0.030299189359624945,0.017647355379617643,0.02179232280076886,0.028041656244726883,-0.024662456880039742,0.08526083559928962,0.04337803574170212,10,97,inconclusivo
mes (ano-mês),ctrl__perm_static,bias_p99,0.05427625869376664,0.04210008524459182,0.02167444634422753,0.04735186165221697,-0.03853339014457862,0.1470859075321119,0.09435688598456282,10,97,inconclusivo
mes (ano-mês),ctrl__perm_static,pinball_90,0.01392388429387979,0.0034860500859661726,0.0007727689639557315,0.003570674596419838,0.006925362084896907,0.020922406502862673,0.007555421431906006,10,97,inconclusivo
mes (ano-mês),ctrl__perm_static,pinball_95,0.01437693490812017,0.003879704385874038,0.0008892325991566939,0.003980306613462488,0.006575533945733694,0.022178335870506646,0.0075451894562049305,10,97,inconclusivo
mes (ano-mês),ctrl__perm_static,pinball_99,0.0147393753995124,0.00420025852935951,0.0009832118802300916,0.004313800796847591,0.006284325837691122,0.023194424961333678,0.007537003875644068,10,97,inconclusivo
mes (ano-mês),full_vs_base,rmse,0.005250376376439733,0.008153936856730675,0.0012428014049713457,0.00824810533369632,-0.010915910077605053,0.021416662830484517,0.02295685669583411,10,97,sem informação
mes (ano-mês),full_vs_base,rmse_p90,0.03480581554793824,0.024946357991857602,0.006303844125374039,0.025730511611993464,-0.01562598721156895,0.08523761830744543,0.04978016241737211,10,97,inconclusivo
mes (ano-mês),full_vs_base,rmse_p95,0.04603234368590607,0.03492919707341936,0.00817172886491153,0.03587235649961396,-0.0242774750533373,0.11634216242514944,0.0643010653779092,10,97,inconclusivo
mes (ano-mês),full_vs_base,rmse_p99,0.009806456891772336,0.05926983242438408,0.020855416380740472,0.06283200958133225,-0.11334428188763887,0.13295719567118355,0.11142938445422611,10,97,inconclusivo
mes (ano-mês),full_vs_base,bias_p90,0.07954364775255815,0.031939099182308334,0.019021018869594977,0.037173985734849806,0.006682635712252527,0.15240465979286377,0.030058755884130175,10,97,inconclusivo
mes (ano-mês),full_vs_base,bias_p95,0.07836596444206056,0.03918924534655343,0.023956292446458895,0.04593148047486193,-0.011659737288668814,0.16839166617278994,0.04337803574170212,10,97,inconclusivo
mes (ano-mês),full_vs_base,bias_p99,0.08069142663650004,0.06419223899470027,0.02748677574064139,0.06982955239559416,-0.0561744960588645,0.2175573493318646,0.09435688598456282,10,97,inconclusivo
mes (ano-mês),full_vs_base,pinball_90,0.0009710798362156714,0.004978318281751124,0.0008443827414129799,0.0050494192862559515,-0.008925781964845994,0.010867941637277336,0.007555421431906006,10,97,inconclusivo
mes (ano-mês),full_vs_base,pinball_95,0.00031244616950143917,0.005552646964130529,0.0009074253734951286,0.005626305103416518,-0.010715111833194936,0.011340004172197816,0.0075451894562049305,10,97,inconclusivo
mes (ano-mês),full_vs_base,pinball_99,-0.00021446076387002583,0.006026591033840578,0.0009607791855012782,0.006102695808612793,-0.0121757445487511,0.011746823021011049,0.007537003875644068,10,97,inconclusivo
mes (ano-mês),real_vs_perm_static,rmse,0.001530343192634218,0.0020730398467457153,0.0017935262529817227,0.0027412097012687953,-0.003842427821852621,0.0069031142071210565,0.02295685669583411,10,97,sem informação
mes (ano-mês),real_vs_perm_static,rmse_p90,-0.012617352338948465,0.006973297230305246,0.008147209559714147,0.010723987032446486,-0.03363636692254358,0.008401662244646647,0.04978016241737211,10,97,sem informação
mes (ano-mês),real_vs_perm_static,rmse_p95,-0.01917007149379602,0.009883046817092723,0.011046569006370667,0.014822324419650099,-0.04822182735631021,0.009881684368718176,0.0643010653779092,10,97,sem informação
mes (ano-mês),real_vs_perm_static,rmse_p99,-0.04077782532878505,0.018625552899528466,0.02375168117585334,0.030183664116414346,-0.09993780699695717,0.018382156339387064,0.11142938445422611,10,97,sem informação
mes (ano-mês),real_vs_perm_static,bias_p90,-0.03573381722804682,0.007130615196996372,0.018580676894311792,0.019901940280747696,-0.0747416201783123,0.003273985722218667,0.030058755884130175,10,97,inconclusivo
mes (ano-mês),real_vs_perm_static,bias_p95,-0.04707565964482516,0.010316032763953703,0.02258663176466998,0.024830957824050308,-0.09574433697996376,0.0015930176903134474,0.04337803574170212,10,97,inconclusivo
mes (ano-mês),real_vs_perm_static,bias_p99,-0.05015690278531274,0.02257150394551744,0.029897494676909993,0.03746108618711383,-0.12358063171205586,0.023266826141430365,0.09435688598456282,10,97,inconclusivo
mes (ano-mês),real_vs_perm_static,pinball_90,0.0006183575640401262,0.0010638420175309708,0.0009529819354259864,0.001428262723560559,-0.0021810373741385693,0.0034177525022188217,0.007555421431906006,10,97,sem informação
mes (ano-mês),real_vs_perm_static,pinball_95,0.0006175131278164646,0.001149816703135395,0.0010056306492808185,0.001527537709381379,-0.0023764607825710383,0.0036114870382039674,0.0075451894562049305,10,97,sem informação
mes (ano-mês),real_vs_perm_static,pinball_99,0.0006168375788375656,0.001220937299808721,0.0010496970063443676,0.0016101402718994822,-0.00253903735408542,0.0037727125117605507,0.007537003875644068,10,97,sem informação
mes (ano-mês),base_vs_era5,rmse,0.335223922431819,0.016819036106374936,0.0006067633796423657,0.016829977342421434,0.302237166840673,0.368210678022965,0.02295685669583411,10,97,acrescenta
mes (ano-mês),base_vs_era5,rmse_p90,0.29154758055358615,0.05938912706397751,0.0033594008478777825,0.05948406498784349,0.1749588131774129,0.4081363479297594,0.04978016241737211,10,97,acrescenta
mes (ano-mês),base_vs_era5,rmse_p95,0.2829302781292206,0.09570332390020264,0.004737697185868613,0.0958205196196101,0.09512205967478482,0.4707384965836564,0.0643010653779092,10,97,acrescenta
mes (ano-mês),base_vs_era5,rmse_p99,0.3797184049931713,0.22649544635302513,0.009855373392430332,0.22670976071479654,-0.06463272600782993,0.8240695359941725,0.11142938445422611,10,97,inconclusivo
mes (ano-mês),base_vs_era5,bias_p90,-0.034294797220449445,0.08699217962976002,0.003919283615710261,0.0870804231776397,-0.20497242664862325,0.13638283220772435,0.030058755884130175,10,97,inconclusivo
mes (ano-mês),base_vs_era5,bias_p95,-0.06679310790660643,0.12448744146146173,0.005204230636082557,0.12459617609756089,-0.31100161305782575,0.17741539724461292,0.04337803574170212,10,97,inconclusivo
mes (ano-mês),base_vs_era5,bias_p99,-0.048370070837092015,0.30780658836901503,0.012003154575389335,0.3080405355844145,-0.6521295205825445,0.5553893789083605,0.09435688598456282,10,97,inconclusivo
mes (ano-mês),base_vs_era5,pinball_90,0.12343257187470588,0.012679668487517767,0.0010121612207813408,0.012720002487822268,0.09850136699857423,0.14836377675083753,0.007555421431906006,10,97,acrescenta
mes (ano-mês),base_vs_era5,pinball_95,0.12053769656303384,0.01423542314241415,0.00113700844622893,0.014280758391989423,0.09254741011473458,0.1485279830113331,0.0075451894562049305,10,97,acrescenta
mes (ano-mês),base_vs_era5,pinball_99,0.11822179631369609,0.015505591073536504,0.0012370583541419279,0.015554859945087492,0.08773427082132461,0.14870932180606758,0.007537003875644068,10,97,acrescenta
mes (ano-mês),full_vs_era5,rmse,0.34047429880825875,0.019956379495969786,0.0012769058287998378,0.019997189079537812,0.30127980821236466,0.37966878940415283,0.02295685669583411,10,97,acrescenta
mes (ano-mês),full_vs_era5,rmse_p90,0.3263533961015243,0.06653144520420327,0.00627107224374079,0.06682633872992085,0.19537377219087945,0.45733302001216913,0.04978016241737211,10,97,acrescenta
mes (ano-mês),full_vs_era5,rmse_p95,0.32896262181512664,0.10233231695337927,0.008315150271483577,0.1026695905177586,0.12773022440031978,0.5301950192299335,0.0643010653779092,10,97,acrescenta
mes (ano-mês),full_vs_era5,rmse_p99,0.3895248618849436,0.2423258401883933,0.01912241212740797,0.24307916296667872,-0.08691029752974666,0.8659600212996339,0.11142938445422611,10,97,inconclusivo
mes (ano-mês),full_vs_era5,bias_p90,0.0452488505321087,0.09887288094903446,0.016012775307161446,0.1001611479576766,-0.15106699946493743,0.24156470052915482,0.030058755884130175,10,97,inconclusivo
mes (ano-mês),full_vs_era5,bias_p95,0.011572856535454132,0.13577709116768247,0.02052406168707428,0.1373195382824017,-0.2575734384980532,0.2807191515689615,0.04337803574170212,10,97,inconclusivo
mes (ano-mês),full_vs_era5,bias_p99,0.03232135579940802,0.2999909774872436,0.023737960256989037,0.3009286914385438,-0.5574988794201379,0.6221415910189538,0.09435688598456282,10,97,inconclusivo
mes (ano-mês),full_vs_era5,pinball_90,0.12440365171092156,0.013771453928678396,0.0010324019035233575,0.013810097646291654,0.09733586032418992,0.1514714430976532,0.007555421431906006,10,97,acrescenta
mes (ano-mês),full_vs_era5,pinball_95,0.12085014273253528,0.015491894514001266,0.001166080661109045,0.015535718191997274,0.09040013507622062,0.15130015038884992,0.0075451894562049305,10,97,acrescenta
mes (ano-mês),full_vs_era5,pinball_99,0.11800733554982605,0.01689873641363623,0.001275447520249003,0.01694680084129345,0.08479160590089088,0.15122306519876122,0.007537003875644068,10,97,acrescenta
evento,add_grp__grupo2,rmse,-0.007626693825179424,0.0058248286017921775,0.001724550885502536,0.006074759583468616,-0.019533222608777913,0.0042798349584190635,0.02295685669583411,10,691,sem informação
evento,add_grp__grupo2,rmse_p90,0.014324229989125126,0.019491766258047948,0.0040852172467533265,0.019915269313055935,-0.024709697864464506,0.05335815784271476,0.04978016241737211,10,691,inconclusivo
evento,add_grp__grupo2,rmse_p95,0.029472625316532358,0.026095514242988588,0.006176399872599082,0.026816483344992537,-0.023087682039653015,0.08203293267271773,0.0643010653779092,10,691,inconclusivo
evento,add_grp__grupo2,rmse_p99,0.06720403853757012,0.049942883165783686,0.0121523176369304,0.051400101195036275,-0.03354015980470097,0.16794823687984123,0.11142938445422611,10,691,inconclusivo
evento,add_grp__grupo2,bias_p90,0.0420782938014575,0.021878765726109407,0.01074922916580727,0.02437675772856229,-0.005700151346524587,0.08985673894943959,0.030058755884130175,10,691,inconclusivo
evento,add_grp__grupo2,bias_p95,0.05665820085751303,0.02887033724677682,0.010118801290628535,0.030592262294604083,-0.0033026332399109723,0.11661903495493703,0.04337803574170212,10,691,inconclusivo
evento,add_grp__grupo2,bias_p99,0.11042559724772198,0.053178439126094344,0.015281075180168123,0.0553304405056536,0.00197793385664094,0.21887326063880302,0.09435688598456282,10,691,inconclusivo
evento,add_grp__grupo2,pinball_90,-0.009806625820348063,0.0029263078127992415,0.0021583229916901704,0.0036361567006536295,-0.016933492953629177,-0.0026797586870669493,0.007555421431906006,10,691,inconclusivo
evento,add_grp__grupo2,pinball_95,-0.010691199371202484,0.0032241217569158116,0.002423937541189253,0.004033662641694829,-0.018597178148924347,-0.0027852205934806203,0.0075451894562049305,10,691,inconclusivo
evento,add_grp__grupo2,pinball_99,-0.011398858211885961,0.0034742276377914055,0.0026380364142239445,0.004362280802741288,-0.019948928585258888,-0.002848787838513037,0.007537003875644068,10,691,inconclusivo
evento,add_grp__grupo3,rmse,-0.005992170078927277,0.004903259028668333,0.001300675203439347,0.005072839942976667,-0.015934936367161544,0.00395059620930699,0.02295685669583411,10,691,sem informação
evento,add_grp__grupo3,rmse_p90,0.015236694942366357,0.01671696311661601,0.0018209944496919493,0.016815851944760603,-0.017722374869364423,0.048195764754097134,0.04978016241737211,10,691,sem informação
evento,add_grp__grupo3,rmse_p95,0.01727784876213228,0.022168562564476163,0.0021740381157782838,0.022274909829311334,-0.026380974503317937,0.060936672027582496,0.0643010653779092,10,691,sem informação
evento,add_grp__grupo3,rmse_p99,-0.057667688227045245,0.04295804651469092,0.006695076791955763,0.0434766352608908,-0.1428818933383912,0.02754651688430073,0.11142938445422611,10,691,inconclusivo
evento,add_grp__grupo3,bias_p90,0.018780819118376205,0.021900475691855447,0.009616673267321957,0.023918846967610624,-0.028100120938140617,0.06566175917489303,0.030058755884130175,10,691,inconclusivo
evento,add_grp__grupo3,bias_p95,0.003746804848875432,0.029887336485455756,0.01176862538354583,0.032120918816451904,-0.0592101960313703,0.06670380572912117,0.04337803574170212,10,691,inconclusivo
evento,add_grp__grupo3,bias_p99,-0.05760962597639537,0.04753605106710514,0.010879662390690183,0.04876518435102882,-0.15318938730441187,0.037970135351621116,0.09435688598456282,10,691,inconclusivo
evento,add_grp__grupo3,pinball_90,-0.004160941085661654,0.0026441059413929127,0.0009283259232167693,0.0028023356774350867,-0.009653519013434423,0.0013316368421111167,0.007555421431906006,10,691,inconclusivo
evento,add_grp__grupo3,pinball_95,-0.004134604288183552,0.0028873058641704988,0.0010382504933843014,0.0030683055976036835,-0.010148483259486772,0.0018792746831196678,0.0075451894562049305,10,691,inconclusivo
evento,add_grp__grupo3,pinball_99,-0.004113534850201122,0.003089939573373131,0.001133215260246574,0.003291185712346393,-0.01056425884640005,0.0023371891459978084,0.007537003875644068,10,691,inconclusivo
evento,add_grp__grupo4,rmse,0.020910446211243095,0.004078882428128508,0.0018544715626854708,0.004480663638268845,0.012128345480236159,0.02969254694225003,0.02295685669583411,10,691,inconclusivo
evento,add_grp__grupo4,rmse_p90,0.019460965689588043,0.014410873723878573,0.007834282844212028,0.016402721395204174,-0.012688368245012134,0.05161029962418822,0.04978016241737211,10,691,inconclusivo
evento,add_grp__grupo4,rmse_p95,0.02113166727136697,0.02115890262032782,0.010780405108802385,0.023746921788021454,-0.02541229943315508,0.06767563397588902,0.0643010653779092,10,691,inconclusivo
evento,add_grp__grupo4,rmse_p99,0.01611488296361472,0.04666792546971309,0.02252902298246244,0.05182134834400796,-0.08545495979064088,0.11768472571787031,0.11142938445422611,10,691,inconclusivo
evento,add_grp__grupo4,bias_p90,0.001976746357279663,0.012813572928234322,0.011033626401976296,0.01690942230726904,-0.031165721364967657,0.035119214079526985,0.030058755884130175,10,691,inconclusivo
evento,add_grp__grupo4,bias_p95,-0.016776470285200212,0.017490700677734713,0.011790080531283364,0.02109337832430492,-0.05811949180083785,0.024566551230437425,0.04337803574170212,10,691,inconclusivo
evento,add_grp__grupo4,bias_p99,0.004119355908453902,0.04003520047489563,0.020401849861393633,0.044933870908613366,-0.0839510310724283,0.0921897428893361,0.09435688598456282,10,691,sem informação
evento,add_grp__grupo4,pinball_90,0.014542241857919917,0.0021725864894348154,0.0010350991064499448,0.0024065664782524023,0.009825371560545209,0.019259112155294626,0.007555421431906006,10,691,acrescenta
evento,add_grp__grupo4,pinball_95,0.014994448035936633,0.0023312397586072783,0.0011079705200531908,0.0025811387962328294,0.009935415995320288,0.020053480076552978,0.0075451894562049305,10,691,acrescenta
evento,add_grp__grupo4,pinball_99,0.015356212978349965,0.002465019075859695,0.0011670051608305152,0.0027273100465031916,0.010010685287203709,0.02070174066949622,0.007537003875644068,10,691,acrescenta
evento,drop_grp__grupo1,rmse,0.21621474117621067,0.014027306639269368,0.0017338985711728204,0.014134062961767422,0.18851197777114653,0.2439175045812748,0.02295685669583411,10,691,acrescenta
evento,drop_grp__grupo1,rmse_p90,0.3278427165815052,0.044377812084164366,0.007132223768641006,0.04494728936502592,0.2397460294260544,0.41593940373695604,0.04978016241737211,10,691,acrescenta
evento,drop_grp__grupo1,rmse_p95,0.34373971805709935,0.06120215146548171,0.009141902101829911,0.06188115802118774,0.22245264833557138,0.4650267877786273,0.0643010653779092,10,691,acrescenta
evento,drop_grp__grupo1,rmse_p99,0.24758762606923934,0.11622701452387076,0.023997690251742414,0.11867859134043779,0.014977587041981266,0.4801976650964974,0.11142938445422611,10,691,inconclusivo
evento,drop_grp__grupo1,bias_p90,0.6673848125914305,0.04743934651737839,0.019957729240971358,0.051466518771448144,0.5665104357993921,0.7682591893834688,0.030058755884130175,10,691,acrescenta
evento,drop_grp__grupo1,bias_p95,0.7147519829773155,0.06922476677494398,0.0238479985295254,0.07321745262510594,0.5712457758321078,0.8582581901225231,0.04337803574170212,10,691,acrescenta
evento,drop_grp__grupo1,bias_p99,0.4335134401095223,0.12951467734727026,0.028207780109137538,0.13255086007662484,0.1737137543593376,0.693313125859707,0.09435688598456282,10,691,acrescenta
evento,drop_grp__grupo1,pinball_90,0.1276072327042535,0.008440824294646583,0.0018375912641734771,0.008638533233556647,0.11067570756648248,0.14453875784202452,0.007555421431906006,10,691,acrescenta
evento,drop_grp__grupo1,pinball_95,0.12917707265036582,0.00918621815157397,0.0020908613543780077,0.009421162621011194,0.11071159391318389,0.14764255138754775,0.0075451894562049305,10,691,acrescenta
evento,drop_grp__grupo1,pinball_99,0.13043294460725557,0.009801103430617434,0.0022941137808390618,0.010066011449283005,0.11070356216666088,0.15016232704785026,0.007537003875644068,10,691,acrescenta
evento,drop_grp__grupo2,rmse,-0.011345466249182196,0.0056017076510542115,0.0018130178487921259,0.005887797748557445,-0.02288554983635479,0.00019461733799039718,0.02295685669583411,10,691,sem informação
evento,drop_grp__grupo2,rmse_p90,-0.0027382295387839055,0.01610152401581778,0.008556146211128463,0.01823366977923437,-0.03847622230608327,0.03299976322851545,0.04978016241737211,10,691,sem informação
evento,drop_grp__grupo2,rmse_p95,0.0014118539812486292,0.021807929264038718,0.010852929586484414,0.024359225344712937,-0.046332227694388724,0.04915593565688598,0.0643010653779092,10,691,sem informação
evento,drop_grp__grupo2,rmse_p99,0.0342003513667007,0.04652368496586527,0.021697032087683026,0.05133434000955915,-0.06641495505203523,0.13481565778543664,0.11142938445422611,10,691,inconclusivo
evento,drop_grp__grupo2,bias_p90,0.03047503662193122,0.020841860401986403,0.02755835392050486,0.034552076867008945,-0.037247034037406306,0.09819710728126874,0.030058755884130175,10,691,inconclusivo
evento,drop_grp__grupo2,bias_p95,0.04258346688845267,0.028283198128175233,0.03403179357040084,0.04425044937597799,-0.04414741388846419,0.12931434766536953,0.04337803574170212,10,691,inconclusivo
evento,drop_grp__grupo2,bias_p99,0.09361877424646395,0.05689417111904121,0.032214134125141326,0.06538116812015014,-0.03452831526903033,0.22176586376195823,0.09435688598456282,10,691,inconclusivo
evento,drop_grp__grupo2,pinball_90,-0.011082907711015182,0.002299604497970527,0.001712558159756032,0.0028672349568239514,-0.016702688226390126,-0.005463127195640237,0.007555421431906006,10,691,inconclusivo
evento,drop_grp__grupo2,pinball_95,-0.012149660445769544,0.002538470255904538,0.0018576512400619895,0.0031455841063013873,-0.018315005294120265,-0.005984315597418825,0.0075451894562049305,10,691,inconclusivo
evento,drop_grp__grupo2,pinball_99,-0.013003062633573032,0.0027436305979363796,0.0019767153007273306,0.00338155470724078,-0.019630909859764963,-0.006375215407381103,0.007537003875644068,10,691,inconclusivo
evento,drop_grp__grupo3,rmse,-0.0065675766660283855,0.004094061598629105,0.001409806217299496,0.004329999300658814,-0.015054375295319661,0.00191922196326289,0.02295685669583411,10,691,sem informação
evento,drop_grp__grupo3,rmse_p90,8.717190192630425e-05,0.012762051566467493,0.006346635616151984,0.014253060858264244,-0.027848827380271612,0.028023171184124222,0.04978016241737211,10,691,sem informação
evento,drop_grp__grupo3,rmse_p95,-0.005184185357849636,0.01700287930312187,0.008715906883824143,0.019106672588497013,-0.04263326363130378,0.03226489291560451,0.0643010653779092,10,691,sem informação
evento,drop_grp__grupo3,rmse_p99,-0.056198011799979644,0.034049198397347005,0.019507043834643835,0.03924121138125853,-0.13311078610724636,0.02071476250728707,0.11142938445422611,10,691,inconclusivo
evento,drop_grp__grupo3,bias_p90,0.02203719636323869,0.015007372888126754,0.020072161460775357,0.025062180805163734,-0.02708467801488223,0.0711590707413596,0.030058755884130175,10,691,inconclusivo
evento,drop_grp__grupo3,bias_p95,0.011611100466016502,0.02015994026599525,0.024408945152342456,0.03165785518601282,-0.05043829569856863,0.07366049663060163,0.04337803574170212,10,691,inconclusivo
evento,drop_grp__grupo3,bias_p99,-0.06109091395507408,0.03531673434673725,0.026445921744046294,0.04412095309272264,-0.14756798201681046,0.02538615410666229,0.09435688598456282,10,691,inconclusivo
evento,drop_grp__grupo3,pinball_90,-0.003521741861754453,0.002120846187565807,0.0019110709072777848,0.002854852108946443,-0.009117251995289481,0.002073768271780575,0.007555421431906006,10,691,inconclusivo
evento,drop_grp__grupo3,pinball_95,-0.0037180565016028443,0.002304555730426861,0.002115799342317852,0.0031285114625962196,-0.009849938968291436,0.002413825965085746,0.0075451894562049305,10,691,inconclusivo
evento,drop_grp__grupo3,pinball_99,-0.003875108213481613,0.0024578836519619294,0.0022806058622117575,0.0033529621449304116,-0.01044691401754522,0.0026966975905819935,0.007537003875644068,10,691,inconclusivo
evento,drop_grp__grupo4,rmse,0.02126553224581535,0.004490756584682356,0.001680609514134202,0.0047949288880927456,0.01186747162515357,0.03066359286647713,0.02295685669583411,10,691,inconclusivo
evento,drop_grp__grupo4,rmse_p90,0.021950432835314865,0.01514484706947953,0.006071050374095798,0.016316373537116985,-0.010029659297434428,0.05393052496806416,0.04978016241737211,10,691,inconclusivo
evento,drop_grp__grupo4,rmse_p95,0.024418633954876527,0.022123288088083268,0.007022505204911423,0.023211106289475626,-0.021075134372495696,0.06991240228224875,0.0643010653779092,10,691,inconclusivo
evento,drop_grp__grupo4,rmse_p99,0.02639336464307256,0.05551138307787783,0.014727858127022935,0.057431902773881834,-0.08617316479373584,0.13895989407988096,0.11142938445422611,10,691,inconclusivo
evento,drop_grp__grupo4,bias_p90,0.0341486303804996,0.01286720646639089,0.016305074435072398,0.020770663315888182,-0.006561869718641235,0.07485913047964043,0.030058755884130175,10,691,inconclusivo
evento,drop_grp__grupo4,bias_p95,0.04268114592536483,0.018539709300027386,0.013559363812231573,0.022969048041265816,-0.002338188235516167,0.08770048008624583,0.04337803574170212,10,691,inconclusivo
evento,drop_grp__grupo4,bias_p99,0.0735304107141844,0.05008994931281208,0.010271017257279197,0.05113215052840444,-0.0266886043214883,0.17374942574985708,0.09435688598456282,10,691,inconclusivo
evento,drop_grp__grupo4,pinball_90,0.014288009737850165,0.002213594899843125,0.001405876568428087,0.002622306485952134,0.009148289025383984,0.019427730450316347,0.007555421431906006,10,691,acrescenta
evento,drop_grp__grupo4,pinball_95,0.014488058198740324,0.0023740054147318467,0.0016383799582540817,0.0028844740589550767,0.008834489043188374,0.020141627354292275,0.0075451894562049305,10,691,acrescenta
evento,drop_grp__grupo4,pinball_99,0.01464809696745234,0.002510477538852537,0.0018249802796444048,0.003103715594923939,0.00856481440140142,0.02073137953350326,0.007537003875644068,10,691,acrescenta
evento,ctrl__noise,rmse,-0.0022928691514817775,0.001355656567681809,0.0006356322896064246,0.0014972752375863058,-0.005227528617150937,0.000641790314187382,0.02295685669583411,10,691,sem informação
evento,ctrl__noise,rmse_p90,0.009501917327073919,0.004399441135253085,0.004762861695151426,0.006483820928256554,-0.0032063716923089267,0.022210206346456762,0.04978016241737211,10,691,sem informação
evento,ctrl__noise,rmse_p95,0.01442893453088102,0.006118164719249419,0.005351771048756246,0.008128554169726241,-0.0015030316417824138,0.030360900703544455,0.0643010653779092,10,691,sem informação
evento,ctrl__noise,rmse_p99,0.02888690952251146,0.011411723464640465,0.00983932817196714,0.015067840300092512,-0.0006460574656698623,0.05841987651069278,0.11142938445422611,10,691,sem informação
evento,ctrl__noise,bias_p90,0.006184958239856089,0.0045267654764227375,0.009800295236191484,0.010795248602744185,-0.014973729021522513,0.027343645501234692,0.030058755884130175,10,691,sem informação
evento,ctrl__noise,bias_p95,0.011821828974067541,0.006902315107516337,0.00978574619939986,0.01197509008410864,-0.01164934759078539,0.03529300553892047,0.04337803574170212,10,691,sem informação
evento,ctrl__noise,bias_p99,0.03728903425796117,0.01692471449588136,0.012944224550825738,0.021307250174278623,-0.004473176083624929,0.07905124459954727,0.09435688598456282,10,691,sem informação
evento,ctrl__noise,pinball_90,0.000230600568925048,0.0006584189732372787,0.0012489460851407667,0.0014118717604326818,-0.0025366680815230086,0.002997869219373104,0.007555421431906006,10,691,sem informação
evento,ctrl__noise,pinball_95,0.000445489112136741,0.0007001041323298631,0.0013826583686809512,0.0015498032005996179,-0.0025921251610385096,0.003483103385311992,0.0075451894562049305,10,691,sem informação
evento,ctrl__noise,pinball_99,0.0006173999467061763,0.0007353731278312102,0.0014896960048539304,0.0016613150887215882,-0.0026387776271881366,0.0038735775206004894,0.007537003875644068,10,691,sem informação
evento,ctrl__perm_static,rmse,0.01938010301860888,0.00402890024045534,0.0012366453413500283,0.004214419159009201,0.011119841466950846,0.027640364570266918,0.02295685669583411,10,691,inconclusivo
evento,ctrl__perm_static,rmse_p90,0.032078318028536515,0.013312619130153797,0.005048455085379583,0.014237721968546507,0.004172382970185361,0.059984253086887665,0.04978016241737211,10,691,inconclusivo
evento,ctrl__perm_static,rmse_p95,0.040301738765162985,0.019360497163964617,0.007128770062084785,0.02063124361336365,-0.00013549871702976668,0.08073897624735574,0.0643010653779092,10,691,inconclusivo
evento,ctrl__perm_static,rmse_p99,0.056892708292399764,0.046944670975523586,0.011202033080655645,0.04826269447658585,-0.0377021728817085,0.15148758946650803,0.11142938445422611,10,691,inconclusivo
evento,ctrl__perm_static,bias_p90,0.037710563585326484,0.012184334192428424,0.017342090554739672,0.021194482879314875,-0.0038306228581306695,0.07925175002878364,0.030058755884130175,10,691,inconclusivo
evento,ctrl__perm_static,bias_p95,0.030299189359624945,0.016295251637730473,0.02179232280076886,0.027211037447878905,-0.023034444038217708,0.0836328227574676,0.04337803574170212,10,691,inconclusivo
evento,ctrl__perm_static,bias_p99,0.05427625869376664,0.04134266966360686,0.02167444634422753,0.046679738208808726,-0.037216028195498456,0.14576854558303173,0.09435688598456282,10,691,inconclusivo
evento,ctrl__perm_static,pinball_90,0.01392388429387979,0.0022092182126354776,0.0007727689639557315,0.0023404736663106274,0.00933655590791096,0.01851121267984862,0.007555421431906006,10,691,acrescenta
evento,ctrl__perm_static,pinball_95,0.01437693490812017,0.0023725962618588105,0.0008892325991566939,0.0025337615588664555,0.009410762252741917,0.019343107563498423,0.0075451894562049305,10,691,acrescenta
evento,ctrl__perm_static,pinball_99,0.0147393753995124,0.0025106726767918693,0.0009832118802300916,0.0026963276676648263,0.00945457317088934,0.020024177628135457,0.007537003875644068,10,691,acrescenta
evento,full_vs_base,rmse,0.005250376376439733,0.007989335726929196,0.0012428014049713457,0.008085421491164577,-0.010597049746242837,0.021097802499122305,0.02295685669583411,10,691,sem informação
evento,full_vs_base,rmse_p90,0.03480581554793824,0.026428906535774,0.006303844125374039,0.027170306428777914,-0.01844798505246647,0.08805961614834296,0.04978016241737211,10,691,inconclusivo
evento,full_vs_base,rmse_p95,0.04603234368590607,0.03497418429413114,0.00817172886491153,0.03591616237408275,-0.024363334567296127,0.11642802193910827,0.0643010653779092,10,691,inconclusivo
evento,full_vs_base,rmse_p99,0.009806456891772336,0.057650544839747235,0.020855416380740472,0.061306881446814475,-0.11035503074398403,0.12996794452752872,0.11142938445422611,10,691,inconclusivo
evento,full_vs_base,bias_p90,0.07954364775255815,0.028677838181933157,0.019021018869594977,0.0344124623011291,0.012095221642345111,0.1469920738627712,0.030058755884130175,10,691,inconclusivo
evento,full_vs_base,bias_p95,0.07836596444206056,0.03728636998569868,0.023956292446458895,0.04431904031554242,-0.008499354576402579,0.1652312834605237,0.04337803574170212,10,691,inconclusivo
evento,full_vs_base,bias_p99,0.08069142663650004,0.06428277745118187,0.02748677574064139,0.06991279080007097,-0.056337643331639056,0.21772049660463916,0.09435688598456282,10,691,inconclusivo
evento,full_vs_base,pinball_90,0.0009710798362156714,0.003960626887274965,0.0008443827414129799,0.004049635484114772,-0.006966205712649281,0.008908365385080623,0.007555421431906006,10,691,inconclusivo
evento,full_vs_base,pinball_95,0.00031244616950143917,0.004341676752010179,0.0009074253734951286,0.004435490708750096,-0.008381115619648749,0.009006007958651628,0.0075451894562049305,10,691,inconclusivo
evento,full_vs_base,pinball_99,-0.00021446076387002583,0.0046622767768376315,0.0009607791855012782,0.004760243836940708,-0.009544538684273813,0.009115617156533761,0.007537003875644068,10,691,inconclusivo
evento,real_vs_perm_static,rmse,0.001530343192634218,0.0019851569844278674,0.0017935262529817227,0.002675366268935415,-0.0037133746944791953,0.006774061079747632,0.02295685669583411,10,691,sem informação
evento,real_vs_perm_static,rmse_p90,-0.012617352338948465,0.006002113813249605,0.008147209559714147,0.010119406792747256,-0.03245138965273309,0.007216684974836157,0.04978016241737211,10,691,sem informação
evento,real_vs_perm_static,rmse_p95,-0.01917007149379602,0.008670361623910654,0.011046569006370667,0.014042857882279219,-0.04669407294306328,0.00835392995547125,0.0643010653779092,10,691,sem informação
evento,real_vs_perm_static,rmse_p99,-0.04077782532878505,0.017479502496393472,0.02375168117585334,0.02949025883577171,-0.0985787326468976,0.017023081989327497,0.11142938445422611,10,691,sem informação
evento,real_vs_perm_static,bias_p90,-0.03573381722804682,0.006266986718819253,0.018580676894311792,0.01960909677636043,-0.07416764690971325,0.0027000124536196227,0.030058755884130175,10,691,inconclusivo
evento,real_vs_perm_static,bias_p95,-0.04707565964482516,0.008962357383880563,0.02258663176466998,0.024299789800514685,-0.09470324765383394,0.0005519283641836209,0.04337803574170212,10,691,inconclusivo
evento,real_vs_perm_static,bias_p99,-0.05015690278531274,0.02161511303141814,0.029897494676909993,0.03689272691624792,-0.12246664754115866,0.02215284197053318,0.09435688598456282,10,691,inconclusivo
evento,real_vs_perm_static,pinball_90,0.0006183575640401262,0.0009090115730628201,0.0009529819354259864,0.0013169952958193897,-0.0019629532157658773,0.0031996683438461297,0.007555421431906006,10,691,sem informação
evento,real_vs_perm_static,pinball_95,0.0006175131278164646,0.000981756936913666,0.0010056306492808185,0.0014053966294078925,-0.002137064265823005,0.003372090521455934,0.0075451894562049305,10,691,sem informação
evento,real_vs_perm_static,pinball_99,0.0006168375788375656,0.0010428146280441254,0.0010496970063443676,0.0014796371695760873,-0.0022832512735315655,0.003516926431206697,0.007537003875644068,10,691,sem informação
evento,base_vs_era5,rmse,0.335223922431819,0.01709184027461743,0.0006067633796423657,0.017102606987588455,0.30170281273614563,0.3687450321274923,0.02295685669583411,10,691,acrescenta
evento,base_vs_era5,rmse_p90,0.29154758055358615,0.0534949184555876,0.0033594008478777825,0.05360029733711081,0.18649099777284897,0.39660416333432336,0.04978016241737211,10,691,acrescenta
evento,base_vs_era5,rmse_p95,0.2829302781292206,0.0763722696682052,0.004737697185868613,0.07651907833277949,0.13295288459697283,0.4329076716614684,0.0643010653779092,10,691,acrescenta
evento,base_vs_era5,rmse_p99,0.3797184049931713,0.17136188088392948,0.009855373392430332,0.17164504829671684,0.043294110331606295,0.7161426996547362,0.11142938445422611,10,691,inconclusivo
evento,base_vs_era5,bias_p90,-0.034294797220449445,0.07905595429145444,0.003919283615710261,0.07915304601209551,-0.18943476740415666,0.12084517296325775,0.030058755884130175,10,691,inconclusivo
evento,base_vs_era5,bias_p95,-0.06679310790660643,0.11266942870392907,0.005204230636082557,0.11278955705641944,-0.2878606397371885,0.15427442392397567,0.04337803574170212,10,691,inconclusivo
evento,base_vs_era5,bias_p99,-0.048370070837092015,0.24661346215336746,0.012003154575389335,0.2469053977438142,-0.5323046504149679,0.43556450874078384,0.09435688598456282,10,691,inconclusivo
evento,base_vs_era5,pinball_90,0.12343257187470588,0.010159368285488166,0.0010121612207813408,0.010209663770028686,0.10342163088544966,0.14344351286396212,0.007555421431906006,10,691,acrescenta
evento,base_vs_era5,pinball_95,0.12053769656303384,0.011270281295357634,0.00113700844622893,0.011327489955117334,0.09833581625100386,0.1427395768750638,0.0075451894562049305,10,691,acrescenta
evento,base_vs_era5,pinball_99,0.11822179631369609,0.012191376243350826,0.0012370583541419279,0.012253977643136583,0.09420400013314839,0.14223959249424378,0.007537003875644068,10,691,acrescenta
evento,full_vs_era5,rmse,0.34047429880825875,0.019719853838238478,0.0012769058287998378,0.019761151886899503,0.3017424411099357,0.3792061565065818,0.02295685669583411,10,691,acrescenta
evento,full_vs_era5,rmse_p90,0.3263533961015243,0.0607899836444892,0.00627107224374079,0.06111258838065591,0.2065727228754387,0.4461340693276099,0.04978016241737211,10,691,acrescenta
evento,full_vs_era5,rmse_p95,0.32896262181512664,0.08456269496031295,0.008315150271483577,0.08497053079149436,0.1624203814637977,0.4955048621664556,0.0643010653779092,10,691,acrescenta
evento,full_vs_era5,rmse_p99,0.3895248618849436,0.18195196914080788,0.01912241212740797,0.18295405357572142,0.03093491687652966,0.7481148068933576,0.11142938445422611,10,691,inconclusivo
evento,full_vs_era5,bias_p90,0.0452488505321087,0.08564029805988004,0.016012775307161446,0.08712444906467261,-0.12551506963464962,0.216012770698867,0.030058755884130175,10,691,inconclusivo
evento,full_vs_era5,bias_p95,0.011572856535454132,0.12122671423219653,0.02052406168707428,0.1229518334620085,-0.22941273705008253,0.25255845012099076,0.04337803574170212,10,691,inconclusivo
evento,full_vs_era5,bias_p99,0.03232135579940802,0.24118465276830645,0.023737960256989037,0.2423500102911715,-0.4426846643712881,0.5073273759701041,0.09435688598456282,10,691,inconclusivo
evento,full_vs_era5,pinball_90,0.12440365171092156,0.010506543869960423,0.0010324019035233575,0.010557145342458898,0.10371164683970212,0.145095656582141,0.007555421431906006,10,691,acrescenta
evento,full_vs_era5,pinball_95,0.12085014273253528,0.011606288979785346,0.001166080661109045,0.011664719799056438,0.09798729192638465,0.14371299353868588,0.0075451894562049305,10,691,acrescenta
evento,full_vs_era5,pinball_99,0.11800733554982605,0.012522852346429483,0.001275447520249003,0.012587636683165896,0.09333556765082089,0.1426791034488312,0.007537003875644068,10,691,acrescenta
bloco móvel L=3,add_grp__grupo2,rmse,-0.007626693825179424,0.005841156430589943,0.001724550885502536,0.006090417407970477,-0.01956391194480156,0.00431052429444271,0.02295685669583411,10,,sem informação
bloco móvel L=3,add_grp__grupo2,rmse_p90,0.014324229989125126,0.019079560877255722,0.0040852172467533265,0.019512012792689482,-0.02391931508454626,0.052567775062796515,0.04978016241737211,10,,inconclusivo
bloco móvel L=3,add_grp__grupo2,rmse_p95,0.029472625316532358,0.025641517466509323,0.006176399872599082,0.02637489968457785,-0.022222178065240225,0.08116742869830494,0.0643010653779092,10,,inconclusivo
bloco móvel L=3,add_grp__grupo2,rmse_p99,0.06720403853757012,0.05342382955995247,0.0121523176369304,0.05478854249566876,-0.04018150475394064,0.17458958182908088,0.11142938445422611,10,,inconclusivo
bloco móvel L=3,add_grp__grupo2,bias_p90,0.0420782938014575,0.022103029449312056,0.01074922916580727,0.02457823912521395,-0.006095054883961837,0.09025164248687684,0.030058755884130175,10,,inconclusivo
bloco móvel L=3,add_grp__grupo2,bias_p95,0.05665820085751303,0.02857861595098609,0.010118801290628535,0.030317114460864877,-0.0027633434857821243,0.11607974520080819,0.04337803574170212,10,,inconclusivo
bloco móvel L=3,add_grp__grupo2,bias_p99,0.11042559724772198,0.05768931832687147,0.015281075180168123,0.05967887991309035,-0.0065450073819351,0.22739620187737908,0.09435688598456282,10,,inconclusivo
bloco móvel L=3,add_grp__grupo2,pinball_90,-0.009806625820348063,0.0029034249977472446,0.0021583229916901704,0.0036177665560400652,-0.01689744827018659,-0.0027158033705095355,0.007555421431906006,10,,inconclusivo
bloco móvel L=3,add_grp__grupo2,pinball_95,-0.010691199371202484,0.003189400547656963,0.002423937541189253,0.004005964185683783,-0.0185428891751427,-0.002839509567262269,0.0075451894562049305,10,,inconclusivo
bloco móvel L=3,add_grp__grupo2,pinball_99,-0.011398858211885961,0.0034302457621058066,0.0026380364142239445,0.0043273342962170565,-0.01988043343247139,-0.0029172829913005315,0.007537003875644068,10,,inconclusivo
bloco móvel L=3,add_grp__grupo3,rmse,-0.005992170078927277,0.0049299688193370885,0.001300675203439347,0.005098661446348239,-0.015985546513769825,0.0040012063559152706,0.02295685669583411,10,,sem informação
bloco móvel L=3,add_grp__grupo3,rmse_p90,0.015236694942366357,0.016172745429826628,0.0018209944496919493,0.01627494133703059,-0.0166621900782136,0.04713557996294632,0.04978016241737211,10,,sem informação
bloco móvel L=3,add_grp__grupo3,rmse_p95,0.01727784876213228,0.021649032140124553,0.0021740381157782838,0.021757918887913032,-0.025367672258177265,0.059923369782441824,0.0643010653779092,10,,sem informação
bloco móvel L=3,add_grp__grupo3,rmse_p99,-0.057667688227045245,0.04030617339346755,0.006695076791955763,0.04085843446431172,-0.13775021977709623,0.02241484332300573,0.11142938445422611,10,,inconclusivo
bloco móvel L=3,add_grp__grupo3,bias_p90,0.018780819118376205,0.021868948513375293,0.009616673267321957,0.02388998354564281,-0.028043548631083697,0.0656051868678361,0.030058755884130175,10,,inconclusivo
bloco móvel L=3,add_grp__grupo3,bias_p95,0.003746804848875432,0.029589454897769648,0.01176862538354583,0.031843937956310985,-0.05866731354549409,0.06616092324324496,0.04337803574170212,10,,inconclusivo
bloco móvel L=3,add_grp__grupo3,bias_p99,-0.05760962597639537,0.044087233169740156,0.010879662390690183,0.04540981372234899,-0.1466128608721994,0.03139360891940866,0.09435688598456282,10,,inconclusivo
bloco móvel L=3,add_grp__grupo3,pinball_90,-0.004160941085661654,0.0025639439875397366,0.0009283259232167693,0.0027268292559229725,-0.009505526427270681,0.0011836442559473729,0.007555421431906006,10,,inconclusivo
bloco móvel L=3,add_grp__grupo3,pinball_95,-0.004134604288183552,0.0027963537273660534,0.0010382504933843014,0.0029828775126657086,-0.009981044213008342,0.0017118356366412372,0.0075451894562049305,10,,inconclusivo
bloco móvel L=3,add_grp__grupo3,pinball_99,-0.004113534850201122,0.0029902778146096223,0.001133215260246574,0.0031978020943457725,-0.010381226955118835,0.0021541572547165927,0.007537003875644068,10,,inconclusivo
bloco móvel L=3,add_grp__grupo4,rmse,0.020910446211243095,0.003980861929285712,0.0018544715626854708,0.004391620028741723,0.012302870954909319,0.02951802146757687,0.02295685669583411,10,,inconclusivo
bloco móvel L=3,add_grp__grupo4,rmse_p90,0.019460965689588043,0.013611534531190751,0.007834282844212028,0.015705090256885285,-0.011321011213907117,0.050242942593083206,0.04978016241737211,10,,inconclusivo
bloco móvel L=3,add_grp__grupo4,rmse_p95,0.02113166727136697,0.020401456559574333,0.010780405108802385,0.023074586974897105,-0.024094523199431353,0.0663578577421653,0.0643010653779092,10,,inconclusivo
bloco móvel L=3,add_grp__grupo4,rmse_p99,0.01611488296361472,0.0458544166866791,0.02252902298246244,0.05108996385025062,-0.08402144618287649,0.11625121211010594,0.11142938445422611,10,,inconclusivo
bloco móvel L=3,add_grp__grupo4,bias_p90,0.001976746357279663,0.012589269687274375,0.011033626401976296,0.016740090287609376,-0.030833830606434718,0.034787323320994046,0.030058755884130175,10,,inconclusivo
bloco móvel L=3,add_grp__grupo4,bias_p95,-0.016776470285200212,0.017566419652765532,0.011790080531283364,0.021156207088020625,-0.05824263617772064,0.024689695607320213,0.04337803574170212,10,,inconclusivo
bloco móvel L=3,add_grp__grupo4,bias_p99,0.004119355908453902,0.039941513066915665,0.020401849861393633,0.044850417432187206,-0.08378746225863302,0.09202617407554083,0.09435688598456282,10,,sem informação
bloco móvel L=3,add_grp__grupo4,pinball_90,0.014542241857919917,0.002037844205517332,0.0010350991064499448,0.0022856594597914274,0.010062349316728718,0.019022134399111115,0.007555421431906006,10,,acrescenta
bloco móvel L=3,add_grp__grupo4,pinball_95,0.014994448035936633,0.002166847599935137,0.0011079705200531908,0.0024336859276931364,0.010224423617658084,0.01976447245421518,0.0075451894562049305,10,,acrescenta
bloco móvel L=3,add_grp__grupo4,pinball_99,0.015356212978349965,0.0022761572767655476,0.0011670051608305152,0.0025578883857545094,0.010342751742271127,0.020369674214428802,0.007537003875644068,10,,acrescenta
bloco móvel L=3,drop_grp__grupo1,rmse,0.21621474117621067,0.014021761799260297,0.0017338985711728204,0.014128560018993815,0.18852276353898278,0.24390671881343856,0.02295685669583411,10,,acrescenta
bloco móvel L=3,drop_grp__grupo1,rmse_p90,0.3278427165815052,0.046804598419146685,0.007132223768641006,0.04734489464623991,0.235046723074875,0.4206387100881354,0.04978016241737211,10,,acrescenta
bloco móvel L=3,drop_grp__grupo1,rmse_p95,0.34373971805709935,0.06555007302187967,0.009141902101829911,0.06618448796518107,0.21401812164534445,0.47346131446885426,0.0643010653779092,10,,acrescenta
bloco móvel L=3,drop_grp__grupo1,rmse_p99,0.24758762606923934,0.12664972070273472,0.023997690251742414,0.12890322296785015,-0.005062690947746917,0.5002379430862256,0.11142938445422611,10,,inconclusivo
bloco móvel L=3,drop_grp__grupo1,bias_p90,0.6673848125914305,0.04835422188105566,0.019957729240971358,0.05231100964594628,0.5648552336853757,0.7699143914974852,0.030058755884130175,10,,acrescenta
bloco móvel L=3,drop_grp__grupo1,bias_p95,0.7147519829773155,0.07301483940506898,0.0238479985295254,0.0768107662194061,0.5642028811872795,0.8653010847673515,0.04337803574170212,10,,acrescenta
bloco móvel L=3,drop_grp__grupo1,bias_p99,0.4335134401095223,0.13631928785549027,0.028207780109137538,0.13920713738926419,0.16066745082656453,0.7063594293924801,0.09435688598456282,10,,acrescenta
bloco móvel L=3,drop_grp__grupo1,pinball_90,0.1276072327042535,0.008059199057831302,0.0018375912641734771,0.008266040836332447,0.11140579266504191,0.1438086727434651,0.007555421431906006,10,,acrescenta
bloco móvel L=3,drop_grp__grupo1,pinball_95,0.12917707265036582,0.008741254600335077,0.0020908613543780077,0.008987838071033021,0.1115609100311411,0.14679323526959054,0.0075451894562049305,10,,acrescenta
bloco móvel L=3,drop_grp__grupo1,pinball_99,0.13043294460725557,0.009304305608019058,0.0022941137808390618,0.00958295679249628,0.11165034929396286,0.14921553992054828,0.007537003875644068,10,,acrescenta
bloco móvel L=3,drop_grp__grupo2,rmse,-0.011345466249182196,0.005465603508077578,0.0018130178487921259,0.005758459466519561,-0.022632046803560533,-5.888569480385665e-05,0.02295685669583411,10,,sem informação
bloco móvel L=3,drop_grp__grupo2,rmse_p90,-0.0027382295387839055,0.01572435409151004,0.008556146211128463,0.01790147897748665,-0.03782512833465774,0.03234866925708992,0.04978016241737211,10,,sem informação
bloco móvel L=3,drop_grp__grupo2,rmse_p95,0.0014118539812486292,0.021215871127411676,0.010852929586484414,0.023830637177887817,-0.04529619488741149,0.04811990284990875,0.0643010653779092,10,,sem informação
bloco móvel L=3,drop_grp__grupo2,rmse_p99,0.0342003513667007,0.047918579394532354,0.021697032087683026,0.0526018198601916,-0.06889921555927483,0.13729991829267624,0.11142938445422611,10,,inconclusivo
bloco móvel L=3,drop_grp__grupo2,bias_p90,0.03047503662193122,0.020321062158135707,0.02755835392050486,0.034240450318922803,-0.03663624600315748,0.09758631924701991,0.030058755884130175,10,,inconclusivo
bloco móvel L=3,drop_grp__grupo2,bias_p95,0.04258346688845267,0.027099662228850747,0.03403179357040084,0.04350350177326161,-0.04268339658714007,0.12785033036404542,0.04337803574170212,10,,inconclusivo
bloco móvel L=3,drop_grp__grupo2,bias_p99,0.09361877424646395,0.055245160420041094,0.032214134125141326,0.06395137361518258,-0.03172591803929389,0.2189634665322218,0.09435688598456282,10,,inconclusivo
bloco móvel L=3,drop_grp__grupo2,pinball_90,-0.011082907711015182,0.0023494250789639205,0.001712558159756032,0.0029073447769763375,-0.016781303473888804,-0.005384511948141561,0.007555421431906006,10,,inconclusivo
bloco móvel L=3,drop_grp__grupo2,pinball_95,-0.012149660445769544,0.0026022576320846405,0.0018576512400619895,0.003197282113521828,-0.018416333388272327,-0.005882987503266762,0.0075451894562049305,10,,inconclusivo
bloco móvel L=3,drop_grp__grupo2,pinball_99,-0.013003062633573032,0.002817603009828222,0.0019767153007273306,0.0034418439972088506,-0.01974907686810238,-0.006257048399043685,0.007537003875644068,10,,inconclusivo
bloco móvel L=3,drop_grp__grupo3,rmse,-0.0065675766660283855,0.004004828273902462,0.001409806217299496,0.004245727625953517,-0.014889202812897278,0.0017540494808405069,0.02295685669583411,10,,sem informação
bloco móvel L=3,drop_grp__grupo3,rmse_p90,8.717190192630425e-05,0.013142063195603427,0.006346635616151984,0.014594300554718031,-0.028517657185321035,0.028692000989173645,0.04978016241737211,10,,sem informação
bloco móvel L=3,drop_grp__grupo3,rmse_p95,-0.005184185357849636,0.017637994985332486,0.008715906883824143,0.019673990441954246,-0.04374520662407996,0.033376835908380684,0.0643010653779092,10,,sem informação
bloco móvel L=3,drop_grp__grupo3,rmse_p99,-0.056198011799979644,0.03592477912638833,0.019507043834643835,0.04087926753803818,-0.1363213761745345,0.02392535257457519,0.11142938445422611,10,,inconclusivo
bloco móvel L=3,drop_grp__grupo3,bias_p90,0.02203719636323869,0.01522436184467682,0.020072161460775357,0.02519271440883429,-0.02734052387807652,0.0714149166045539,0.030058755884130175,10,,inconclusivo
bloco móvel L=3,drop_grp__grupo3,bias_p95,0.011611100466016502,0.02046428253791457,0.024408945152342456,0.03185252679524275,-0.05081985205265929,0.0740420529846923,0.04337803574170212,10,,inconclusivo
bloco móvel L=3,drop_grp__grupo3,bias_p99,-0.06109091395507408,0.0376793225557857,0.026445921744046294,0.04603388018791336,-0.15131731912338425,0.029135491213236102,0.09435688598456282,10,,inconclusivo
bloco móvel L=3,drop_grp__grupo3,pinball_90,-0.003521741861754453,0.0020651250583686846,0.0019110709072777848,0.0028137045899215857,-0.00903660285800076,0.0019931191344918545,0.007555421431906006,10,,inconclusivo
bloco móvel L=3,drop_grp__grupo3,pinball_95,-0.0037180565016028443,0.0022419658777419874,0.002115799342317852,0.0030826965231615087,-0.009760141686999402,0.0023240286837937123,0.0075451894562049305,10,,inconclusivo
bloco móvel L=3,drop_grp__grupo3,pinball_99,-0.003875108213481613,0.0023898252983729374,0.0022806058622117575,0.003303396442375322,-0.010349765240537243,0.0025995488135740173,0.007537003875644068,10,,inconclusivo
bloco móvel L=3,drop_grp__grupo4,rmse,0.02126553224581535,0.004340657597105323,0.001680609514134202,0.004654648935667066,0.012142420331907901,0.0303886441597228,0.02295685669583411,10,,inconclusivo
bloco móvel L=3,drop_grp__grupo4,rmse_p90,0.021950432835314865,0.014284397214486311,0.006071050374095798,0.015521006939822977,-0.00847074076673817,0.0523716064373679,0.04978016241737211,10,,inconclusivo
bloco móvel L=3,drop_grp__grupo4,rmse_p95,0.024418633954876527,0.02144779642147768,0.007022505204911423,0.02256819777231135,-0.019815033678853712,0.06865230158860677,0.0643010653779092,10,,inconclusivo
bloco móvel L=3,drop_grp__grupo4,rmse_p99,0.02639336464307256,0.05423635358210703,0.014727858127022935,0.0562004613405713,-0.08375953958444719,0.13654626887059232,0.11142938445422611,10,,inconclusivo
bloco móvel L=3,drop_grp__grupo4,bias_p90,0.0341486303804996,0.012511752706217641,0.016305074435072398,0.02055235772642146,-0.006133990763286461,0.07443125152428567,0.030058755884130175,10,,inconclusivo
bloco móvel L=3,drop_grp__grupo4,bias_p95,0.04268114592536483,0.01818953853716208,0.013559363812231573,0.022687345794238683,-0.0017860518313429843,0.08714834368207264,0.04337803574170212,10,,inconclusivo
bloco móvel L=3,drop_grp__grupo4,bias_p99,0.0735304107141844,0.05018935454848435,0.010271017257279197,0.051229533527964055,-0.026879475000625153,0.17394029642899395,0.09435688598456282,10,,inconclusivo
bloco móvel L=3,drop_grp__grupo4,pinball_90,0.014288009737850165,0.002088406635007953,0.001405876568428087,0.002517524815925431,0.00935366109863632,0.01922235837706401,0.007555421431906006,10,,acrescenta
bloco móvel L=3,drop_grp__grupo4,pinball_95,0.014488058198740324,0.0022185257172217094,0.0016383799582540817,0.002757924082635841,0.009082526996774077,0.019893589400706572,0.0075451894562049305,10,,acrescenta
bloco móvel L=3,drop_grp__grupo4,pinball_99,0.01464809696745234,0.002329850650339065,0.0018249802796444048,0.0029595197370479447,0.008847438282838368,0.02044875565206631,0.007537003875644068,10,,acrescenta
bloco móvel L=3,ctrl__noise,rmse,-0.0022928691514817775,0.0013099739086360291,0.0006356322896064246,0.0014560425985861338,-0.0051467126447106,0.0005609743417470448,0.02295685669583411,10,,sem informação
bloco móvel L=3,ctrl__noise,rmse_p90,0.009501917327073919,0.004220446081802843,0.004762861695151426,0.006363726632763674,-0.0029709868731428828,0.02197482152729072,0.04978016241737211,10,,sem informação
bloco móvel L=3,ctrl__noise,rmse_p95,0.01442893453088102,0.0059969198041689865,0.005351771048756246,0.008037692485778474,-0.0013249427412447869,0.030182811803006828,0.0643010653779092,10,,sem informação
bloco móvel L=3,ctrl__noise,rmse_p99,0.02888690952251146,0.011362135728968988,0.00983932817196714,0.015030319597373167,-0.0005725168883399454,0.058346335933362865,0.11142938445422611,10,,sem informação
bloco móvel L=3,ctrl__noise,bias_p90,0.006184958239856089,0.004396448503436953,0.009800295236191484,0.01074125440346194,-0.014867900390929311,0.027237816870641487,0.030058755884130175,10,,sem informação
bloco móvel L=3,ctrl__noise,bias_p95,0.011821828974067541,0.006812209476418687,0.00978574619939986,0.011923381509860251,-0.01154799878525855,0.03519165673339363,0.04337803574170212,10,,sem informação
bloco móvel L=3,ctrl__noise,bias_p99,0.03728903425796117,0.01665115472635708,0.012944224550825738,0.021090611725203313,-0.0040485647234373215,0.07862663323935967,0.09435688598456282,10,,sem informação
bloco móvel L=3,ctrl__noise,pinball_90,0.000230600568925048,0.0006109475740409728,0.0012489460851407667,0.0013903680310676729,-0.0024945207719675906,0.002955721909817687,0.007555421431906006,10,,sem informação
bloco móvel L=3,ctrl__noise,pinball_95,0.000445489112136741,0.0006504544953767167,0.0013826583686809512,0.0015280167587560184,-0.002549423735025055,0.0034404019592985374,0.0075451894562049305,10,,sem informação
bloco móvel L=3,ctrl__noise,pinball_99,0.0006173999467061763,0.0006841947480380019,0.0014896960048539304,0.0016393037058826368,-0.002595635316823792,0.0038304352102361446,0.007537003875644068,10,,sem informação
bloco móvel L=3,ctrl__perm_static,rmse,0.01938010301860888,0.004010385869109575,0.0012366453413500283,0.004196723307466968,0.011154525335973624,0.02760568070124414,0.02295685669583411,10,,inconclusivo
bloco móvel L=3,ctrl__perm_static,rmse_p90,0.032078318028536515,0.01285600063588449,0.005048455085379583,0.013811721511055652,0.00500734386686744,0.059149292190205593,0.04978016241737211,10,,inconclusivo
bloco móvel L=3,ctrl__perm_static,rmse_p95,0.040301738765162985,0.019067082975095243,0.007128770062084785,0.020356154248217986,0.0004036764386557354,0.08019980109167024,0.0643010653779092,10,,inconclusivo
bloco móvel L=3,ctrl__perm_static,rmse_p99,0.056892708292399764,0.04627285150883581,0.011202033080655645,0.04760947733276298,-0.036421867279815674,0.1502072838646152,0.11142938445422611,10,,inconclusivo
bloco móvel L=3,ctrl__perm_static,bias_p90,0.037710563585326484,0.012391665511039037,0.017342090554739672,0.02131434913259763,-0.004065560714564868,0.07948668788521784,0.030058755884130175,10,,inconclusivo
bloco móvel L=3,ctrl__perm_static,bias_p95,0.030299189359624945,0.016651398154131185,0.02179232280076886,0.027425797956309565,-0.023455374634741802,0.08405375335399169,0.04337803574170212,10,,inconclusivo
bloco móvel L=3,ctrl__perm_static,bias_p99,0.05427625869376664,0.0419905476130297,0.02167444634422753,0.04725449939604601,-0.03834256012248353,0.14689507751001682,0.09435688598456282,10,,inconclusivo
bloco móvel L=3,ctrl__perm_static,pinball_90,0.01392388429387979,0.0020699066255194768,0.0007727689639557315,0.0022094536225100185,0.009593355193760153,0.018254413393999427,0.007555421431906006,10,,acrescenta
bloco móvel L=3,ctrl__perm_static,pinball_95,0.01437693490812017,0.0021992985654936035,0.0008892325991566939,0.0023722665945431157,0.009727292382815663,0.019026577433424677,0.0075451894562049305,10,,acrescenta
bloco móvel L=3,ctrl__perm_static,pinball_99,0.0147393753995124,0.0023095445803253075,0.0009832118802300916,0.0025101198716267702,0.00981954045112393,0.01965921034790087,0.007537003875644068,10,,acrescenta
bloco móvel L=3,full_vs_base,rmse,0.005250376376439733,0.007657259008550361,0.0012428014049713457,0.007757459046377519,-0.009954243354460206,0.02045499610733967,0.02295685669583411,10,,sem informação
bloco móvel L=3,full_vs_base,rmse_p90,0.03480581554793824,0.024557808686495628,0.006303844125374039,0.025353982295480387,-0.014887989751203319,0.08449962084707979,0.04978016241737211,10,,inconclusivo
bloco móvel L=3,full_vs_base,rmse_p95,0.04603234368590607,0.033524033710501284,0.00817172886491153,0.0345056225688576,-0.021598676549054827,0.11366336392086697,0.0643010653779092,10,,inconclusivo
bloco móvel L=3,full_vs_base,rmse_p99,0.009806456891772336,0.06013478118321712,0.020855416380740472,0.06364856872206524,-0.11494473780347553,0.1345576515870202,0.11142938445422611,10,,inconclusivo
bloco móvel L=3,full_vs_base,bias_p90,0.07954364775255815,0.027732606277528236,0.019021018869594977,0.03362880624973011,0.013631187503087144,0.14545610800202916,0.030058755884130175,10,,inconclusivo
bloco móvel L=3,full_vs_base,bias_p95,0.07836596444206056,0.03678874866483221,0.023956292446458895,0.043901207000542224,-0.007680401279002186,0.16441233016312332,0.04337803574170212,10,,inconclusivo
bloco móvel L=3,full_vs_base,bias_p99,0.08069142663650004,0.06699601879039883,0.02748677574064139,0.07241539459520872,-0.06124274677010906,0.22262560004310916,0.09435688598456282,10,,inconclusivo
bloco móvel L=3,full_vs_base,pinball_90,0.0009710798362156714,0.0038334523196630944,0.0008443827414129799,0.0039253457046642985,-0.0067225977449263535,0.008664757417357696,0.007555421431906006,10,,inconclusivo
bloco móvel L=3,full_vs_base,pinball_95,0.00031244616950143917,0.004193640207245671,0.0009074253734951286,0.004290692134876411,-0.008097310414856325,0.008722202753859204,0.0075451894562049305,10,,inconclusivo
bloco móvel L=3,full_vs_base,pinball_99,-0.00021446076387002583,0.004497286992751843,0.0009607791855012782,0.004598770154994422,-0.009228050267659093,0.00879912873991904,0.007537003875644068,10,,inconclusivo
bloco móvel L=3,real_vs_perm_static,rmse,0.001530343192634218,0.001884521155557924,0.0017935262529817227,0.002601568066739756,-0.0035687302181757036,0.006629416603444139,0.02295685669583411,10,,sem informação
bloco móvel L=3,real_vs_perm_static,rmse_p90,-0.012617352338948465,0.006047179794280402,0.008147209559714147,0.010146201608200517,-0.03250390749102147,0.007269202813124546,0.04978016241737211,10,,sem informação
bloco móvel L=3,real_vs_perm_static,rmse_p95,-0.01917007149379602,0.008544280005464283,0.011046569006370667,0.013965364571835772,-0.046542186054594134,0.008202043067002094,0.0643010653779092,10,,sem informação
bloco móvel L=3,real_vs_perm_static,rmse_p99,-0.04077782532878505,0.017068340642563802,0.02375168117585334,0.02924842920517239,-0.09810474657092294,0.01654909591335283,0.11142938445422611,10,,sem informação
bloco móvel L=3,real_vs_perm_static,bias_p90,-0.03573381722804682,0.006629935267581879,0.018580676894311792,0.019728091532207014,-0.07440087663117256,0.002933242175078926,0.030058755884130175,10,,inconclusivo
bloco móvel L=3,real_vs_perm_static,bias_p95,-0.04707565964482516,0.009132236475774061,0.02258663176466998,0.024362957076723202,-0.09482705551520262,0.0006757362255523161,0.04337803574170212,10,,inconclusivo
bloco móvel L=3,real_vs_perm_static,bias_p99,-0.05015690278531274,0.02058772823699524,0.029897494676909993,0.0363003407961445,-0.12130557074575596,0.020991765175130468,0.09435688598456282,10,,inconclusivo
bloco móvel L=3,real_vs_perm_static,pinball_90,0.0006183575640401262,0.0009124438393257774,0.0009529819354259864,0.0013193666394038558,-0.001967601049191431,0.0032043161772716835,0.007555421431906006,10,,sem informação
bloco móvel L=3,real_vs_perm_static,pinball_95,0.0006175131278164646,0.0009811382731237431,0.0010056306492808185,0.0014049645240222976,-0.0021362173392672386,0.0033712435949001677,0.0075451894562049305,10,,sem informação
bloco móvel L=3,real_vs_perm_static,pinball_99,0.0006168375788375656,0.0010388831352684444,0.0010496970063443676,0.001476868976542442,-0.002277825615185621,0.003511500772860752,0.007537003875644068,10,,sem informação
bloco móvel L=3,base_vs_era5,rmse,0.335223922431819,0.01735561396137106,0.0006067633796423657,0.01736621714061566,0.30118613683621226,0.3692617080274257,0.02295685669583411,10,,acrescenta
bloco móvel L=3,base_vs_era5,rmse_p90,0.29154758055358615,0.05339647863943039,0.0033594008478777825,0.0535020514106503,0.18668355978871157,0.39641160131846076,0.04978016241737211,10,,acrescenta
bloco móvel L=3,base_vs_era5,rmse_p95,0.2829302781292206,0.07609919896167469,0.004737697185868613,0.07624653341125442,0.13348707264316195,0.4323734836152793,0.0643010653779092,10,,acrescenta
bloco móvel L=3,base_vs_era5,rmse_p99,0.3797184049931713,0.16621972715142688,0.009855373392430332,0.1665116394700353,0.053355591631902066,0.7060812183544405,0.11142938445422611,10,,inconclusivo
bloco móvel L=3,base_vs_era5,bias_p90,-0.034294797220449445,0.07820296686879882,0.003919283615710261,0.07830111628286547,-0.18776498513486578,0.11917539069396688,0.030058755884130175,10,,inconclusivo
bloco móvel L=3,base_vs_era5,bias_p95,-0.06679310790660643,0.11188352880766105,0.005204230636082557,0.11200450006570388,-0.28632192803538603,0.1527357122221732,0.04337803574170212,10,,inconclusivo
bloco móvel L=3,base_vs_era5,bias_p99,-0.048370070837092015,0.24380461247053395,0.012003154575389335,0.24409990737742596,-0.5268058892968469,0.43006574762266286,0.09435688598456282,10,,inconclusivo
bloco móvel L=3,base_vs_era5,pinball_90,0.12343257187470588,0.009127401201603784,0.0010121612207813408,0.009183350316300245,0.10543320525475741,0.14143193849465435,0.007555421431906006,10,,acrescenta
bloco móvel L=3,base_vs_era5,pinball_95,0.12053769656303384,0.010138698653638114,0.00113700844622893,0.010202254583967174,0.10054127757845818,0.1405341155476095,0.0075451894562049305,10,,acrescenta
bloco móvel L=3,base_vs_era5,pinball_99,0.11822179631369609,0.010983560616377841,0.0012370583541419279,0.011053004893928109,0.09655790672159699,0.13988568590579517,0.007537003875644068,10,,acrescenta
bloco móvel L=3,full_vs_era5,rmse,0.34047429880825875,0.01963372725527306,0.0012769058287998378,0.01967520608354777,0.3019108948845051,0.37903770273201237,0.02295685669583411,10,,acrescenta
bloco móvel L=3,full_vs_era5,rmse_p90,0.3263533961015243,0.060503393133944296,0.00627107224374079,0.060827517850121374,0.2071314611152864,0.4455753310877622,0.04978016241737211,10,,acrescenta
bloco móvel L=3,full_vs_era5,rmse_p95,0.32896262181512664,0.08394088092610122,0.008315150271483577,0.08435172324669638,0.16363324425160175,0.49429199937865154,0.0643010653779092,10,,acrescenta
bloco móvel L=3,full_vs_era5,rmse_p99,0.3895248618849436,0.17855812394827825,0.01912241212740797,0.1795791476577922,0.037549732475670894,0.7414999912942164,0.11142938445422611,10,,inconclusivo
bloco móvel L=3,full_vs_era5,bias_p90,0.0452488505321087,0.08519435570409803,0.016012775307161446,0.08668614201170807,-0.12465598781083911,0.2151536888750565,0.030058755884130175,10,,inconclusivo
bloco móvel L=3,full_vs_era5,bias_p95,0.011572856535454132,0.12030413724565267,0.02052406168707428,0.12204229818614391,-0.22763004790938796,0.2507757609802962,0.04337803574170212,10,,inconclusivo
bloco móvel L=3,full_vs_era5,bias_p99,0.03232135579940802,0.2396368174494554,0.023737960256989037,0.24080966557525468,-0.43966558872809114,0.5043083003269072,0.09435688598456282,10,,inconclusivo
bloco móvel L=3,full_vs_era5,pinball_90,0.12440365171092156,0.009699903967863492,0.0010324019035233575,0.00975469070120486,0.10528445793656004,0.1435228454852831,0.007555421431906006,10,,acrescenta
bloco móvel L=3,full_vs_era5,pinball_95,0.12085014273253528,0.010731895255366483,0.001166080661109045,0.01079505997576531,0.09969182518003528,0.14200846028503528,0.0075451894562049305,10,,acrescenta
bloco móvel L=3,full_vs_era5,pinball_99,0.11800733554982605,0.011594993259664479,0.001275447520249003,0.011664931850147005,0.09514406912353793,0.14087060197611417,0.007537003875644068,10,,acrescenta
bloco móvel L=7,add_grp__grupo2,rmse,-0.007626693825179424,0.005755174130506131,0.001724550885502536,0.006008003414540856,-0.019402380517679504,0.004148992867320654,0.02295685669583411,10,,sem informação
bloco móvel L=7,add_grp__grupo2,rmse_p90,0.014324229989125126,0.019237280130025826,0.0040852172467533265,0.019666264178899287,-0.024221647801517473,0.05287010777976772,0.04978016241737211,10,,inconclusivo
bloco móvel L=7,add_grp__grupo2,rmse_p95,0.029472625316532358,0.025462882121061056,0.006176399872599082,0.02620126487972084,-0.021881853847720484,0.0808271044807852,0.0643010653779092,10,,inconclusivo
bloco móvel L=7,add_grp__grupo2,rmse_p99,0.06720403853757012,0.05557410770317884,0.0121523176369304,0.05688725930253075,-0.044294989695390155,0.17870306677053038,0.11142938445422611,10,,inconclusivo
bloco móvel L=7,add_grp__grupo2,bias_p90,0.0420782938014575,0.022551153994909832,0.01074922916580727,0.024982003005387287,-0.006886432089101578,0.09104301969201659,0.030058755884130175,10,,inconclusivo
bloco móvel L=7,add_grp__grupo2,bias_p95,0.05665820085751303,0.02864234219067073,0.010118801290628535,0.030377193842201788,-0.00288109907320247,0.11619750078822853,0.04337803574170212,10,,inconclusivo
bloco móvel L=7,add_grp__grupo2,bias_p99,0.11042559724772198,0.058356997602579584,0.015281075180168123,0.06032454250012535,-0.0078105060525237024,0.22866170054796767,0.09435688598456282,10,,inconclusivo
bloco móvel L=7,add_grp__grupo2,pinball_90,-0.009806625820348063,0.002932483059858599,0.0021583229916901704,0.0036411282637138806,-0.01694323721722727,-0.0026700144234688573,0.007555421431906006,10,,inconclusivo
bloco móvel L=7,add_grp__grupo2,pinball_95,-0.010691199371202484,0.0032367307361566415,0.002423937541189253,0.004043748145219694,-0.018616945735833085,-0.0027654530065718847,0.0075451894562049305,10,,inconclusivo
bloco móvel L=7,add_grp__grupo2,pinball_99,-0.011398858211885961,0.003492288022150193,0.0026380364142239445,0.004376678164136042,-0.019977147413592605,-0.0028205690101793194,0.007537003875644068,10,,inconclusivo
bloco móvel L=7,add_grp__grupo3,rmse,-0.005992170078927277,0.005062757288161377,0.001300675203439347,0.0052271662823821785,-0.016237415992396347,0.004253075834541793,0.02295685669583411,10,,sem informação
bloco móvel L=7,add_grp__grupo3,rmse_p90,0.015236694942366357,0.016384054087780438,0.0018209944496919493,0.016484940070777443,-0.017073787596357432,0.04754717748109015,0.04978016241737211,10,,sem informação
bloco móvel L=7,add_grp__grupo3,rmse_p95,0.01727784876213228,0.022236389757961744,0.0021740381157782838,0.022342414175662458,-0.026513283022166136,0.061068980546430694,0.0643010653779092,10,,sem informação
bloco móvel L=7,add_grp__grupo3,rmse_p99,-0.057667688227045245,0.0429320198621881,0.006695076791955763,0.043450919238808956,-0.1428314899351108,0.027496113481020303,0.11142938445422611,10,,inconclusivo
bloco móvel L=7,add_grp__grupo3,bias_p90,0.018780819118376205,0.022585489333188144,0.009616673267321957,0.02454760137263884,-0.02933247957199592,0.06689411780874834,0.030058755884130175,10,,inconclusivo
bloco móvel L=7,add_grp__grupo3,bias_p95,0.003746804848875432,0.031024050731358065,0.01176862538354583,0.03318120352247818,-0.06128835405518179,0.06878196375293266,0.04337803574170212,10,,inconclusivo
bloco móvel L=7,add_grp__grupo3,bias_p99,-0.05760962597639537,0.047618074192554434,0.010879662390690183,0.048845143500076,-0.15334610723654432,0.038126855283753584,0.09435688598456282,10,,inconclusivo
bloco móvel L=7,add_grp__grupo3,pinball_90,-0.004160941085661654,0.0026108492718792914,0.0009283259232167693,0.002770978697173418,-0.009592059332121552,0.0012701771607982453,0.007555421431906006,10,,inconclusivo
bloco móvel L=7,add_grp__grupo3,pinball_95,-0.004134604288183552,0.0028473154881353303,0.0010382504933843014,0.003030704468599352,-0.010074785046638281,0.0018055764702711776,0.0075451894562049305,10,,inconclusivo
bloco móvel L=7,add_grp__grupo3,pinball_99,-0.004113534850201122,0.003044878605607828,0.001133215260246574,0.003248917134822614,-0.010481412434453444,0.002254342734051202,0.007537003875644068,10,,inconclusivo
bloco móvel L=7,add_grp__grupo4,rmse,0.020910446211243095,0.003978120458979378,0.0018544715626854708,0.004389135126987934,0.012307741362346745,0.029513151060139443,0.02295685669583411,10,,inconclusivo
bloco móvel L=7,add_grp__grupo4,rmse_p90,0.019460965689588043,0.014434447573036926,0.007834282844212028,0.016423436437660255,-0.012728969728226056,0.05165090110740214,0.04978016241737211,10,,inconclusivo
bloco móvel L=7,add_grp__grupo4,rmse_p95,0.02113166727136697,0.021635035867427536,0.010780405108802385,0.024172130880308597,-0.02624570925403788,0.06850904379677182,0.0643010653779092,10,,inconclusivo
bloco móvel L=7,add_grp__grupo4,rmse_p99,0.01611488296361472,0.05274695361430057,0.02252902298246244,0.05735676064888512,-0.0963043679082001,0.12853413383542955,0.11142938445422611,10,,inconclusivo
bloco móvel L=7,add_grp__grupo4,bias_p90,0.001976746357279663,0.01285991985366138,0.011033626401976296,0.01694456993319637,-0.03123461071178522,0.03518810342634455,0.030058755884130175,10,,inconclusivo
bloco móvel L=7,add_grp__grupo4,bias_p95,-0.016776470285200212,0.01770657627968008,0.011790080531283364,0.02127272531863927,-0.05847101190973318,0.024918071339332756,0.04337803574170212,10,,inconclusivo
bloco móvel L=7,add_grp__grupo4,bias_p99,0.004119355908453902,0.043837050285437544,0.020401849861393633,0.04835206774787224,-0.09065069687737569,0.09888940869428349,0.09435688598456282,10,,inconclusivo
bloco móvel L=7,add_grp__grupo4,pinball_90,0.014542241857919917,0.0022186771861358538,0.0010350991064499448,0.0024482562399498102,0.009743659627618289,0.019340824088221544,0.007555421431906006,10,,acrescenta
bloco móvel L=7,add_grp__grupo4,pinball_95,0.014994448035936633,0.002397341660403281,0.0011079705200531908,0.002640993318812469,0.009818101131064193,0.020170794940809072,0.0075451894562049305,10,,acrescenta
bloco móvel L=7,add_grp__grupo4,pinball_99,0.015356212978349965,0.0025472696327234015,0.0011670051608305152,0.0028018714508699126,0.009864544934644935,0.020847881022054995,0.007537003875644068,10,,acrescenta
bloco móvel L=7,drop_grp__grupo1,rmse,0.21621474117621067,0.013477824055266992,0.0017338985711728204,0.013588897877305897,0.1895805013366911,0.24284898101573024,0.02295685669583411,10,,acrescenta
bloco móvel L=7,drop_grp__grupo1,rmse_p90,0.3278427165815052,0.043627579058125,0.007132223768641006,0.04420672200422595,0.24119754145322236,0.41448789170978806,0.04978016241737211,10,,acrescenta
bloco móvel L=7,drop_grp__grupo1,rmse_p95,0.34373971805709935,0.06080048580592318,0.009141902101829911,0.06148392837380926,0.22323121844443322,0.4642482176697655,0.0643010653779092,10,,acrescenta
bloco móvel L=7,drop_grp__grupo1,rmse_p99,0.24758762606923934,0.11834964709131122,0.023997690251742414,0.12075813887294091,0.010901673878275148,0.48427357826020356,0.11142938445422611,10,,inconclusivo
bloco móvel L=7,drop_grp__grupo1,bias_p90,0.6673848125914305,0.04954432724050266,0.019957729240971358,0.05341302573502026,0.5626952821507908,0.7720743430320701,0.030058755884130175,10,,acrescenta
bloco móvel L=7,drop_grp__grupo1,bias_p95,0.7147519829773155,0.07413554891220686,0.0238479985295254,0.07787686849365774,0.5621133207297463,0.8673906452248846,0.04337803574170212,10,,acrescenta
bloco móvel L=7,drop_grp__grupo1,bias_p99,0.4335134401095223,0.13336955245140214,0.028207780109137538,0.13631990456192652,0.16632642716814633,0.7007004530508982,0.09435688598456282,10,,acrescenta
bloco móvel L=7,drop_grp__grupo1,pinball_90,0.1276072327042535,0.007946336870778604,0.0018375912641734771,0.008156041399972303,0.11162139156030779,0.14359307384819922,0.007555421431906006,10,,acrescenta
bloco móvel L=7,drop_grp__grupo1,pinball_95,0.12917707265036582,0.008637346980071268,0.0020908613543780077,0.00888681405551943,0.11175891710154774,0.1465952281991839,0.0075451894562049305,10,,acrescenta
bloco móvel L=7,drop_grp__grupo1,pinball_99,0.13043294460725557,0.009209724951185825,0.0022941137808390618,0.00949115333960686,0.11183028406162612,0.14903560515288503,0.007537003875644068,10,,acrescenta
bloco móvel L=7,drop_grp__grupo2,rmse,-0.011345466249182196,0.005590046383308045,0.0018130178487921259,0.005876704202831225,-0.0228638064867314,0.00017287398836700503,0.02295685669583411,10,,sem informação
bloco móvel L=7,drop_grp__grupo2,rmse_p90,-0.0027382295387839055,0.016365262312025352,0.008556146211128463,0.018466982658994546,-0.03893351555041322,0.0334570564728454,0.04978016241737211,10,,sem informação
bloco móvel L=7,drop_grp__grupo2,rmse_p95,0.0014118539812486292,0.0217190986177951,0.010852929586484414,0.024279730751775187,-0.046176418292230736,0.049000126254727994,0.0643010653779092,10,,sem informação
bloco móvel L=7,drop_grp__grupo2,rmse_p99,0.0342003513667007,0.050759475015193074,0.021697032087683026,0.05520222373448335,-0.07399600715288666,0.14239670988628805,0.11142938445422611,10,,inconclusivo
bloco móvel L=7,drop_grp__grupo2,bias_p90,0.03047503662193122,0.021154706299569635,0.02755835392050486,0.034741682017842154,-0.037618660133039404,0.09856873337690183,0.030058755884130175,10,,inconclusivo
bloco móvel L=7,drop_grp__grupo2,bias_p95,0.04258346688845267,0.02768007757262004,0.03403179357040084,0.04386741009046054,-0.043396656888849985,0.12856359066575535,0.04337803574170212,10,,inconclusivo
bloco móvel L=7,drop_grp__grupo2,bias_p99,0.09361877424646395,0.058757757379561563,0.032214134125141326,0.06700913735982592,-0.03771913497879484,0.22495668347172273,0.09435688598456282,10,,inconclusivo
bloco móvel L=7,drop_grp__grupo2,pinball_90,-0.011082907711015182,0.0023918276147081377,0.001712558159756032,0.002941716299888109,-0.016848671658795875,-0.0053171437632344885,0.007555421431906006,10,,inconclusivo
bloco móvel L=7,drop_grp__grupo2,pinball_95,-0.012149660445769544,0.0026539497186210503,0.0018576512400619895,0.0032394933614182018,-0.018499067434149218,-0.005800253457389869,0.0075451894562049305,10,,inconclusivo
bloco móvel L=7,drop_grp__grupo2,pinball_99,-0.013003062633573032,0.002876345495386803,0.0019767153007273306,0.0034900955271971418,-0.01984364986687943,-0.006162475400266634,0.007537003875644068,10,,inconclusivo
bloco móvel L=7,drop_grp__grupo3,rmse,-0.0065675766660283855,0.0041602915003968646,0.001409806217299496,0.004392673324822904,-0.015177216382681278,0.0020420630506245065,0.02295685669583411,10,,sem informação
bloco móvel L=7,drop_grp__grupo3,rmse_p90,8.717190192630425e-05,0.01310297904471666,0.006346635616151984,0.014559115477613769,-0.028448694434196682,0.028623038238049292,0.04978016241737211,10,,sem informação
bloco móvel L=7,drop_grp__grupo3,rmse_p95,-0.005184185357849636,0.0178775761829785,0.008715906883824143,0.019889061390264074,-0.044166745682767225,0.033798374967067946,0.0643010653779092,10,,sem informação
bloco móvel L=7,drop_grp__grupo3,rmse_p99,-0.056198011799979644,0.03639344304974182,0.019507043834643835,0.04129173593083145,-0.13712981422440929,0.024733790624449997,0.11142938445422611,10,,inconclusivo
bloco móvel L=7,drop_grp__grupo3,bias_p90,0.02203719636323869,0.015741824717475487,0.020072161460775357,0.025508757538209456,-0.02795996841165184,0.07203436113812922,0.030058755884130175,10,,inconclusivo
bloco móvel L=7,drop_grp__grupo3,bias_p95,0.011611100466016502,0.021120981056112417,0.024408945152342456,0.032278358759743685,-0.05165448270308112,0.07487668363511413,0.04337803574170212,10,,inconclusivo
bloco móvel L=7,drop_grp__grupo3,bias_p99,-0.06109091395507408,0.03786634836055351,0.026445921744046294,0.04618708818549849,-0.15161760679865113,0.02943577888850297,0.09435688598456282,10,,inconclusivo
bloco móvel L=7,drop_grp__grupo3,pinball_90,-0.003521741861754453,0.002186750871306058,0.0019110709072777848,0.0029041472734352403,-0.009213870517687524,0.002170386794178618,0.007555421431906006,10,,inconclusivo
bloco móvel L=7,drop_grp__grupo3,pinball_95,-0.0037180565016028443,0.0023836975625782333,0.002115799342317852,0.0031872591558883417,-0.009965084447143994,0.002528971443938305,0.0075451894562049305,10,,inconclusivo
bloco móvel L=7,drop_grp__grupo3,pinball_99,-0.003875108213481613,0.0025476463000075537,0.0022806058622117575,0.003419307644640478,-0.01057695119697695,0.002826734770013724,0.007537003875644068,10,,inconclusivo
bloco móvel L=7,drop_grp__grupo4,rmse,0.02126553224581535,0.004357469144825371,0.001680609514134202,0.004670330361666458,0.012111684736949093,0.03041937975468161,0.02295685669583411,10,,inconclusivo
bloco móvel L=7,drop_grp__grupo4,rmse_p90,0.021950432835314865,0.014821844152222357,0.006071050374095798,0.016017013351982225,-0.009442913334570292,0.05334377900520002,0.04978016241737211,10,,inconclusivo
bloco móvel L=7,drop_grp__grupo4,rmse_p95,0.024418633954876527,0.022849016588502875,0.007022505204911423,0.023903831040540082,-0.02243287488458203,0.07127014279433508,0.0643010653779092,10,,inconclusivo
bloco móvel L=7,drop_grp__grupo4,rmse_p99,0.02639336464307256,0.06066911548101557,0.014727858127022935,0.062431173128962736,-0.0959717346896944,0.14875846397583953,0.11142938445422611,10,,inconclusivo
bloco móvel L=7,drop_grp__grupo4,bias_p90,0.0341486303804996,0.012714014710251164,0.016305074435072398,0.02067611236150874,-0.006376549848057522,0.07467381060905673,0.030058755884130175,10,,inconclusivo
bloco móvel L=7,drop_grp__grupo4,bias_p95,0.04268114592536483,0.01856992317419157,0.013559363812231573,0.02299344240621296,-0.002386001190812566,0.08774829304154222,0.04337803574170212,10,,inconclusivo
bloco móvel L=7,drop_grp__grupo4,bias_p99,0.0735304107141844,0.05430043145158093,0.010271017257279197,0.0552632848401827,-0.03478562757257368,0.1818464490009425,0.09435688598456282,10,,inconclusivo
bloco móvel L=7,drop_grp__grupo4,pinball_90,0.014288009737850165,0.0022336853381319044,0.001405876568428087,0.00263928761514174,0.009115006012172355,0.019461013463527976,0.007555421431906006,10,,acrescenta
bloco móvel L=7,drop_grp__grupo4,pinball_95,0.014488058198740324,0.002412642125884231,0.0016383799582540817,0.0029163557593681584,0.008772000910378733,0.020204115487101916,0.0075451894562049305,10,,acrescenta
bloco móvel L=7,drop_grp__grupo4,pinball_99,0.01464809696745234,0.0025635187804655688,0.0018249802796444048,0.003146773197879162,0.008480421499609182,0.020815772435295497,0.007537003875644068,10,,acrescenta
bloco móvel L=7,ctrl__noise,rmse,-0.0022928691514817775,0.0012275204014642628,0.0006356322896064246,0.0013823294627552762,-0.005002234898482119,0.00041649659551856386,0.02295685669583411,10,,sem informação
bloco móvel L=7,ctrl__noise,rmse_p90,0.009501917327073919,0.004094501646362344,0.004762861695151426,0.006280907200333775,-0.0028086607855802807,0.021812495439728116,0.04978016241737211,10,,sem informação
bloco móvel L=7,ctrl__noise,rmse_p95,0.01442893453088102,0.005942199801861206,0.005351771048756246,0.00799694890839906,-0.0012450853295811366,0.030102954391343178,0.0643010653779092,10,,sem informação
bloco móvel L=7,ctrl__noise,rmse_p99,0.02888690952251146,0.011240041212322032,0.00983932817196714,0.014938236352741375,-0.0003920337288616342,0.05816585277388456,0.11142938445422611,10,,sem informação
bloco móvel L=7,ctrl__noise,bias_p90,0.006184958239856089,0.004511128546036958,0.009800295236191484,0.0107887009169495,-0.014960895557364932,0.027330812037077108,0.030058755884130175,10,,sem informação
bloco móvel L=7,ctrl__noise,bias_p95,0.011821828974067541,0.006713524567876304,0.00978574619939986,0.011867276048131158,-0.011438032080269528,0.03508169002840461,0.04337803574170212,10,,sem informação
bloco móvel L=7,ctrl__noise,bias_p99,0.03728903425796117,0.01574461154889492,0.012944224550825738,0.02038248615963703,-0.0026606386149274075,0.07723870713084975,0.09435688598456282,10,,sem informação
bloco móvel L=7,ctrl__noise,pinball_90,0.000230600568925048,0.0005998202924574429,0.0012489460851407667,0.0013855146000068637,-0.0024850080470884047,0.002946209184938501,0.007555421431906006,10,,sem informação
bloco móvel L=7,ctrl__noise,pinball_95,0.000445489112136741,0.0006435628274515365,0.0013826583686809512,0.0015250958256322405,-0.00254369870610245,0.0034346769303759323,0.0075451894562049305,10,,sem informação
bloco móvel L=7,ctrl__noise,pinball_99,0.0006173999467061763,0.0006805052790922498,0.0014896960048539304,0.0016377672672727899,-0.002592623897148492,0.0038274237905608446,0.007537003875644068,10,,sem informação
bloco móvel L=7,ctrl__perm_static,rmse,0.01938010301860888,0.004039449237513625,0.0012366453413500283,0.0042245049227965315,0.011100073369927679,0.02766013266729008,0.02295685669583411,10,,inconclusivo
bloco móvel L=7,ctrl__perm_static,rmse_p90,0.032078318028536515,0.01364086095473016,0.005048455085379583,0.01454510179872856,0.0035699185030285373,0.06058671755404449,0.04978016241737211,10,,inconclusivo
bloco móvel L=7,ctrl__perm_static,rmse_p95,0.040301738765162985,0.02034467277596135,0.007128770062084785,0.021557482992200623,-0.001950927899550238,0.08255440542987622,0.0643010653779092,10,,inconclusivo
bloco móvel L=7,ctrl__perm_static,rmse_p99,0.056892708292399764,0.05346349800136076,0.011202033080655645,0.05462445572892795,-0.05017122493629902,0.16395664152109854,0.11142938445422611,10,,inconclusivo
bloco móvel L=7,ctrl__perm_static,bias_p90,0.037710563585326484,0.012858250062324609,0.017342090554739672,0.021588948549525557,-0.004603775571743608,0.08002490274239657,0.030058755884130175,10,,inconclusivo
bloco móvel L=7,ctrl__perm_static,bias_p95,0.030299189359624945,0.016947053446094082,0.02179232280076886,0.0276063027868217,-0.02380916410254559,0.08440754282179548,0.04337803574170212,10,,inconclusivo
bloco móvel L=7,ctrl__perm_static,bias_p99,0.05427625869376664,0.045850769198842636,0.02167444634422753,0.05071562540730751,-0.045126367104556066,0.15367888449208936,0.09435688598456282,10,,inconclusivo
bloco móvel L=7,ctrl__perm_static,pinball_90,0.01392388429387979,0.0022615522149526464,0.0007727689639557315,0.0023899352067808105,0.0092396112885894,0.01860815729917018,0.007555421431906006,10,,acrescenta
bloco móvel L=7,ctrl__perm_static,pinball_95,0.01437693490812017,0.002439766012067818,0.0008892325991566939,0.0025967658363903884,0.00928727386879501,0.01946659594744533,0.0075451894562049305,10,,acrescenta
bloco móvel L=7,ctrl__perm_static,pinball_99,0.0147393753995124,0.0025898875737116476,0.0009832118802300916,0.002770238842751938,0.009309707267718601,0.020169043531306198,0.007537003875644068,10,,acrescenta
bloco móvel L=7,full_vs_base,rmse,0.005250376376439733,0.007822134208703565,0.0012428014049713457,0.007920248664730754,-0.010273311006432546,0.02077406375931201,0.02295685669583411,10,,sem informação
bloco móvel L=7,full_vs_base,rmse_p90,0.03480581554793824,0.025024389416288692,0.006303844125374039,0.02580617206047953,-0.01577428169060164,0.08538591278647811,0.04978016241737211,10,,inconclusivo
bloco móvel L=7,full_vs_base,rmse_p95,0.04603234368590607,0.03470972617077987,0.00817172886491153,0.03565869099521391,-0.02385869066471319,0.11592337803652533,0.0643010653779092,10,,inconclusivo
bloco móvel L=7,full_vs_base,rmse_p99,0.009806456891772336,0.06182169287912397,0.020855416380740472,0.06524469405901744,-0.11807314346390183,0.1376860572474465,0.11142938445422611,10,,inconclusivo
bloco móvel L=7,full_vs_base,bias_p90,0.07954364775255815,0.028756602461169154,0.019021018869594977,0.03447812848672631,0.011966515918574588,0.1471207795865417,0.030058755884130175,10,,inconclusivo
bloco móvel L=7,full_vs_base,bias_p95,0.07836596444206056,0.03773535843056695,0.023956292446458895,0.04469744090732291,-0.009241019736292336,0.16597294862041345,0.04337803574170212,10,,inconclusivo
bloco móvel L=7,full_vs_base,bias_p99,0.08069142663650004,0.06786888558714035,0.02748677574064139,0.0732236879121549,-0.06282700167132356,0.22420985494432366,0.09435688598456282,10,,inconclusivo
bloco móvel L=7,full_vs_base,pinball_90,0.0009710798362156714,0.003892149178827827,0.0008443827414129799,0.003982688469394289,-0.006834989563797135,0.008777149236228477,0.007555421431906006,10,,inconclusivo
bloco móvel L=7,full_vs_base,pinball_95,0.00031244616950143917,0.004264790629486585,0.0009074253734951286,0.004360259157644114,-0.008233661779481023,0.008858554118483903,0.0075451894562049305,10,,inconclusivo
bloco móvel L=7,full_vs_base,pinball_99,-0.00021446076387002583,0.00457907660378943,0.0009607791855012782,0.004678786080455511,-0.009384881481562827,0.008955959953822775,0.007537003875644068,10,,inconclusivo
bloco móvel L=7,real_vs_perm_static,rmse,0.001530343192634218,0.0018956024758468282,0.0017935262529817227,0.0026096063240594897,-0.0035844852025223813,0.006645171587790818,0.02295685669583411,10,,sem informação
bloco móvel L=7,real_vs_perm_static,rmse_p90,-0.012617352338948465,0.005911679216617973,0.008147209559714147,0.010066030735602315,-0.032346772580729,0.007112067902832073,0.04978016241737211,10,,sem informação
bloco móvel L=7,real_vs_perm_static,rmse_p95,-0.01917007149379602,0.008195387453480764,0.011046569006370667,0.01375467419916513,-0.04612923292415967,0.007789089936567635,0.0643010653779092,10,,sem informação
bloco móvel L=7,real_vs_perm_static,rmse_p99,-0.04077782532878505,0.015894064760774776,0.02375168117585334,0.028579077194673175,-0.09679281663034447,0.015237165972774372,0.11142938445422611,10,,sem informação
bloco móvel L=7,real_vs_perm_static,bias_p90,-0.03573381722804682,0.006610078842728239,0.018580676894311792,0.019721427335715223,-0.07438781480604865,0.0029201803499550177,0.030058755884130175,10,,inconclusivo
bloco móvel L=7,real_vs_perm_static,bias_p95,-0.04707565964482516,0.008911440489286878,0.02258663176466998,0.024281056526990346,-0.09466653043772624,0.0005152111480759211,0.04337803574170212,10,,inconclusivo
bloco móvel L=7,real_vs_perm_static,bias_p99,-0.05015690278531274,0.0192771062342706,0.029897494676909993,0.035573403164769264,-0.1198807729882605,0.01956696741763502,0.09435688598456282,10,,inconclusivo
bloco móvel L=7,real_vs_perm_static,pinball_90,0.0006183575640401262,0.0009120126481303913,0.0009529819354259864,0.0013190684741885342,-0.001967016645369401,0.0032037317734496533,0.007555421431906006,10,,sem informação
bloco móvel L=7,real_vs_perm_static,pinball_95,0.0006175131278164646,0.000986174844660059,0.0010056306492808185,0.0014084863602510506,-0.0021431201382755946,0.0033781463939085237,0.0075451894562049305,10,,sem informação
bloco móvel L=7,real_vs_perm_static,pinball_99,0.0006168375788375656,0.0010480499388729435,0.0010496970063443676,0.0014833315473958975,-0.002290492254058393,0.003524167411733525,0.007537003875644068,10,,sem informação
bloco móvel L=7,base_vs_era5,rmse,0.335223922431819,0.01772917604412909,0.0006067633796423657,0.017739555941527842,0.3004543927864244,0.36999345207721357,0.02295685669583411,10,,acrescenta
bloco móvel L=7,base_vs_era5,rmse_p90,0.29154758055358615,0.055250676118436176,0.0033594008478777825,0.055352712540588794,0.18305626397403213,0.40003889713314017,0.04978016241737211,10,,acrescenta
bloco móvel L=7,base_vs_era5,rmse_p95,0.2829302781292206,0.08044238199890597,0.004737697185868613,0.08058177583227424,0.1249899974979631,0.4408705587604781,0.0643010653779092,10,,acrescenta
bloco móvel L=7,base_vs_era5,rmse_p99,0.3797184049931713,0.19178386038417808,0.009855373392430332,0.19203691699400438,0.0033260476849226728,0.7561107623014198,0.11142938445422611,10,,inconclusivo
bloco móvel L=7,base_vs_era5,bias_p90,-0.034294797220449445,0.08068103543620934,0.003919283615710261,0.08077617385788487,-0.1926160979819038,0.12402650354100489,0.030058755884130175,10,,inconclusivo
bloco móvel L=7,base_vs_era5,bias_p95,-0.06679310790660643,0.11296746716898258,0.005204230636082557,0.11308727892689212,-0.288444174603315,0.1548579587901021,0.04337803574170212,10,,inconclusivo
bloco móvel L=7,base_vs_era5,bias_p99,-0.048370070837092015,0.2507242347599845,0.012003154575389335,0.251011389414386,-0.5403523940892886,0.44361225241510455,0.09435688598456282,10,,inconclusivo
bloco móvel L=7,base_vs_era5,pinball_90,0.12343257187470588,0.010201072204225286,0.0010121612207813408,0.010251163078044917,0.10334029224173785,0.1435248515076739,0.007555421431906006,10,,acrescenta
bloco móvel L=7,base_vs_era5,pinball_95,0.12053769656303384,0.011337317647909137,0.00113700844622893,0.011394189732332348,0.09820508468766244,0.14287030843840526,0.0075451894562049305,10,,acrescenta
bloco móvel L=7,base_vs_era5,pinball_99,0.11822179631369609,0.012280643652682829,0.0012370583541419279,0.012342792305460357,0.09402992339499379,0.1424136692323984,0.007537003875644068,10,,acrescenta
bloco móvel L=7,full_vs_era5,rmse,0.34047429880825875,0.020110084847150985,0.0012769058287998378,0.020150583144297206,0.3009791558454362,0.3799694417710813,0.02295685669583411,10,,acrescenta
bloco móvel L=7,full_vs_era5,rmse_p90,0.3263533961015243,0.06160409965080172,0.00627107224374079,0.061922463136345966,0.2049853683542862,0.4477214238487624,0.04978016241737211,10,,acrescenta
bloco móvel L=7,full_vs_era5,rmse_p95,0.32896262181512664,0.0860574619599447,0.008315150271483577,0.08645824705038081,0.15950445759638027,0.498420786033873,0.0643010653779092,10,,acrescenta
bloco móvel L=7,full_vs_era5,rmse_p99,0.3895248618849436,0.20424439096388325,0.01912241212740797,0.2051376071952143,-0.012544848217676374,0.7915945719875637,0.11142938445422611,10,,inconclusivo
bloco móvel L=7,full_vs_era5,bias_p90,0.0452488505321087,0.08662028048046083,0.016012775307161446,0.08808792178018132,-0.1274034761570467,0.2179011772212641,0.030058755884130175,10,,inconclusivo
bloco móvel L=7,full_vs_era5,bias_p95,0.011572856535454132,0.11955170420625273,0.02052406168707428,0.12130064751168551,-0.22617641258744947,0.2493221256583577,0.04337803574170212,10,,inconclusivo
bloco móvel L=7,full_vs_era5,bias_p99,0.03232135579940802,0.2473944966560007,0.023737960256989037,0.24853073800405118,-0.45479889068853224,0.5194416022873483,0.09435688598456282,10,,inconclusivo
bloco móvel L=7,full_vs_era5,pinball_90,0.12440365171092156,0.010692455991578207,0.0010324019035233575,0.01074218175336069,0.10334897547433461,0.14545832794750851,0.007555421431906006,10,,acrescenta
bloco móvel L=7,full_vs_era5,pinball_95,0.12085014273253528,0.01185854313888208,0.001166080661109045,0.011915737051686722,0.0974952981112293,0.14420498735384124,0.0075451894562049305,10,,acrescenta
bloco móvel L=7,full_vs_era5,pinball_99,0.11800733554982605,0.012828003758478175,0.001275447520249003,0.012891254663702813,0.09274047640896854,0.14327419469068356,0.007537003875644068,10,,acrescenta
bloco móvel L=14,add_grp__grupo2,rmse,-0.007626693825179424,0.005973485202233429,0.001724550885502536,0.006217443302354219,-0.019812882697793695,0.004559495047434845,0.02295685669583411,10,,sem informação
bloco móvel L=14,add_grp__grupo2,rmse_p90,0.014324229989125126,0.01870679917834602,0.0040852172467533265,0.019147671802392536,-0.02320520674356424,0.05185366672181449,0.04978016241737211,10,,inconclusivo
bloco móvel L=14,add_grp__grupo2,rmse_p95,0.029472625316532358,0.024856513078067632,0.006176399872599082,0.025612382899417797,-0.020727645166326525,0.07967289579939124,0.0643010653779092,10,,inconclusivo
bloco móvel L=14,add_grp__grupo2,rmse_p99,0.06720403853757012,0.0514590039224535,0.0121523176369304,0.05287445421600051,-0.03642989172579088,0.1708379688009311,0.11142938445422611,10,,inconclusivo
bloco móvel L=14,add_grp__grupo2,bias_p90,0.0420782938014575,0.022357364216939308,0.01074922916580727,0.02480720988720658,-0.006543837577467397,0.0907004251803824,0.030058755884130175,10,,inconclusivo
bloco móvel L=14,add_grp__grupo2,bias_p95,0.05665820085751303,0.02729372687191131,0.010118801290628535,0.029109065016206193,-0.000395566574251105,0.11371196828927717,0.04337803574170212,10,,inconclusivo
bloco móvel L=14,add_grp__grupo2,bias_p99,0.11042559724772198,0.054467968113051976,0.015281075180168123,0.05657093608052104,-0.00045343747009926605,0.22130463196554323,0.09435688598456282,10,,inconclusivo
bloco móvel L=14,add_grp__grupo2,pinball_90,-0.009806625820348063,0.0030931527437598237,0.0021583229916901704,0.0037717306415871394,-0.017199217877858858,-0.0024140337628372702,0.007555421431906006,10,,inconclusivo
bloco móvel L=14,add_grp__grupo2,pinball_95,-0.010691199371202484,0.0033951707481144123,0.002423937541189253,0.00417164926766841,-0.018867631935832567,-0.002514766806572399,0.0075451894562049305,10,,inconclusivo
bloco móvel L=14,add_grp__grupo2,pinball_99,-0.011398858211885961,0.003648835889696623,0.0026380364142239445,0.004502581423218205,-0.02022391780139364,-0.0025737986223782813,0.007537003875644068,10,,inconclusivo
bloco móvel L=14,add_grp__grupo3,rmse,-0.005992170078927277,0.004757552795642923,0.001300675203439347,0.004932146042867322,-0.01565917632294723,0.003674836165092674,0.02295685669583411,10,,sem informação
bloco móvel L=14,add_grp__grupo3,rmse_p90,0.015236694942366357,0.01584515985175703,0.0018209944496919493,0.015949454897065972,-0.016024236655882946,0.046497626540615664,0.04978016241737211,10,,sem informação
bloco móvel L=14,add_grp__grupo3,rmse_p95,0.01727784876213228,0.022185399476578608,0.0021740381157782838,0.022291666417390853,-0.02641381741595379,0.06096951494021835,0.0643010653779092,10,,sem informação
bloco móvel L=14,add_grp__grupo3,rmse_p99,-0.057667688227045245,0.04365199475527019,0.006695076791955763,0.04416243538760426,-0.14422606158674958,0.0288906851326591,0.11142938445422611,10,,inconclusivo
bloco móvel L=14,add_grp__grupo3,bias_p90,0.018780819118376205,0.022156403523070717,0.009616673267321957,0.024153397728012622,-0.02855984042852853,0.06612147866528094,0.030058755884130175,10,,inconclusivo
bloco móvel L=14,add_grp__grupo3,bias_p95,0.003746804848875432,0.030253375816134798,0.01176862538354583,0.03246178201655801,-0.05987828790357827,0.06737189760132914,0.04337803574170212,10,,inconclusivo
bloco móvel L=14,add_grp__grupo3,bias_p99,-0.05760962597639537,0.05062345908763898,0.010879662390690183,0.0517793555747197,-0.15909716290284598,0.04387791095005524,0.09435688598456282,10,,inconclusivo
bloco móvel L=14,add_grp__grupo3,pinball_90,-0.004160941085661654,0.002673735755238889,0.0009283259232167693,0.002830309507555514,-0.00970834772047046,0.0013864655491471539,0.007555421431906006,10,,inconclusivo
bloco móvel L=14,add_grp__grupo3,pinball_95,-0.004134604288183552,0.0029181681051814496,0.0010382504933843014,0.003097364876328108,-0.010205439445786644,0.0019362308694195404,0.0075451894562049305,10,,inconclusivo
bloco móvel L=14,add_grp__grupo3,pinball_99,-0.004113534850201122,0.0031214493783763716,0.001133215260246574,0.003320786510425195,-0.010622276410634504,0.0023952067102322606,0.007537003875644068,10,,inconclusivo
bloco móvel L=14,add_grp__grupo4,rmse,0.020910446211243095,0.0040529430961253575,0.0018544715626854708,0.0044570632166527875,0.012174602306603631,0.02964629011588256,0.02295685669583411,10,,inconclusivo
bloco móvel L=14,add_grp__grupo4,rmse_p90,0.019460965689588043,0.01421066842141777,0.007834282844212028,0.01622710955982596,-0.012344169047670835,0.05126610042684692,0.04978016241737211,10,,inconclusivo
bloco móvel L=14,add_grp__grupo4,rmse_p95,0.02113166727136697,0.02128157489532695,0.010780405108802385,0.023856289827534013,-0.025626660790599692,0.06788999533333363,0.0643010653779092,10,,inconclusivo
bloco móvel L=14,add_grp__grupo4,rmse_p99,0.01611488296361472,0.049914315904151824,0.02252902298246244,0.05476308801303835,-0.09122076954194044,0.12345053546916987,0.11142938445422611,10,,inconclusivo
bloco móvel L=14,add_grp__grupo4,bias_p90,0.001976746357279663,0.01240733422618022,0.011033626401976296,0.016603700014711523,-0.03056650567155492,0.03451999838611425,0.030058755884130175,10,,inconclusivo
bloco móvel L=14,add_grp__grupo4,bias_p95,-0.016776470285200212,0.016874577645079332,0.011790080531283364,0.020585367852772467,-0.05712379127663425,0.023570850706233826,0.04337803574170212,10,,inconclusivo
bloco móvel L=14,add_grp__grupo4,bias_p99,0.004119355908453902,0.04277974570867453,0.020401849861393633,0.04739559178516188,-0.08877600399046338,0.09701471580737119,0.09435688598456282,10,,inconclusivo
bloco móvel L=14,add_grp__grupo4,pinball_90,0.014542241857919917,0.002773586277905885,0.0010350991064499448,0.0029604410146397606,0.008739777469225985,0.020344706246613848,0.007555421431906006,10,,acrescenta
bloco móvel L=14,add_grp__grupo4,pinball_95,0.014994448035936633,0.0030315364706514207,0.0011079705200531908,0.0032276635583958577,0.008668227461480752,0.021320668610392515,0.0075451894562049305,10,,acrescenta
bloco móvel L=14,add_grp__grupo4,pinball_99,0.015356212978349965,0.003243417183888315,0.0011670051608305152,0.0034469778174724395,0.008600136456103982,0.022112289500595947,0.007537003875644068,10,,acrescenta
bloco móvel L=14,drop_grp__grupo1,rmse,0.21621474117621067,0.013407180312751442,0.0017338985711728204,0.013518834572319649,0.18971782541446416,0.24271165693795718,0.02295685669583411,10,,acrescenta
bloco móvel L=14,drop_grp__grupo1,rmse_p90,0.3278427165815052,0.04112582602778211,0.007132223768641006,0.04173969552300745,0.24603291335641062,0.4096525198065998,0.04978016241737211,10,,acrescenta
bloco móvel L=14,drop_grp__grupo1,rmse_p95,0.34373971805709935,0.05857227707808037,0.009141902101829911,0.0592814137495966,0.22754814710789,0.4599312890063087,0.0643010653779092,10,,acrescenta
bloco móvel L=14,drop_grp__grupo1,rmse_p99,0.24758762606923934,0.11443824987652389,0.023997690251742414,0.1169273371467096,0.018410045261688546,0.47676520687679014,0.11142938445422611,10,,inconclusivo
bloco móvel L=14,drop_grp__grupo1,bias_p90,0.6673848125914305,0.04695078655637605,0.019957729240971358,0.051016539619208844,0.5673923949377812,0.7673772302450798,0.030058755884130175,10,,acrescenta
bloco móvel L=14,drop_grp__grupo1,bias_p95,0.7147519829773155,0.07425586837850086,0.0238479985295254,0.07799141633865543,0.5618888069535508,0.8676151590010801,0.04337803574170212,10,,acrescenta
bloco móvel L=14,drop_grp__grupo1,bias_p99,0.4335134401095223,0.12344178144416743,0.028207780109137538,0.12662366392106592,0.18533105882423312,0.6816958213948114,0.09435688598456282,10,,acrescenta
bloco móvel L=14,drop_grp__grupo1,pinball_90,0.1276072327042535,0.008039468298676331,0.0018375912641734771,0.00824680496796113,0.1114434949670497,0.1437709704414573,0.007555421431906006,10,,acrescenta
bloco móvel L=14,drop_grp__grupo1,pinball_95,0.12917707265036582,0.008728903138633184,0.0020908613543780077,0.008975825934523892,0.111584453818699,0.14676969148203264,0.0075451894562049305,10,,acrescenta
bloco móvel L=14,drop_grp__grupo1,pinball_99,0.13043294460725557,0.009299422801943272,0.0022941137808390618,0.009578216038946822,0.11165964117091981,0.14920624804359134,0.007537003875644068,10,,acrescenta
bloco móvel L=14,drop_grp__grupo2,rmse,-0.011345466249182196,0.0058089640307490645,0.0018130178487921259,0.006085318137170418,-0.023272689798036216,0.0005817572996718243,0.02295685669583411,10,,inconclusivo
bloco móvel L=14,drop_grp__grupo2,rmse_p90,-0.0027382295387839055,0.016190800780017504,0.008556146211128463,0.0183125549250896,-0.038630837191959526,0.03315437811439171,0.04978016241737211,10,,sem informação
bloco móvel L=14,drop_grp__grupo2,rmse_p95,0.0014118539812486292,0.021107203812395548,0.010852929586484414,0.023733944749813378,-0.04510667772838559,0.04793038569088285,0.0643010653779092,10,,sem informação
bloco móvel L=14,drop_grp__grupo2,rmse_p99,0.0342003513667007,0.047035981198295294,0.021697032087683026,0.05179908038469733,-0.06732584618730605,0.13572654892070746,0.11142938445422611,10,,inconclusivo
bloco móvel L=14,drop_grp__grupo2,bias_p90,0.03047503662193122,0.021970997543720835,0.02755835392050486,0.035244681923291526,-0.038604539947720166,0.0995546131915826,0.030058755884130175,10,,inconclusivo
bloco móvel L=14,drop_grp__grupo2,bias_p95,0.04258346688845267,0.02824141327640427,0.03403179357040084,0.044223753769518925,-0.044095090499804424,0.12926202427670977,0.04337803574170212,10,,inconclusivo
bloco móvel L=14,drop_grp__grupo2,bias_p99,0.09361877424646395,0.05489483367923782,0.032214134125141326,0.06364898429750296,-0.031133234976641846,0.21837078346956973,0.09435688598456282,10,,inconclusivo
bloco móvel L=14,drop_grp__grupo2,pinball_90,-0.011082907711015182,0.0024204109332257853,0.001712558159756032,0.0029650032944713374,-0.016894314168179003,-0.0052715012538513606,0.007555421431906006,10,,inconclusivo
bloco móvel L=14,drop_grp__grupo2,pinball_95,-0.012149660445769544,0.002694165561330753,0.0018576512400619895,0.00327252138290409,-0.01856380235626156,-0.005735518535277528,0.0075451894562049305,10,,inconclusivo
bloco móvel L=14,drop_grp__grupo2,pinball_99,-0.013003062633573032,0.002925317233903056,0.0019767153007273306,0.003530564303209866,-0.019922968667864367,-0.006083156599281695,0.007537003875644068,10,,inconclusivo
bloco móvel L=14,drop_grp__grupo3,rmse,-0.0065675766660283855,0.004355549340281582,0.001409806217299496,0.004578030540086385,-0.0155405165245977,0.0024053631925409283,0.02295685669583411,10,,sem informação
bloco móvel L=14,drop_grp__grupo3,rmse_p90,8.717190192630425e-05,0.01288464815288002,0.006346635616151984,0.014362936387373,-0.028064183417324775,0.028238527221177385,0.04978016241737211,10,,sem informação
bloco móvel L=14,drop_grp__grupo3,rmse_p95,-0.005184185357849636,0.01788701418586076,0.008715906883824143,0.019897545308220237,-0.0441833741619613,0.033815003446262024,0.0643010653779092,10,,sem informação
bloco móvel L=14,drop_grp__grupo3,rmse_p99,-0.056198011799979644,0.034745195339929,0.019507043834643835,0.03984662292311031,-0.13429739272927585,0.02190136912931656,0.11142938445422611,10,,inconclusivo
bloco móvel L=14,drop_grp__grupo3,bias_p90,0.02203719636323869,0.014605031648868758,0.020072161460775357,0.024823348186171292,-0.026616566081657043,0.07069095880813442,0.030058755884130175,10,,inconclusivo
bloco móvel L=14,drop_grp__grupo3,bias_p95,0.011611100466016502,0.019481169737073954,0.024408945152342456,0.031229994841093848,-0.04959968942252744,0.07282189035456044,0.04337803574170212,10,,inconclusivo
bloco móvel L=14,drop_grp__grupo3,bias_p99,-0.06109091395507408,0.036038241755346916,0.026445921744046294,0.04470057768876204,-0.14870404622504768,0.026522218314899516,0.09435688598456282,10,,inconclusivo
bloco móvel L=14,drop_grp__grupo3,pinball_90,-0.003521741861754453,0.0022808605618424038,0.0019110709072777848,0.0029756540315049366,-0.00935402376350413,0.0023105400399952227,0.007555421431906006,10,,inconclusivo
bloco móvel L=14,drop_grp__grupo3,pinball_95,-0.0037180565016028443,0.002487741257569003,0.002115799342317852,0.003265802109982119,-0.010119028637167796,0.0026829156339621086,0.0075451894562049305,10,,inconclusivo
bloco móvel L=14,drop_grp__grupo3,pinball_99,-0.003875108213481613,0.00265964800248263,0.0022806058622117575,0.003503553994997719,-0.010742074043677143,0.0029918576167139166,0.007537003875644068,10,,inconclusivo
bloco móvel L=14,drop_grp__grupo4,rmse,0.02126553224581535,0.004265216447291113,0.001680609514134202,0.00458437778561508,0.012280151786009795,0.030250912705620907,0.02295685669583411,10,,inconclusivo
bloco móvel L=14,drop_grp__grupo4,rmse_p90,0.021950432835314865,0.01502563194554801,0.006071050374095798,0.016205778846074683,-0.009812893702991515,0.053713759373621245,0.04978016241737211,10,,inconclusivo
bloco móvel L=14,drop_grp__grupo4,rmse_p95,0.024418633954876527,0.023249264137725188,0.007022505204911423,0.024286701346595475,-0.023183300684450604,0.07202056859420367,0.0643010653779092,10,,inconclusivo
bloco móvel L=14,drop_grp__grupo4,rmse_p99,0.02639336464307256,0.0598678405156632,0.014727858127022935,0.061652803123772075,-0.0944461294795207,0.14723285876566583,0.11142938445422611,10,,inconclusivo
bloco móvel L=14,drop_grp__grupo4,bias_p90,0.0341486303804996,0.012536829716026696,0.016305074435072398,0.020567633594118246,-0.006163931463972157,0.07446119222497136,0.030058755884130175,10,,inconclusivo
bloco móvel L=14,drop_grp__grupo4,bias_p95,0.04268114592536483,0.01828488802397393,0.013559363812231573,0.02276386340324771,-0.0019360263450006743,0.08729831819573033,0.04337803574170212,10,,inconclusivo
bloco móvel L=14,drop_grp__grupo4,bias_p99,0.0735304107141844,0.05365905949053438,0.010271017257279197,0.054633217559540044,-0.033550695702514094,0.1806115171308829,0.09435688598456282,10,,inconclusivo
bloco móvel L=14,drop_grp__grupo4,pinball_90,0.014288009737850165,0.0025868572278473826,0.001405876568428087,0.0029442009515183195,0.00851737587287426,0.02005864360282607,0.007555421431906006,10,,acrescenta
bloco móvel L=14,drop_grp__grupo4,pinball_95,0.014488058198740324,0.0028324337368561196,0.0016383799582540817,0.003272150632426534,0.008074642959184319,0.02090147343829633,0.0075451894562049305,10,,acrescenta
bloco móvel L=14,drop_grp__grupo4,pinball_99,0.01464809696745234,0.0030353102031479063,0.0018249802796444048,0.003541703128499727,0.007706358835592874,0.021589835099311804,0.007537003875644068,10,,acrescenta
bloco móvel L=14,ctrl__noise,rmse,-0.0022928691514817775,0.0013308676417607618,0.0006356322896064246,0.0014748684983672807,-0.0051836114082816475,0.0005978731053180924,0.02295685669583411,10,,sem informação
bloco móvel L=14,ctrl__noise,rmse_p90,0.009501917327073919,0.004358092602276578,0.004762861695151426,0.006455836325152501,-0.0031515218702249832,0.02215535652437282,0.04978016241737211,10,,sem informação
bloco móvel L=14,ctrl__noise,rmse_p95,0.01442893453088102,0.006536515560090718,0.005351771048756246,0.008447928090698548,-0.002129004526888134,0.030986873588650175,0.0643010653779092,10,,sem informação
bloco móvel L=14,ctrl__noise,rmse_p99,0.02888690952251146,0.011794479866362192,0.00983932817196714,0.01535975697052819,-0.0012182141397237903,0.05899203318474671,0.11142938445422611,10,,sem informação
bloco móvel L=14,ctrl__noise,bias_p90,0.006184958239856089,0.004557615782972077,0.009800295236191484,0.01080822133108467,-0.014999155569069863,0.027369072048782042,0.030058755884130175,10,,sem informação
bloco móvel L=14,ctrl__noise,bias_p95,0.011821828974067541,0.0069176566866070875,0.00978574619939986,0.01198393936536849,-0.011666692182054697,0.03531035013018978,0.04337803574170212,10,,sem informação
bloco móvel L=14,ctrl__noise,bias_p99,0.03728903425796117,0.015088303174030432,0.012944224550825738,0.01987988535916786,-0.001675541046007832,0.07625360956193017,0.09435688598456282,10,,sem informação
bloco móvel L=14,ctrl__noise,pinball_90,0.000230600568925048,0.0006174421644125098,0.0012489460851407667,0.0013932340614494223,-0.0025001381915158195,0.002961339329365916,0.007555421431906006,10,,sem informação
bloco móvel L=14,ctrl__noise,pinball_95,0.000445489112136741,0.0006627492633180706,0.0013826583686809512,0.0015332908238530987,-0.002559760902615332,0.0034507391268888145,0.0075451894562049305,10,,sem informação
bloco móvel L=14,ctrl__noise,pinball_99,0.0006173999467061763,0.0007009226484170892,0.0014896960048539304,0.0016463555952289856,-0.0026094570199426356,0.0038442569133549883,0.007537003875644068,10,,sem informação
bloco móvel L=14,ctrl__perm_static,rmse,0.01938010301860888,0.00391878219947327,0.0012366453413500283,0.00410927555989998,0.011325922921204922,0.027434283116012842,0.02295685669583411,10,,inconclusivo
bloco móvel L=14,ctrl__perm_static,rmse_p90,0.032078318028536515,0.012854179423846299,0.005048455085379583,0.01381002633630829,0.005010666409372269,0.05914596964770076,0.04978016241737211,10,,inconclusivo
bloco móvel L=14,ctrl__perm_static,rmse_p95,0.040301738765162985,0.01951159566572296,0.007128770062084785,0.020773101068948162,-0.00041353932997541254,0.08101701686030138,0.0643010653779092,10,,inconclusivo
bloco móvel L=14,ctrl__perm_static,rmse_p99,0.056892708292399764,0.04972920076146552,0.011202033080655645,0.05097527786598368,-0.04301883632492825,0.15680425290972777,0.11142938445422611,10,,inconclusivo
bloco móvel L=14,ctrl__perm_static,bias_p90,0.037710563585326484,0.012123942423722162,0.017342090554739672,0.021159822416611178,-0.003762688351231426,0.07918381552188439,0.030058755884130175,10,,inconclusivo
bloco móvel L=14,ctrl__perm_static,bias_p95,0.030299189359624945,0.015580586230884506,0.02179232280076886,0.02678917692559699,-0.02220759741454515,0.08280597613379503,0.04337803574170212,10,,inconclusivo
bloco móvel L=14,ctrl__perm_static,bias_p99,0.05427625869376664,0.045114499467008025,0.02167444634422753,0.05005097088456392,-0.04382364423997865,0.15237616162751194,0.09435688598456282,10,,inconclusivo
bloco móvel L=14,ctrl__perm_static,pinball_90,0.01392388429387979,0.0028201508777550397,0.0007727689639557315,0.002924110607510553,0.008192627503159106,0.019655141084600473,0.007555421431906006,10,,acrescenta
bloco móvel L=14,ctrl__perm_static,pinball_95,0.01437693490812017,0.0030785691843120567,0.0008892325991566939,0.0032044223875760777,0.008096267028471058,0.020657602787769284,0.0075451894562049305,10,,acrescenta
bloco móvel L=14,ctrl__perm_static,pinball_99,0.0147393753995124,0.0032912079226903963,0.0009832118802300916,0.00343493161384701,0.00800690943637226,0.02147184136265254,0.007537003875644068,10,,acrescenta
bloco móvel L=14,full_vs_base,rmse,0.005250376376439733,0.007839747327312827,0.0012428014049713457,0.007937644076696017,-0.01030740601388446,0.020808158766763923,0.02295685669583411,10,,sem informação
bloco móvel L=14,full_vs_base,rmse_p90,0.03480581554793824,0.02451167594420965,0.006303844125374039,0.025309300826987673,-0.014800414072957596,0.08441204516883408,0.04978016241737211,10,,inconclusivo
bloco móvel L=14,full_vs_base,rmse_p95,0.04603234368590607,0.03386705642658184,0.00817172886491153,0.03483898195474297,-0.022252060945390145,0.11431674831720229,0.0643010653779092,10,,inconclusivo
bloco móvel L=14,full_vs_base,rmse_p99,0.009806456891772336,0.0587856088128009,0.020855416380740472,0.06237544545657139,-0.11244941620310758,0.13206232998665227,0.11142938445422611,10,,inconclusivo
bloco móvel L=14,full_vs_base,bias_p90,0.07954364775255815,0.028745012695126304,0.019021018869594977,0.03446846259525453,0.011985461065859265,0.14710183443925703,0.030058755884130175,10,,inconclusivo
bloco móvel L=14,full_vs_base,bias_p95,0.07836596444206056,0.03767433688424459,0.023956292446458895,0.044645936068670525,-0.00914007025253366,0.1658719991366548,0.04337803574170212,10,,inconclusivo
bloco móvel L=14,full_vs_base,bias_p99,0.08069142663650004,0.06402975842670729,0.02748677574064139,0.06968021817416191,-0.0558818009848573,0.2172646542578574,0.09435688598456282,10,,inconclusivo
bloco móvel L=14,full_vs_base,pinball_90,0.0009710798362156714,0.003963013236932863,0.0008443827414129799,0.004051969413766741,-0.006970780214767141,0.008912939887198483,0.007555421431906006,10,,inconclusivo
bloco móvel L=14,full_vs_base,pinball_95,0.00031244616950143917,0.004367300366003778,0.0009074253734951286,0.004460575444419644,-0.008430281701561062,0.009055174040563942,0.0075451894562049305,10,,inconclusivo
bloco móvel L=14,full_vs_base,pinball_99,-0.00021446076387002583,0.0047058675220821794,0.0009607791855012782,0.004802945531512967,-0.009628234005635441,0.00919931247789539,0.007537003875644068,10,,inconclusivo
bloco móvel L=14,real_vs_perm_static,rmse,0.001530343192634218,0.001954960817228526,0.0017935262529817227,0.002653037545349384,-0.0036696103962505747,0.006730296781519011,0.02295685669583411,10,,sem informação
bloco móvel L=14,real_vs_perm_static,rmse_p90,-0.012617352338948465,0.005884357654733285,0.008147209559714147,0.01005000938401133,-0.03231537073161067,0.007080666053713741,0.04978016241737211,10,,sem informação
bloco móvel L=14,real_vs_perm_static,rmse_p95,-0.01917007149379602,0.00804840902981103,0.011046569006370667,0.013667610424783578,-0.045958587926371836,0.0076184449387797955,0.0643010653779092,10,,sem informação
bloco móvel L=14,real_vs_perm_static,rmse_p99,-0.04077782532878505,0.015098465745964185,0.02375168117585334,0.028144378240803968,-0.09594080668076083,0.014385156023190723,0.11142938445422611,10,,sem informação
bloco móvel L=14,real_vs_perm_static,bias_p90,-0.03573381722804682,0.006718297759405127,0.018580676894311792,0.019757962411008884,-0.07445942355362423,0.0029917890975305894,0.030058755884130175,10,,inconclusivo
bloco móvel L=14,real_vs_perm_static,bias_p95,-0.04707565964482516,0.008740834921303745,0.02258663176466998,0.02421896219069434,-0.09454482553858606,0.0003935062489357488,0.04337803574170212,10,,inconclusivo
bloco móvel L=14,real_vs_perm_static,bias_p99,-0.05015690278531274,0.019075493071295396,0.029897494676909993,0.035464554471597416,-0.11966742954964368,0.019353623979018193,0.09435688598456282,10,,inconclusivo
bloco móvel L=14,real_vs_perm_static,pinball_90,0.0006183575640401262,0.000932426853165566,0.0009529819354259864,0.0013332645670505532,-0.001994840987378958,0.0032315561154592103,0.007555421431906006,10,,sem informação
bloco móvel L=14,real_vs_perm_static,pinball_95,0.0006175131278164646,0.0010050153067437727,0.0010056306492808185,0.00142174145665175,-0.0021691001272209657,0.003404126382853895,0.0075451894562049305,10,,sem informação
bloco móvel L=14,real_vs_perm_static,pinball_99,0.0006168375788375656,0.0010657368232542415,0.0010496970063443676,0.0014958806040484547,-0.002315088405097405,0.003548763562772537,0.007537003875644068,10,,sem informação
bloco móvel L=14,base_vs_era5,rmse,0.335223922431819,0.01698819515012291,0.0006067633796423657,0.016999027509170477,0.30190582851384484,0.3685420163497931,0.02295685669583411,10,,acrescenta
bloco móvel L=14,base_vs_era5,rmse_p90,0.29154758055358615,0.056742518921705135,0.0033594008478777825,0.056841877411260684,0.18013750082751523,0.40295766027965707,0.04978016241737211,10,,acrescenta
bloco móvel L=14,base_vs_era5,rmse_p95,0.2829302781292206,0.08670971334763222,0.004737697185868613,0.08683904745823469,0.11272574511108063,0.4531348111473606,0.0643010653779092,10,,acrescenta
bloco móvel L=14,base_vs_era5,rmse_p99,0.3797184049931713,0.22399933927223317,0.009855373392430332,0.2242160395223795,-0.05974503247069257,0.8191818424570352,0.11142938445422611,10,,inconclusivo
bloco móvel L=14,base_vs_era5,bias_p90,-0.034294797220449445,0.07787861894310667,0.003919283615710261,0.07797717661307049,-0.1871300633820676,0.11854046894116871,0.030058755884130175,10,,inconclusivo
bloco móvel L=14,base_vs_era5,bias_p95,-0.06679310790660643,0.11306767554665581,0.005204230636082557,0.11318738123146664,-0.28864037512028107,0.15505415930706817,0.04337803574170212,10,,inconclusivo
bloco móvel L=14,base_vs_era5,bias_p99,-0.048370070837092015,0.2633051488184053,0.012003154575389335,0.26357859760239116,-0.5649841221377787,0.4682439804635947,0.09435688598456282,10,,inconclusivo
bloco móvel L=14,base_vs_era5,pinball_90,0.12343257187470588,0.010492670286193372,0.0010121612207813408,0.01054137562520276,0.10277147564930847,0.1440936681001033,0.007555421431906006,10,,acrescenta
bloco móvel L=14,base_vs_era5,pinball_95,0.12053769656303384,0.01164225838950375,0.00113700844622893,0.011697647994993112,0.09761030649284734,0.14346508663322033,0.0075451894562049305,10,,acrescenta
bloco móvel L=14,base_vs_era5,pinball_99,0.11822179631369609,0.012595370173315409,0.0012370583541419279,0.01265597341868241,0.09341608841307857,0.14302750421431362,0.007537003875644068,10,,acrescenta
bloco móvel L=14,full_vs_era5,rmse,0.34047429880825875,0.019139828552299842,0.0012769058287998378,0.019182375387502334,0.3028768430487542,0.3780717545677633,0.02295685669583411,10,,acrescenta
bloco móvel L=14,full_vs_era5,rmse_p90,0.3263533961015243,0.06431250010304379,0.00627107224374079,0.06461752097218079,0.19970305499604996,0.45300373720699866,0.04978016241737211,10,,acrescenta
bloco móvel L=14,full_vs_era5,rmse_p95,0.32896262181512664,0.09364226462261434,0.008315150271483577,0.09401071985517971,0.1447016108989744,0.5132236327312789,0.0643010653779092,10,,acrescenta
bloco móvel L=14,full_vs_era5,rmse_p99,0.3895248618849436,0.23959358873245346,0.01912241212740797,0.24035547509317629,-0.0815718692976819,0.8606215930675691,0.11142938445422611,10,,inconclusivo
bloco móvel L=14,full_vs_era5,bias_p90,0.0452488505321087,0.08579118619799153,0.016012775307161446,0.08727277125367391,-0.12580578112509216,0.21630348218930956,0.030058755884130175,10,,inconclusivo
bloco móvel L=14,full_vs_era5,bias_p95,0.011572856535454132,0.11958575426356845,0.02052406168707428,0.1213342067634738,-0.22624218872095453,0.24938790179186276,0.04337803574170212,10,,inconclusivo
bloco móvel L=14,full_vs_era5,bias_p99,0.03232135579940802,0.2622913434187429,0.023737960256989037,0.26336332240760346,-0.48387075611949476,0.5485134677183108,0.09435688598456282,10,,inconclusivo
bloco móvel L=14,full_vs_era5,pinball_90,0.12440365171092156,0.011190498498486655,0.0010324019035233575,0.011238020748113555,0.102377131044619,0.14643017237722414,0.007555421431906006,10,,acrescenta
bloco móvel L=14,full_vs_era5,pinball_95,0.12085014273253528,0.012440401580202175,0.001166080661109045,0.012494932396172028,0.0963600752360381,0.14534021022903246,0.0075451894562049305,10,,acrescenta
bloco móvel L=14,full_vs_era5,pinball_99,0.11800733554982605,0.013475143322829966,0.001275447520249003,0.013535370476928895,0.09147800941504541,0.1445366616846067,0.007537003875644068,10,,acrescenta
estacionário L=7,add_grp__grupo2,rmse,-0.007626693825179424,0.005802511691034726,0.001724550885502536,0.0060533641622887895,-0.019491287583265453,0.004237899932906603,0.02295685669583411,10,,sem informação
estacionário L=7,add_grp__grupo2,rmse_p90,0.014324229989125126,0.018696544033375086,0.0040852172467533265,0.01913765290585824,-0.023185569706357028,0.05183402968460728,0.04978016241737211,10,,inconclusivo
estacionário L=7,add_grp__grupo2,rmse_p95,0.029472625316532358,0.02485113968101037,0.006176399872599082,0.025607168114247427,-0.0207174241873926,0.07966267482045732,0.0643010653779092,10,,inconclusivo
estacionário L=7,add_grp__grupo2,rmse_p99,0.06720403853757012,0.05019930947134528,0.0121523176369304,0.051649293270564174,-0.03402857627273566,0.1684366533478759,0.11142938445422611,10,,inconclusivo
estacionário L=7,add_grp__grupo2,bias_p90,0.0420782938014575,0.022469455969119218,0.01074922916580727,0.024908279330520384,-0.0067419336863624515,0.09089852128927745,0.030058755884130175,10,,inconclusivo
estacionário L=7,add_grp__grupo2,bias_p95,0.05665820085751303,0.028405302148744288,0.010118801290628535,0.03015379461561484,-0.0024432365890920543,0.11575963830411812,0.04337803574170212,10,,inconclusivo
estacionário L=7,add_grp__grupo2,bias_p99,0.11042559724772198,0.05554839538775869,0.015281075180168123,0.05761193876981334,-0.002493802741112161,0.22334499723655613,0.09435688598456282,10,,inconclusivo
estacionário L=7,add_grp__grupo2,pinball_90,-0.009806625820348063,0.0030049384818524503,0.0021583229916901704,0.0036997315329867,-0.017058099625001995,-0.0025551520156941315,0.007555421431906006,10,,inconclusivo
estacionário L=7,add_grp__grupo2,pinball_95,-0.010691199371202484,0.003296276765640496,0.002423937541189253,0.004091566169486688,-0.01871066906339639,-0.0026717296790085745,0.0075451894562049305,10,,inconclusivo
estacionário L=7,add_grp__grupo2,pinball_99,-0.011398858211885961,0.0035406486512396937,0.0026380364142239445,0.004415362838351679,-0.02005296937505525,-0.002744747048716672,0.007537003875644068,10,,inconclusivo
estacionário L=7,add_grp__grupo3,rmse,-0.005992170078927277,0.0048532778342789675,0.001300675203439347,0.0050245459219262325,-0.015840280085902693,0.0038559399280481384,0.02295685669583411,10,,sem informação
estacionário L=7,add_grp__grupo3,rmse_p90,0.015236694942366357,0.01678194996980995,0.0018209944496919493,0.016880458097309238,-0.01784900292835975,0.04832239281309246,0.04978016241737211,10,,sem informação
estacionário L=7,add_grp__grupo3,rmse_p95,0.01727784876213228,0.02213108231520585,0.0021740381157782838,0.022237608823146293,-0.026307864531234453,0.06086356205549901,0.0643010653779092,10,,sem informação
estacionário L=7,add_grp__grupo3,rmse_p99,-0.057667688227045245,0.042064697867514884,0.006695076791955763,0.042594164623050136,-0.1411522508882235,0.025816874434133018,0.11142938445422611,10,,inconclusivo
estacionário L=7,add_grp__grupo3,bias_p90,0.018780819118376205,0.023098369353926874,0.009616673267321957,0.025020293194542163,-0.030258955542926434,0.06782059377967885,0.030058755884130175,10,,inconclusivo
estacionário L=7,add_grp__grupo3,bias_p95,0.003746804848875432,0.03136316529053302,0.01176862538354583,0.03349848773391919,-0.06191023110960618,0.06940384080735705,0.04337803574170212,10,,inconclusivo
estacionário L=7,add_grp__grupo3,bias_p99,-0.05760962597639537,0.04755394614648701,0.010879662390690183,0.04878262854580906,-0.15322357792618113,0.03800432597339038,0.09435688598456282,10,,inconclusivo
estacionário L=7,add_grp__grupo3,pinball_90,-0.004160941085661654,0.0027669429839285832,0.0009283259232167693,0.0029185206005830897,-0.009881241462804509,0.0015593592914812026,0.007555421431906006,10,,inconclusivo
estacionário L=7,add_grp__grupo3,pinball_95,-0.004134604288183552,0.003014654308599971,0.0010382504933843014,0.003188432951682239,-0.01038393287348074,0.002114724297113636,0.0075451894562049305,10,,inconclusivo
estacionário L=7,add_grp__grupo3,pinball_99,-0.004113534850201122,0.003220356164056132,0.001133215260246574,0.003413923058510551,-0.0108048240448818,0.0025777543444795584,0.007537003875644068,10,,inconclusivo
estacionário L=7,add_grp__grupo4,rmse,0.020910446211243095,0.003855149281427729,0.0018544715626854708,0.004277994946105223,0.012525576116876859,0.02929531630560933,0.02295685669583411,10,,inconclusivo
estacionário L=7,add_grp__grupo4,rmse_p90,0.019460965689588043,0.013327321604010586,0.007834282844212028,0.015459414245689976,-0.010839486231964311,0.0497614176111404,0.04978016241737211,10,,sem informação
estacionário L=7,add_grp__grupo4,rmse_p95,0.02113166727136697,0.02052302714808697,0.010780405108802385,0.023182143508118643,-0.02430533400454557,0.06656866854727951,0.0643010653779092,10,,inconclusivo
estacionário L=7,add_grp__grupo4,rmse_p99,0.01611488296361472,0.04951456936588291,0.02252902298246244,0.054398983961404565,-0.09050712560073823,0.12273689152796766,0.11142938445422611,10,,inconclusivo
estacionário L=7,add_grp__grupo4,bias_p90,0.001976746357279663,0.012766510750824514,0.011033626401976296,0.01687378761064943,-0.03109587735959322,0.03504937007415255,0.030058755884130175,10,,inconclusivo
estacionário L=7,add_grp__grupo4,bias_p95,-0.016776470285200212,0.018594840044434072,0.011790080531283364,0.022017585589983204,-0.059930938041567294,0.02637799747116687,0.04337803574170212,10,,inconclusivo
estacionário L=7,add_grp__grupo4,bias_p99,0.004119355908453902,0.04553606448404617,0.020401849861393633,0.04989758156927106,-0.09367990396731737,0.10191861578422517,0.09435688598456282,10,,inconclusivo
estacionário L=7,add_grp__grupo4,pinball_90,0.014542241857919917,0.002503965425499649,0.0010350991064499448,0.0027094783653447228,0.00923166426184426,0.01985281945399557,0.007555421431906006,10,,acrescenta
estacionário L=7,add_grp__grupo4,pinball_95,0.014994448035936633,0.00271330304855593,0.0011079705200531908,0.0029308040034451027,0.009250072189184232,0.020738823882689033,0.0075451894562049305,10,,acrescenta
estacionário L=7,add_grp__grupo4,pinball_99,0.015356212978349965,0.002887356115784744,0.0011670051608305152,0.003114277827163887,0.009252228437108746,0.021460197519591183,0.007537003875644068,10,,acrescenta
estacionário L=7,drop_grp__grupo1,rmse,0.21621474117621067,0.013952421230298183,0.0017338985711728204,0.014059746172772487,0.1886576386775766,0.24377184367484475,0.02295685669583411,10,,acrescenta
estacionário L=7,drop_grp__grupo1,rmse_p90,0.3278427165815052,0.044168471512294034,0.007132223768641006,0.044740613447049396,0.2401511142252884,0.415534318937722,0.04978016241737211,10,,acrescenta
estacionário L=7,drop_grp__grupo1,rmse_p95,0.34373971805709935,0.061337400813451994,0.009141902101829911,0.06201492653054991,0.22219046205722154,0.46528897405697717,0.0643010653779092,10,,acrescenta
estacionário L=7,drop_grp__grupo1,rmse_p99,0.24758762606923934,0.12273722932663673,0.023997690251742414,0.12506125139385896,0.0024675733372757913,0.4927076788012029,0.11142938445422611,10,,inconclusivo
estacionário L=7,drop_grp__grupo1,bias_p90,0.6673848125914305,0.049887170731406666,0.019957729240971358,0.053731189825281564,0.5620716805338786,0.7726979446489823,0.030058755884130175,10,,acrescenta
estacionário L=7,drop_grp__grupo1,bias_p95,0.7147519829773155,0.07449124949754142,0.0238479985295254,0.07821555654452131,0.5614494921500537,0.8680544738045772,0.04337803574170212,10,,acrescenta
estacionário L=7,drop_grp__grupo1,bias_p99,0.4335134401095223,0.13793529733770515,0.028207780109137538,0.14079000358806226,0.15756503307692027,0.7094618471421243,0.09435688598456282,10,,acrescenta
estacionário L=7,drop_grp__grupo1,pinball_90,0.1276072327042535,0.008384854615076646,0.0018375912641734771,0.008583852781247988,0.11078288125300745,0.14443158415549956,0.007555421431906006,10,,acrescenta
estacionário L=7,drop_grp__grupo1,pinball_95,0.12917707265036582,0.009083185000780057,0.0020908613543780077,0.009320726954568901,0.11090844781941078,0.14744569748132086,0.0075451894562049305,10,,acrescenta
estacionário L=7,drop_grp__grupo1,pinball_99,0.13043294460725557,0.009659357043575928,0.0022941137808390618,0.009928047972019252,0.11097397058209785,0.1498919186324133,0.007537003875644068,10,,acrescenta
estacionário L=7,drop_grp__grupo2,rmse,-0.011345466249182196,0.005746062750534138,0.0018130178487921259,0.006025302552827931,-0.02315505925272494,0.00046412675436054845,0.02295685669583411,10,,inconclusivo
estacionário L=7,drop_grp__grupo2,rmse_p90,-0.0027382295387839055,0.01617917170991676,0.008556146211128463,0.018302274044642068,-0.03861068666628236,0.033134227588714545,0.04978016241737211,10,,sem informação
estacionário L=7,drop_grp__grupo2,rmse_p95,0.0014118539812486292,0.021925849393197423,0.010852929586484414,0.024464851363177432,-0.04653925469057914,0.049362962653076395,0.0643010653779092,10,,sem informação
estacionário L=7,drop_grp__grupo2,rmse_p99,0.0342003513667007,0.04786979614913977,0.021697032087683026,0.05255738373220402,-0.06881212074841918,0.13721282348182057,0.11142938445422611,10,,inconclusivo
estacionário L=7,drop_grp__grupo2,bias_p90,0.03047503662193122,0.020975360619604734,0.02755835392050486,0.034632768066244296,-0.0374051887879076,0.09835526203177003,0.030058755884130175,10,,inconclusivo
estacionário L=7,drop_grp__grupo2,bias_p95,0.04258346688845267,0.028019530820560086,0.03403179357040084,0.04408238969274117,-0.04381801690932002,0.12898495068622537,0.04337803574170212,10,,inconclusivo
estacionário L=7,drop_grp__grupo2,bias_p99,0.09361877424646395,0.05665772403202259,0.032214134125141326,0.06517551787229178,-0.034125240783227956,0.22136278927615585,0.09435688598456282,10,,inconclusivo
estacionário L=7,drop_grp__grupo2,pinball_90,-0.011082907711015182,0.002294903526137505,0.001712558159756032,0.002863466019498978,-0.016695301109233177,-0.005470514312797186,0.007555421431906006,10,,inconclusivo
estacionário L=7,drop_grp__grupo2,pinball_95,-0.012149660445769544,0.0025407501472624306,0.0018576512400619895,0.0031474242549294033,-0.018318611985431173,-0.005980708906107914,0.0075451894562049305,10,,inconclusivo
estacionário L=7,drop_grp__grupo2,pinball_99,-0.013003062633573032,0.002750320486465678,0.0019767153007273306,0.003386984818153507,-0.019641552877153905,-0.006364572389992158,0.007537003875644068,10,,inconclusivo
estacionário L=7,drop_grp__grupo3,rmse,-0.0065675766660283855,0.004148951233644081,0.001409806217299496,0.004381934493975584,-0.01515616827422053,0.0020210149421637583,0.02295685669583411,10,,sem informação
estacionário L=7,drop_grp__grupo3,rmse_p90,8.717190192630425e-05,0.01324633505593197,0.006346635616151984,0.014688266611762639,-0.028701830657128467,0.028876174460981077,0.04978016241737211,10,,sem informação
estacionário L=7,drop_grp__grupo3,rmse_p95,-0.005184185357849636,0.01775510158524424,0.008715906883824143,0.019779046112232905,-0.04395111573782613,0.03358274502212685,0.0643010653779092,10,,sem informação
estacionário L=7,drop_grp__grupo3,rmse_p99,-0.056198011799979644,0.035876667787271325,0.019507043834643835,0.040836993653854445,-0.13623851936153436,0.023842495761575072,0.11142938445422611,10,,inconclusivo
estacionário L=7,drop_grp__grupo3,bias_p90,0.02203719636323869,0.01503900807844133,0.020072161460775357,0.02508113692978967,-0.027121832019149063,0.07119622474562645,0.030058755884130175,10,,inconclusivo
estacionário L=7,drop_grp__grupo3,bias_p95,0.011611100466016502,0.019742975905509916,0.024408945152342456,0.03139397555352949,-0.0499210916189013,0.0731432925509343,0.04337803574170212,10,,inconclusivo
estacionário L=7,drop_grp__grupo3,bias_p99,-0.06109091395507408,0.038090310894174965,0.026445921744046294,0.04637088052762341,-0.15197783978921597,0.02979601187906781,0.09435688598456282,10,,inconclusivo
estacionário L=7,drop_grp__grupo3,pinball_90,-0.003521741861754453,0.00224569376208563,0.0019110709072777848,0.0029487849168282594,-0.009301360298737842,0.002257876575228935,0.007555421431906006,10,,inconclusivo
estacionário L=7,drop_grp__grupo3,pinball_95,-0.0037180565016028443,0.0024411151264409773,0.002115799342317852,0.0032304256557753506,-0.01004969078692253,0.002613577783716843,0.0075451894562049305,10,,inconclusivo
estacionário L=7,drop_grp__grupo3,pinball_99,-0.003875108213481613,0.002603236679822921,0.0022806058622117575,0.003460925354573557,-0.010658521908445785,0.0029083054814825586,0.007537003875644068,10,,inconclusivo
estacionário L=7,drop_grp__grupo4,rmse,0.02126553224581535,0.004278588258469073,0.001680609514134202,0.004596821273935698,0.012255762548901383,0.03027530194272932,0.02295685669583411,10,,inconclusivo
estacionário L=7,drop_grp__grupo4,rmse_p90,0.021950432835314865,0.014021394035278842,0.006071050374095798,0.015279304412746079,-0.007997003813667448,0.05189786948429718,0.04978016241737211,10,,inconclusivo
estacionário L=7,drop_grp__grupo4,rmse_p95,0.024418633954876527,0.02143009025225874,0.007022505204911423,0.022551371301385712,-0.019782053795839465,0.06861932170559251,0.0643010653779092,10,,inconclusivo
estacionário L=7,drop_grp__grupo4,rmse_p99,0.02639336464307256,0.05656028582489051,0.014727858127022935,0.05844634922390812,-0.08816147983578736,0.14094820912193248,0.11142938445422611,10,,inconclusivo
estacionário L=7,drop_grp__grupo4,bias_p90,0.0341486303804996,0.013010451327445488,0.016305074435072398,0.020859705081258447,-0.006736391578766952,0.07503365233976617,0.030058755884130175,10,,inconclusivo
estacionário L=7,drop_grp__grupo4,bias_p95,0.04268114592536483,0.01833633385189704,0.013559363812231573,0.022805207434283086,-0.0020170606458300155,0.08737935249655968,0.04337803574170212,10,,inconclusivo
estacionário L=7,drop_grp__grupo4,bias_p99,0.0735304107141844,0.05302160820264498,0.010271017257279197,0.054007265547277215,-0.032323829758478945,0.17938465118684774,0.09435688598456282,10,,inconclusivo
estacionário L=7,drop_grp__grupo4,pinball_90,0.014288009737850165,0.0024155944847794836,0.001405876568428087,0.0027949214014981157,0.00880996379091386,0.01976605568478647,0.007555421431906006,10,,acrescenta
estacionário L=7,drop_grp__grupo4,pinball_95,0.014488058198740324,0.002620478717642356,0.0016383799582540817,0.003090501188678816,0.008430675868929845,0.020545440528550805,0.0075451894562049305,10,,acrescenta
estacionário L=7,drop_grp__grupo4,pinball_99,0.01464809696745234,0.0027917386528101707,0.0018249802796444048,0.0033353197338014413,0.008110870289201516,0.021185323645703164,0.007537003875644068,10,,acrescenta
estacionário L=7,ctrl__noise,rmse,-0.0022928691514817775,0.0013051689717370602,0.0006356322896064246,0.0014517212033911611,-0.005138242710128454,0.0005525044071648983,0.02295685669583411,10,,sem informação
estacionário L=7,ctrl__noise,rmse_p90,0.009501917327073919,0.004304045805226053,0.004762861695151426,0.006419475198224906,-0.003080254061446897,0.022084088715594734,0.04978016241737211,10,,sem informação
estacionário L=7,ctrl__noise,rmse_p95,0.01442893453088102,0.006269460425143162,0.005351771048756246,0.008243032656780017,-0.0017274094764078117,0.030585278538169853,0.0643010653779092,10,,sem informação
estacionário L=7,ctrl__noise,rmse_p99,0.02888690952251146,0.011632876115976116,0.00983932817196714,0.015236016067375152,-0.0009756819695438367,0.05874950101456676,0.11142938445422611,10,,sem informação
estacionário L=7,ctrl__noise,bias_p90,0.006184958239856089,0.004375255668784419,0.009800295236191484,0.010732597490064914,-0.014850932840671143,0.027220849320383322,0.030058755884130175,10,,sem informação
estacionário L=7,ctrl__noise,bias_p95,0.011821828974067541,0.006782407830734164,0.00978574619939986,0.011906379998197306,-0.011514675822399179,0.03515833377053426,0.04337803574170212,10,,sem informação
estacionário L=7,ctrl__noise,bias_p99,0.03728903425796117,0.015823337967304358,0.012944224550825738,0.020443360135988787,-0.0027799516085768514,0.07735802012449919,0.09435688598456282,10,,sem informação
estacionário L=7,ctrl__noise,pinball_90,0.000230600568925048,0.000617018319018702,0.0012489460851407667,0.001393046276902929,-0.002499770133804693,0.0029609712716547887,0.007555421431906006,10,,sem informação
estacionário L=7,ctrl__noise,pinball_95,0.000445489112136741,0.000658353016964935,0.0013826583686809512,0.0015313957226759847,-0.0025560465043081887,0.003447024728581671,0.0075451894562049305,10,,sem informação
estacionário L=7,ctrl__noise,pinball_99,0.0006173999467061763,0.0006935454830016746,0.0014896960048539304,0.0016432283845740335,-0.002603327687058929,0.003838127580471282,0.007537003875644068,10,,sem informação
estacionário L=7,ctrl__perm_static,rmse,0.01938010301860888,0.0038963013130654286,0.0012366453413500283,0.004087842416541776,0.011367931882187,0.02739227415503076,0.02295685669583411,10,,inconclusivo
estacionário L=7,ctrl__perm_static,rmse_p90,0.032078318028536515,0.012470913548529975,0.005048455085379583,0.013454017373409455,0.005708443976653984,0.05844819208041904,0.04978016241737211,10,,inconclusivo
estacionário L=7,ctrl__perm_static,rmse_p95,0.040301738765162985,0.019124235947666206,0.007128770062084785,0.020409697772874654,0.00029873113032866105,0.08030474639999731,0.0643010653779092,10,,inconclusivo
estacionário L=7,ctrl__perm_static,rmse_p99,0.056892708292399764,0.04968922966010486,0.011202033080655645,0.05093628460493313,-0.04294240953326917,0.1567278261180687,0.11142938445422611,10,,inconclusivo
estacionário L=7,ctrl__perm_static,bias_p90,0.037710563585326484,0.012401690241473027,0.017342090554739672,0.021320178837294923,-0.004076986935771562,0.07949811410642453,0.030058755884130175,10,,inconclusivo
estacionário L=7,ctrl__perm_static,bias_p95,0.030299189359624945,0.017300302864273757,0.02179232280076886,0.02782455412488238,-0.02423693672514452,0.0848353154443944,0.04337803574170212,10,,inconclusivo
estacionário L=7,ctrl__perm_static,bias_p99,0.05427625869376664,0.04678560213741101,0.02167444634422753,0.05156233307065261,-0.04678591412471247,0.15533843151224574,0.09435688598456282,10,,inconclusivo
estacionário L=7,ctrl__perm_static,pinball_90,0.01392388429387979,0.0025607479743146016,0.0007727689639557315,0.0026748087893547737,0.008681259066744433,0.019166509521015146,0.007555421431906006,10,,acrescenta
estacionário L=7,ctrl__perm_static,pinball_95,0.01437693490812017,0.0027716999440417947,0.0008892325991566939,0.0029108512835945874,0.00867166639227478,0.02008220342396556,0.0075451894562049305,10,,acrescenta
estacionário L=7,ctrl__perm_static,pinball_99,0.0147393753995124,0.0029475280881445976,0.0009832118802300916,0.003107189635639727,0.008649283713658536,0.020829467085366263,0.007537003875644068,10,,acrescenta
estacionário L=7,full_vs_base,rmse,0.005250376376439733,0.007658524825214606,0.0012428014049713457,0.007758708515637583,-0.00995669231420993,0.020457445067089394,0.02295685669583411,10,,sem informação
estacionário L=7,full_vs_base,rmse_p90,0.03480581554793824,0.02528070136128793,0.006303844125374039,0.026054794416299626,-0.016261581508009028,0.0858732126038855,0.04978016241737211,10,,inconclusivo
estacionário L=7,full_vs_base,rmse_p95,0.04603234368590607,0.03388695913810563,0.00817172886491153,0.03485832974009612,-0.022289982604682318,0.11435466997649446,0.0643010653779092,10,,inconclusivo
estacionário L=7,full_vs_base,rmse_p99,0.009806456891772336,0.05826522583750531,0.020855416380740472,0.061885256194909255,-0.11148864525024979,0.13110155903379447,0.11142938445422611,10,,inconclusivo
estacionário L=7,full_vs_base,bias_p90,0.07954364775255815,0.029872011979196506,0.019021018869594977,0.035413786277701906,0.010132626648262422,0.14895466885685388,0.030058755884130175,10,,inconclusivo
estacionário L=7,full_vs_base,bias_p95,0.07836596444206056,0.03783287684278331,0.023956292446458895,0.04477980033431897,-0.009402444213204617,0.16613437309732576,0.04337803574170212,10,,inconclusivo
estacionário L=7,full_vs_base,bias_p99,0.08069142663650004,0.0658590046138554,0.02748677574064139,0.07136477653117215,-0.059183535364597376,0.22056638863759748,0.09435688598456282,10,,inconclusivo
estacionário L=7,full_vs_base,pinball_90,0.0009710798362156714,0.004071702951083933,0.0008443827414129799,0.004158334658954436,-0.007179256095335023,0.009121415767766365,0.007555421431906006,10,,inconclusivo
estacionário L=7,full_vs_base,pinball_95,0.00031244616950143917,0.004458376758913183,0.0009074253734951286,0.004549785064470627,-0.00860513255686099,0.009230024895863869,0.0075451894562049305,10,,inconclusivo
estacionário L=7,full_vs_base,pinball_99,-0.00021446076387002583,0.004781955196105661,0.0009607791855012782,0.00487751905591915,-0.009774398113471559,0.009345476585731507,0.007537003875644068,10,,inconclusivo
estacionário L=7,real_vs_perm_static,rmse,0.001530343192634218,0.001868142094189554,0.0017935262529817227,0.0025897280367284886,-0.0035455237593536196,0.006606210144622055,0.02295685669583411,10,,sem informação
estacionário L=7,real_vs_perm_static,rmse_p90,-0.012617352338948465,0.005769972958755213,0.008147209559714147,0.009983466910580913,-0.032184947483687054,0.0069502428057901244,0.04978016241737211,10,,sem informação
estacionário L=7,real_vs_perm_static,rmse_p95,-0.01917007149379602,0.0083194552626982,0.011046569006370667,0.013828955950488301,-0.04627482515675309,0.007934682169161052,0.0643010653779092,10,,sem informação
estacionário L=7,real_vs_perm_static,rmse_p99,-0.04077782532878505,0.016659620426269475,0.02375168117585334,0.029011813308146752,-0.09764097941275268,0.01608532875518258,0.11142938445422611,10,,sem informação
estacionário L=7,real_vs_perm_static,bias_p90,-0.03573381722804682,0.006502106881173761,0.018580676894311792,0.019685500952351182,-0.07431739909465514,0.0028497646385615,0.030058755884130175,10,,inconclusivo
estacionário L=7,real_vs_perm_static,bias_p95,-0.04707565964482516,0.009057499835187013,0.02258663176466998,0.024335041354746283,-0.09477234070012787,0.0006210214104775541,0.04337803574170212,10,,inconclusivo
estacionário L=7,real_vs_perm_static,bias_p99,-0.05015690278531274,0.020053680396290227,0.029897494676909993,0.03600014285238902,-0.12071718277599522,0.02040337720536973,0.09435688598456282,10,,inconclusivo
estacionário L=7,real_vs_perm_static,pinball_90,0.0006183575640401262,0.0008757666650425432,0.0009529819354259864,0.0012942726995683704,-0.0019184169271138796,0.003155132055194132,0.007555421431906006,10,,sem informação
estacionário L=7,real_vs_perm_static,pinball_95,0.0006175131278164646,0.0009426856925199641,0.0010056306492808185,0.0013783864906675503,-0.002084124393891934,0.003319150649524863,0.0075451894562049305,10,,sem informação
estacionário L=7,real_vs_perm_static,pinball_99,0.0006168375788375656,0.0009988640044509222,0.0010496970063443676,0.0014489972755378317,-0.0022231970812165843,0.003456872238891716,0.007537003875644068,10,,sem informação
estacionário L=7,base_vs_era5,rmse,0.335223922431819,0.017422517173021283,0.0006067633796423657,0.017433079660320965,0.30105508629758987,0.3693927585660481,0.02295685669583411,10,,acrescenta
estacionário L=7,base_vs_era5,rmse_p90,0.29154758055358615,0.05183495529486377,0.0033594008478777825,0.0519437018749843,0.1897379248786169,0.3933572362285554,0.04978016241737211,10,,acrescenta
estacionário L=7,base_vs_era5,rmse_p95,0.2829302781292206,0.07699964239276359,0.004737697185868613,0.07714525716619566,0.13172557408347713,0.4341349821749641,0.0643010653779092,10,,acrescenta
estacionário L=7,base_vs_era5,rmse_p99,0.3797184049931713,0.18409689761886452,0.009855373392430332,0.18436050579664537,0.018371813631746337,0.7410649963545962,0.11142938445422611,10,,inconclusivo
estacionário L=7,base_vs_era5,bias_p90,-0.034294797220449445,0.07714673261638437,0.003919283615710261,0.07724622409829673,-0.18569739645311104,0.11710780201221213,0.030058755884130175,10,,inconclusivo
estacionário L=7,base_vs_era5,bias_p95,-0.06679310790660643,0.10853965513841946,0.005204230636082557,0.108664349048253,-0.2797752320411823,0.14618901622796948,0.04337803574170212,10,,inconclusivo
estacionário L=7,base_vs_era5,bias_p99,-0.048370070837092015,0.2484258257429642,0.012003154575389335,0.24871563403982933,-0.5358527135551575,0.43911257188097347,0.09435688598456282,10,,inconclusivo
estacionário L=7,base_vs_era5,pinball_90,0.12343257187470588,0.009998370583943731,0.0010121612207813408,0.010049471860288225,0.10373560702854095,0.1431295367208708,0.007555421431906006,10,,acrescenta
estacionário L=7,base_vs_era5,pinball_95,0.12053769656303384,0.011128568078975868,0.00113700844622893,0.011186501494890911,0.09861215363304765,0.14246323949302003,0.0075451894562049305,10,,acrescenta
estacionário L=7,base_vs_era5,pinball_99,0.11822179631369609,0.012068335350212804,0.0012370583541419279,0.012131571682875568,0.09444391581525997,0.14199967681213221,0.007537003875644068,10,,acrescenta
estacionário L=7,full_vs_era5,rmse,0.34047429880825875,0.01942870710021106,0.0012769058287998378,0.019470622693725403,0.30231187832855694,0.37863671928796055,0.02295685669583411,10,,acrescenta
estacionário L=7,full_vs_era5,rmse_p90,0.3263533961015243,0.05800225142422601,0.00627107224374079,0.05834027354551352,0.21200645995231782,0.4407003322507308,0.04978016241737211,10,,acrescenta
estacionário L=7,full_vs_era5,rmse_p95,0.32896262181512664,0.08256853192584478,0.008315150271483577,0.08298616865735278,0.1663097312467152,0.49161551238353807,0.0643010653779092,10,,acrescenta
estacionário L=7,full_vs_era5,rmse_p99,0.3895248618849436,0.19274489271664952,0.01912241212740797,0.19369114671022827,0.009890214332896219,0.769159509436991,0.11142938445422611,10,,inconclusivo
estacionário L=7,full_vs_era5,bias_p90,0.0452488505321087,0.0833351558434681,0.016012775307161446,0.08485963217274015,-0.12107602852646199,0.21157372959067938,0.030058755884130175,10,,inconclusivo
estacionário L=7,full_vs_era5,bias_p95,0.011572856535454132,0.1154504795343582,0.02052406168707428,0.11726060861537473,-0.2182579363506803,0.2414036494215886,0.04337803574170212,10,,inconclusivo
estacionário L=7,full_vs_era5,bias_p99,0.03232135579940802,0.24015474601880704,0.023737960256989037,0.2413250770071774,-0.44067579513465965,0.5053185067334757,0.09435688598456282,10,,inconclusivo
estacionário L=7,full_vs_era5,pinball_90,0.12440365171092156,0.010502441780664144,0.0010324019035233575,0.01055306292251868,0.10371964838278495,0.14508765503905818,0.007555421431906006,10,,acrescenta
estacionário L=7,full_vs_era5,pinball_95,0.12085014273253528,0.01166269905483072,0.001166080661109045,0.01172084866175491,0.09787727935549564,0.1438230061095749,0.0075451894562049305,10,,acrescenta
estacionário L=7,full_vs_era5,pinball_99,0.11800733554982605,0.012627893591338805,0.001275447520249003,0.01269214177871824,0.0931307376635383,0.1428839334361138,0.007537003875644068,10,,acrescenta
